feature,context,disc_coef,disc_p,disc_n_ctx,rep_coef,rep_p,rep_n_ctx,disc_q,replicated
title_n,light(<=135),2.5683393251448665,2.1764673557134692e-08,282,0.18162612925798016,0.032777030303332726,810,2.4746433834462146e-05,True
five_n,light(<=135),1.5813534702713137,1.5302603221080918e-05,282,0.19659756596008054,0.040894681177115526,810,0.008699529931184502,True
title_rate,light(<=135),1.1126624094452708,4.6710236520869315e-05,163,0.17189138687829023,0.04929299984470974,627,0.01770317964140947,True
days_since_last,late_era(year>=2012),0.4573448710573908,6.917792511200559e-05,849,,,2207,0.01966382521308759,False
dec_loss_n,title,-0.9526150523217303,0.00010555443969664656,159,-0.605367265645175,0.014424436019678164,127,0.024003079587017428,True
reach,light(<=135),-0.46260880378082914,0.00028019364744161625,275,-0.1643291478470872,0.060311692352163104,806,0.05309669619018628,False
country_fights,late_era(year>=2012),-0.2818633872787659,0.0004718384760930097,1203,-0.0018979525493259721,1.0,2812,0.07664004961682172,False
five_rate,light(<=135),0.7632053806094813,0.0005512310121953065,163,0.13003178976940294,0.15428466443024297,627,0.07834370760825794,False
c_o_head_pm,title,-0.9236978588546868,0.0007356954485313823,159,-0.5503577552854343,0.012718362882211245,127,0.08635384390615083,True
c_sig_share,title,0.7811615225906936,0.0007594885128069554,159,0.6486257517392641,0.005506065711628336,127,0.08635384390615083,True
dec_loss_rate,title,-1.1063709661348236,0.0008454327886793789,114,-0.7735487569241504,0.01308485246618864,111,0.08738700733895034,True
c_body_pm,main_event,0.41497467823316675,0.000981903842104911,245,0.16031685685966207,0.17225590469398008,238,0.0893256438627354,False
d_adj_acc,main_event,0.4193202964007302,0.0010213134302687425,245,0.07440943912026227,0.5523879985099301,238,0.0893256438627354,False
d_adj_acc,title,0.5359379788053301,0.001181690980725033,159,0.39125808577011695,0.028831678145441762,127,0.092645674671404,True
c_sapm,title,-0.8639387790782384,0.0012304988337504853,159,-0.4058783566890159,0.05296297835424618,127,0.092645674671404,False
height,light(<=135),-0.42858751690769875,0.0013037210156046297,275,-0.007907532654253653,0.9274872784660625,806,0.092645674671404,False
d_o_head_pm,title,-0.8111015166469676,0.0014246364119461972,159,-0.588955683809704,0.005814430968214329,127,0.09528303531663684,True
reach,main_event,0.4278120774037373,0.0016340578362874587,244,0.10679794274239386,0.3862498676993673,237,0.10201945562831355,False
win_quality_now,five_rounds,0.4513476928244895,0.001834478186185606,171,0.15890188061485927,0.14263219562646448,262,0.10201945562831355,False
d_sig_acc,title,0.5114294058457971,0.0018631542923029014,159,0.5518415035033976,0.006401713531224395,127,0.10201945562831355,False
d_sig_share,title,0.6789555446944259,0.0020182552044474087,159,0.5968374212555622,0.007273037919242889,127,0.10201945562831355,False
sos_elo,five_rounds,0.43116086557881,0.002046991236754251,171,0.1611862723791866,0.17410656873765776,262,0.10201945562831355,False
d_sapm,title,-0.7767267980833931,0.0021018793325961885,159,-0.45195950414141817,0.027369496763934294,127,0.10201945562831355,False
c_adj_sapm,title,-0.7772583903453482,0.002153444973684719,159,-0.3400432192579982,0.07691476337915448,127,0.10201945562831355,False
c_adj_acc,title,0.48011655882760484,0.00229811142480725,159,0.42124606611142634,0.02411526200709596,127,0.10451810760023372,False
losses,title,-0.6208281460074399,0.0026335404476081413,159,-0.7607493622244704,0.003201792204496791,127,0.11516674957424833,False
c_body_pm,title,0.5311964802533902,0.0027527325857554467,159,0.06589591366477164,0.6465180489781197,127,0.11592062777792381,False
c_slpm_minus_sapm,title,0.5660900641685601,0.002856502553424626,159,0.3336611602148469,0.06916413056449136,127,0.11599440725870713,False
d_adj_acc,five_rounds,0.42211256557781957,0.003019684079516753,180,0.13047179796321862,0.2695466408554453,268,0.11839244132450165,False
d_tapm,heavy(>=205),-0.3006379816496406,0.00332467752260225,541,-0.16284301537969637,0.14466183682800507,437,0.12574896222696058,False
cage_mins,light(<=135),0.613629547489518,0.0035391088753410193,282,0.04195112735540414,0.6754082412098583,810,0.12574896222696058,False
c_stat_mins,light(<=135),0.613629547489518,0.0035391088753410193,282,0.04195112735540414,0.6754082412098583,810,0.12574896222696058,False
c_tda15,five_rounds,-0.35809833234711025,0.003707942492377977,180,-0.060735977787406394,0.5667697921616612,268,0.1267671914261729,False
d_body_pm,main_event,0.36666446238803874,0.0038494597298171615,245,0.0879371618272326,0.43392209094133194,238,0.1267671914261729,False
c_head_frac,title,-0.5625242762718957,0.0039060848204753758,159,-0.33766915852198637,0.097754763888496,127,0.1267671914261729,False
sos_now,five_rounds,0.4753255243280349,0.004013736931699406,171,0.1597701230231051,0.2247782869340732,262,0.1267671914261729,False
c_body_frac,main_event,0.3843450366845236,0.00438260259650673,245,0.18044095644922437,0.1810153372259739,238,0.13064835387104556,False
reach,heavy(>=205),0.2626841019606323,0.0044017325967222725,540,0.26020577951542084,0.005842102021386119,437,0.13064835387104556,False
title_n,heavy(>=205),-0.24502665985549615,0.004597831964153848,541,0.11239456736500786,0.21543751060880878,437,0.13064835387104556,False
d_slpm_minus_sapm,title,0.5380853614575877,0.004658617483484617,159,0.30634685356039537,0.07832212059726282,127,0.13064835387104556,False
d_td_acc,title,0.4652564333988319,0.004711154361225037,159,0.2559518016835568,0.16996942163462303,127,0.13064835387104556,False
d_o_rev15,main_event,-0.4064028513896281,0.005523088286475678,245,-0.34804271274326803,0.06251861170329422,238,0.14679762256917453,False
c_td_acc,title,0.47413838291930627,0.005557032239480565,159,0.16913867616126024,0.3508865467330321,127,0.14679762256917453,False
c_ctrl_share,late_era(year>=2012),-0.22482107009089433,0.00568082268517474,1203,,,2812,0.14679762256917453,False
d_ctrl_share,late_era(year>=2012),-0.22311501651151033,0.005818267977614036,1203,,,2812,0.14700823756771464,False
split_loss_n,title,-0.5788588875295566,0.006488852782214134,159,-0.26982703848273193,0.15355547124535943,127,0.16038751333429285,False
d_body_pm,title,0.4926469806105866,0.007390619155484701,159,0.04416118305497066,0.7553472019183564,127,0.1698540756749346,False
c_adj_acc,main_event,0.3232553784116321,0.00752457452452748,245,0.10265876785350464,0.42706835185285474,238,0.1698540756749346,False
d_body_frac,main_event,0.3536799573618898,0.007621477428126377,245,0.09764877524667077,0.4410132251845734,238,0.1698540756749346,False
c_leg_pm,title,0.438615253885515,0.007745437092298234,159,0.17470630784952376,0.24232216831842868,127,0.1698540756749346,False
over_exp_all,title,0.8376360037714715,0.007791138915407289,114,0.9011750210701808,0.00711309213684369,111,0.1698540756749346,False
c_tapm,main_event,-0.40933981122114155,0.007842362885316248,245,0.1493356884427003,0.27153516576367276,238,0.1698540756749346,False
sub_loss_rate,main_event,-0.5262549569994124,0.007917560255735737,225,-0.41845325657667454,0.06854929534475575,233,0.1698540756749346,False
c_td_acc,five_rounds,0.37468070942680304,0.008193178865506108,180,0.06896055524337719,0.5820192765005918,268,0.17031739595272558,False
c_sig_acc,title,0.4255535009148462,0.00824303349129508,159,0.5758597472868947,0.0075846116589239065,127,0.17031739595272558,False
d_rev15,heavy(>=205),-0.3024782737472651,0.008388543688084988,541,0.2535101213695459,0.06673610736892352,437,0.17031739595272558,False
wins,light(<=135),0.6972476731036029,0.008630039541136541,282,0.11068560230672651,0.33449366786199164,810,0.17071849636165595,False
c_adj_acc,five_rounds,0.35998716657762025,0.00870859524096398,180,0.19342642925877176,0.11713562879640663,268,0.17071849636165595,False
c_slpm,title,0.4618908109289854,0.008948928862633897,159,0.08206344742779516,0.6146643429985299,127,0.17245647655618204,False
dec_win_n,light(<=135),0.4840505003150057,0.01011119653996265,282,-0.10163192569536776,0.2926038334901089,810,0.18824987618778138,False
win_quality_now,title,0.42314932462146443,0.010119134499126747,114,0.20749275766877595,0.1259716527140151,111,0.18824987618778138,False
c_tapm,five_rounds,-0.4371692735700656,0.010265164752543927,180,0.13387042845758543,0.31473691905290313,268,0.18824987618778138,False
d_sig_acc,main_event,0.3209179956423754,0.010809105238001946,245,0.17665285579631795,0.1829800766457994,238,0.19507861358108275,False
title_rate,heavy(>=205),-0.2743745290698528,0.011115639971788759,374,0.1648700669118411,0.19687915126754432,339,0.19747629137380968,False
d_stat_mins,late_era(year>=2012),-0.20938316475659902,0.011555895859955359,1203,,,2812,0.20042606620649778,False
d_head_frac,title,-0.48655455567467654,0.011634230756050003,159,-0.3465078550846544,0.06443135774667792,127,0.20042606620649778,False
ape,heavy(>=205),0.24404295511570664,0.012218906747289227,540,0.2990628757098802,0.003191037556704443,437,0.2062399035623316,False
c_clinch_pm,main_event,0.3214997114309956,0.012395708956503344,245,0.13977777966577096,0.252720000516679,238,0.2062399035623316,False
c_sig_share,five_rounds,0.4415948624817628,0.012633955913384499,180,0.19112648810145216,0.1888572225604909,268,0.2062399035623316,False
d_o_sub15,five_rounds,-0.41006374726426537,0.012709950800289069,180,-0.01584649729045449,0.9160579414256284,268,0.2062399035623316,False
five_rate,heavy(>=205),-0.2596446029597249,0.013073179835288098,374,0.08083214891921575,0.4339643514939753,339,0.2062399035623316,False
c_adj_sapm,five_rounds,-0.44143300750436176,0.013233538956535814,180,-0.057217592842111004,0.6452105502400585,268,0.2062399035623316,False
d_o_rev15,five_rounds,-0.4788580840225688,0.013241436200571862,180,-0.4019852911301437,0.025375870332111684,268,0.2062399035623316,False
d_o_rev15,heavy(>=205),-0.3046964811930679,0.01348840319017102,541,0.06416165720674638,0.6423287395660897,437,0.20706564006336906,False
d_head_frac,five_rounds,-0.35733353165587517,0.013658683381488726,180,-0.1911830940098079,0.11963673237160267,268,0.20706564006336906,False
sub_loss_n,main_event,-0.2983290769712689,0.014068653734062657,245,-0.21869718807067698,0.1250521759747094,238,0.21047446441617423,False
c_o_sub15,late_era(year>=2012),-0.2024747108449913,0.014404690011635824,1203,,,2812,0.21270302004194716,False
d_td_acc,five_rounds,0.3518321275638626,0.015042481750103255,180,0.0836128650711895,0.5115107720100791,268,0.21927309935727438,False
d_sapm,main_event,-0.3779757020262831,0.015375477458886356,245,0.018142471402155667,0.8839202649196118,238,0.22129009962979476,False
ape,main_event,0.31244833536736377,0.016174621962153263,244,0.047416663488076854,0.6905776375289916,237,0.22954430433141704,False
d_dist_frac,late_era(year>=2012),0.19367723995073938,0.016763431508379122,1203,,,2812,0.22954430433141704,False
c_adj_slpm,title,0.4101349012204417,0.016911821033730127,159,0.148871001501092,0.38939582976989884,127,0.22954430433141704,False
split_loss_rate,title,-0.7775945294768141,0.016928912724862268,114,-0.3269650278277443,0.2547210264188399,111,0.22954430433141704,False
dec_loss_n,five_rounds,-0.33041088126532636,0.016958418261951654,180,-0.110847945519271,0.34083434445086164,268,0.22954430433141704,False
c_sapm,five_rounds,-0.4286398776176791,0.01729576084932242,180,-0.018853704228924576,0.8782137866563504,268,0.23041016615979465,False
c_tlpm,late_era(year>=2012),-0.19218146633928856,0.01742768187312431,1203,0.05750908662688067,1.0,2812,0.23041016615979465,False
c_head_def,title,0.4711684015508831,0.018359098971876705,159,0.6006199091409905,0.006129115485520127,127,0.23827468091970005,False
d_leg_pm,title,0.382171706025654,0.018503592401834815,159,0.21740940705652678,0.1144788450035597,127,0.23827468091970005,False
d_tda15,five_rounds,-0.29307108998049586,0.018651228321770717,180,-0.0676478972969822,0.5373962832058081,268,0.23827468091970005,False
c_head_frac,five_rounds,-0.35145408962451324,0.01917266308238868,180,-0.1510659704749677,0.24660645376911383,268,0.24221464360751033,False
d_tlpm,late_era(year>=2012),-0.18642410857659036,0.0203003129210093,1203,,,2812,0.2499552748309626,False
d_o_sub15,main_event,-0.32705088230516716,0.02070754944920497,245,-0.009582449007942525,0.9496574764770631,238,0.2499552748309626,False
n_fights,late_era(year>=2012),-0.1864879112047772,0.020776769518888287,1203,,,2812,0.2499552748309626,False
d_adj_ctrl,late_era(year>=2012),-0.18794242270793352,0.02079786414675415,1203,0.08610069610898342,1.0,2812,0.2499552748309626,False
c_rev15,heavy(>=205),-0.2686567314550794,0.020884565619121765,541,0.25672978203186836,0.04740356214420732,437,0.2499552748309626,False
title_rate,late_era(year>=2012),0.24739268825974198,0.02163185646567682,849,,,2207,0.2562023000153599,False
d_head_acc,title,0.37977774859532837,0.021871269349728703,159,0.40685095287696116,0.03958779283952137,127,0.2563673530993973,False
d_o_tda15,late_era(year>=2012),0.18166608866441114,0.02258574178910093,1203,,,2812,0.26204069810416075,False
c_slpm,main_event,0.28757123318793754,0.022907831724531806,245,0.09807212036714333,0.41702325579704436,238,0.26274007581403896,False
went_dist_n,late_era(year>=2012),-0.18778305318165264,0.023116475616115177,1203,-0.017207675477361323,1.0,2812,0.26274007581403896,False
d_head_pm,late_era(year>=2012),-0.18301291021223523,0.023339267948300737,1203,0.07781124726035454,1.0,2812,0.26274007581403896,False
losses,main_event,-0.27527968010664583,0.023947872567605777,245,-0.050188670638488586,0.6810291325086056,238,0.2660805756607393,False
d_o_body_pm,heavy(>=205),-0.23233787270069908,0.02410404511262634,541,-0.14916032638526047,0.1423302545592635,437,0.2660805756607393,False
late_early_ratio,five_rounds,0.5512437442147838,0.0246620253073921,143,-0.10654958337911559,0.462464114949506,251,0.2689763577324614,False
c_adj_ctrl,late_era(year>=2012),-0.182742464388112,0.025022182239712847,1203,,,2812,0.2689763577324614,False
c_tapm,heavy(>=205),-0.2194482500058648,0.0250760720489366,541,-0.18838207985356395,0.09369589596007448,437,0.2689763577324614,False
late_fights,light(<=135),0.42700738831065693,0.02547992271946126,282,-0.03626152996358271,0.7087865894462132,810,0.2707539451591351,False
d_adj_sapm,title,-0.492473105344933,0.025924086975692644,159,-0.3984931578045392,0.037007162280120194,127,0.27292302677187535,False
c_adj_slpm,main_event,0.285069214565008,0.026526436933270673,245,0.06159829717249426,0.6159698122757262,238,0.27670237424888766,False
c_o_ground_pm,title,-0.4963205843318014,0.027201497415646356,159,-0.5714625802906386,0.060168709689365746,127,0.27933818169686503,False
c_ground_pm,light(<=135),-0.2811079736728383,0.027429240104919195,282,0.08533047967338572,0.3266938893838144,810,0.27933818169686503,False
d_head_def,title,0.44542341856197315,0.02751616213724616,159,0.5621176407760963,0.010188874836242015,127,0.27933818169686503,False
c_tapm,title,-0.45932639413306137,0.028008951192280623,159,-0.35055739589986884,0.1119855784912416,127,0.2812455453696925,False
c_o_head_pm,five_rounds,-0.3951347850787372,0.028198761804876817,180,-0.0403025088220228,0.7514222202645721,268,0.2812455453696925,False
d_o_sig_att_pm,main_event,-0.35799349321766155,0.02893260703552066,245,-0.014962549043954417,0.9068322966037521,238,0.2855949005026407,False
fights_730,late_era(year>=2012),-0.18031098366903553,0.029137210605370556,1203,,,2812,0.2855949005026407,False
fights_365,late_era(year>=2012),-0.18085699340026895,0.029996850073941712,1203,,,2812,0.2915078507185618,False
late_fights,late_era(year>=2012),-0.17760366121185509,0.030262749909909757,1203,,,2812,0.2915995478607406,False
c_dist_frac,late_era(year>=2012),0.17524205649875374,0.031264411978358,1203,,,2812,0.29871963377641214,False
c_adj_tda,five_rounds,-0.2956981441248327,0.03210941501910177,180,-0.0850901053528638,0.45449125421290426,268,0.2998064024601562,False
c_sig_acc,main_event,0.2639739530936154,0.03212514321560078,245,0.179130801007784,0.1974991618750155,238,0.2998064024601562,False
d_o_sig_att_pm,title,-0.5445686311164815,0.032169200615777535,159,-0.46208555302964777,0.029173199029591788,127,0.2998064024601562,False
c_td15,late_era(year>=2012),-0.1768576986302826,0.03266681655227166,1203,0.07400868821300656,1.0,2812,0.30196886520270627,False
went_dist_n,light(<=135),0.3954192104939829,0.033083585941803516,282,-0.0067652580315481405,0.9436062682186525,810,0.3033551388373435,False
c_o_rev15,heavy(>=205),-0.2509825896408285,0.03380099936403353,541,0.0692656525131006,0.5937595800091366,437,0.30401988992209944,False
c_o_sig_att_pm,title,-0.5358716508786365,0.03401464284037582,159,-0.299834009420292,0.13311605005283586,127,0.30401988992209944,False
d_adj_sapm,five_rounds,-0.35581922242594094,0.0350114730878896,180,-0.09439126343429594,0.44074687941499524,268,0.30401988992209944,False
d_sapm,five_rounds,-0.36868313871894043,0.035065535555690225,180,-0.05643678371466878,0.6446547638896452,268,0.30401988992209944,False
c_kd15,light(<=135),-0.33480094570056596,0.03530790587549808,282,0.1253730072852986,0.18145545473427926,810,0.30401988992209944,False
ape,title,0.3271732971043696,0.035631757981467796,158,0.2541221064317184,0.1057210633999932,127,0.30401988992209944,False
d_head_acc,main_event,0.2654482621736811,0.035846758916771845,245,0.043747855291349,0.7350015756701547,238,0.30401988992209944,False
height,main_event,0.30885594407000133,0.03592862934488563,244,0.15974278564907257,0.26440379673157166,237,0.30401988992209944,False
d_o_ground_pm,title,-0.472608938330194,0.036150835735776654,159,-0.9821564222915408,0.003926028063603353,127,0.30401988992209944,False
d_tapm,main_event,-0.299902728209092,0.03646525081438411,245,0.09633349106040846,0.45903862273956464,238,0.30401988992209944,False
d_kd_abs15,title,-0.627081545467232,0.03653738120342159,159,-0.9380965910217417,0.0013595506025260637,127,0.30401988992209944,False
c_clinch_pm,title,0.35145432209672545,0.03694078680440488,159,0.28407009105142994,0.054521253476324395,127,0.30401988992209944,False
southpaw,title,-0.3497591220796767,0.03705273348141022,159,-0.3128835126216813,0.07505486256734865,127,0.30401988992209944,False
c_adj_kd,light(<=135),-0.325070820997451,0.03786832256694947,282,0.146214589751579,0.1322871098522899,810,0.30401988992209944,False
c_o_sub15,light(<=135),-0.34577356626343975,0.03817649616179823,282,-0.018300730877246856,0.8152283477853456,810,0.30401988992209944,False
height,late_era(year>=2012),-0.1650531332125079,0.038197647174548224,1199,,,2806,0.30401988992209944,False
d_ground_pm,light(<=135),-0.26331037184367256,0.03860815381762687,282,0.015345820559604935,0.8615339506111348,810,0.30401988992209944,False
ko_win_rate,light(<=135),-0.38099511586077317,0.03868225702697706,163,0.20558626383202427,0.04533667888563546,627,0.30401988992209944,False
d_slpm,title,0.36996473322966794,0.03897712560504461,159,0.08602626826224324,0.5881570097691577,127,0.30401988992209944,False
c_sig_share,main_event,0.29802817594402936,0.03910348472240438,245,0.16731099712369063,0.27393335420864295,238,0.30401988992209944,False
d_o_head_pm,main_event,-0.30966530459942454,0.03912578503023845,245,0.002050627825772234,0.9871203609712575,238,0.30401988992209944,False
c_stat_mins,late_era(year>=2012),-0.1682455531471761,0.039482636682379314,1203,-0.010338586798720052,1.0,2812,0.30401988992209944,False
cage_mins,late_era(year>=2012),-0.1682455531471761,0.039482636682379314,1203,-0.010338586798720052,1.0,2812,0.30401988992209944,False
ko_loss_rate,heavy(>=205),-0.22395453098561538,0.0395733893654096,374,0.04632443565395514,0.6522223941370648,339,0.30401988992209944,False
d_slpm,late_era(year>=2012),-0.1653707454284427,0.04022214425794999,1203,,,2812,0.30574736350999193,False
d_adj_slpm,title,0.3517156438081092,0.04033606378759788,159,0.15198451333909632,0.3466095157166691,127,0.30574736350999193,False
d_sig_share,main_event,0.286493708986386,0.04082338134351725,245,0.0933641594434663,0.5041293578856958,238,0.3073919509111199,False
n_fights,light(<=135),0.48872760809378135,0.04135391343063413,282,0.05006468946877444,0.6600366672103899,810,0.30838672491527835,False
title_n,late_era(year>=2012),0.20146351039234628,0.04149794979071028,1203,,,2812,0.30838672491527835,False
c_td_def,title,0.33338648467579435,0.04180438187865789,159,0.41574049215539105,0.049159082600023336,127,0.30864663763658456,False
fights_at_weight,late_era(year>=2012),-0.16381389565720073,0.04211007829482389,1199,,,2788,0.3088978001368694,False
over_exp_all,main_event,0.45658873711079556,0.042739638804675566,225,0.3283617146709245,0.15801521114520353,233,0.309530067577363,False
losses_last2,title,-0.49994830442847693,0.04286636287535725,114,-1.2236974664290836,0.00010353872672894705,111,0.309530067577363,False
losses,five_rounds,-0.28297436925296027,0.043012973330891255,180,-0.10958733486979047,0.3564454785386232,268,0.309530067577363,False
win_quality_now,main_event,0.2603532160628868,0.04414725618890031,225,0.12237847062708661,0.2849153264020191,233,0.31062196106836637,False
best_win_now,five_rounds,0.3980383117938964,0.04455535083329138,167,0.173383744245404,0.22664130474311248,262,0.31062196106836637,False
d_body_frac,five_rounds,0.29050833192045805,0.04481198608143444,180,0.019862297467822223,0.8682718163183318,268,0.31062196106836637,False
dec_loss_rate,five_rounds,-0.4384737419475452,0.04507129589713364,171,-0.252589052124977,0.16483051688007283,262,0.31062196106836637,False
five_n,heavy(>=205),-0.1683339232436919,0.04525376481151829,541,0.08062777486195617,0.32736389433014057,437,0.31062196106836637,False
d_ctrl_share,light(<=135),-0.3073128854451599,0.04529838901513238,282,-0.07024369735944118,0.40988998472749827,810,0.31062196106836637,False
dec_margin_avg,title,0.5252918386750566,0.045538257293840166,84,0.46084824182843026,0.08381485405611688,98,0.31062196106836637,False
split_loss_rate,heavy(>=205),-0.3176670048193772,0.04558977402505675,374,-0.027458111157248305,0.8811710115756953,339,0.31062196106836637,False
d_body_pm,five_rounds,0.28704916082939785,0.04562345426421916,180,-0.017722371159648205,0.8647498639015019,268,0.31062196106836637,False
split_loss_n,heavy(>=205),-0.22695134844095044,0.04600579041179695,541,0.0036639690099269985,0.9805427073513125,437,0.3113606172512686,False
split_win_rate,title,-0.4678887083974339,0.04983142660392598,114,0.24534366972171787,0.26725062765106367,111,0.33240868436647936,False
d_body_frac,heavy(>=205),-0.17594749370042312,0.04993403012074866,541,-0.02560948853701055,0.792721157269317,437,0.33240868436647936,False
wins,late_era(year>=2012),-0.1600557866438434,0.04999286282028845,1203,,,2812,0.33240868436647936,False
weight_change,heavy(>=205),0.1555939788173162,0.050387760797043414,541,-0.07581048692536856,0.34411295858810453,437,0.3330865350362695,False
c_body_frac,title,0.3403385709076191,0.051041427426253894,159,0.17067815969534034,0.3512863996393073,127,0.3354572426800617,False
c_body_pm,five_rounds,0.2739793982823599,0.05237237024541473,180,0.06223116762087027,0.5613060323497707,268,0.3391383490114899,False
sos_now,title,0.42024384941001336,0.05248179521869861,114,0.2015523000975349,0.3068717928108648,111,0.3391383490114899,False
sos_now,main_event,0.28919864891900876,0.05249634953915763,225,0.11926743040110648,0.3793681859353545,233,0.3391383490114899,False
sos_elo,title,0.3202154165497295,0.05423537124522869,114,0.3547814727495983,0.04942049512856523,111,0.347794407353382,False
c_slpm_minus_sapm,main_event,0.2460915606674864,0.054448025073792435,245,0.0680302541518821,0.5970377431387963,238,0.347794407353382,False
d_sig_share,five_rounds,0.3215383120632538,0.055870630007008974,180,0.12045662795342023,0.37120828731470634,268,0.35488774479312407,False
c_td_def,five_rounds,0.25964877784669443,0.05767313876086003,180,0.021341318694524557,0.866933239991771,268,0.3606335553730219,False
c_sapm,main_event,-0.29750222473589444,0.058012083266405466,245,0.05112490522378197,0.6778142847980442,238,0.3606335553730219,False
ko_win_n,late_era(year>=2012),-0.15392546911475777,0.05811374201966582,1203,,,2812,0.3606335553730219,False
c_o_body_pm,heavy(>=205),-0.184663398364753,0.05833270727660945,541,-0.1787367530263839,0.07388028076116909,437,0.3606335553730219,False
c_leg_pm,five_rounds,0.25251772730522365,0.05836110306828147,180,0.08998532064519521,0.3915816179352912,268,0.3606335553730219,False
d_adj_sapm,main_event,-0.2762338424797298,0.05868557880725993,245,-0.017575717624599956,0.8893152708767841,238,0.36067839515597044,False
common_score,five_rounds,0.21048255123069828,0.059949433633813755,180,0.013891083833429477,0.8729108827845573,268,0.3644185264323498,False
d_o_sub15,light(<=135),-0.2801665778018729,0.059983776333747046,282,-0.058209648251937744,0.45626034059112763,810,0.3644185264323498,False
d_sig_def,heavy(>=205),0.18097794851728902,0.06025565784457499,541,-0.07022557123763122,0.4864985074195717,437,0.3644185264323498,False
height,heavy(>=205),0.1695967036230644,0.061380913784318994,540,0.0986649837604855,0.301473370191329,437,0.36920667068130913,False
dec_loss_n,late_era(year>=2012),-0.1495382448926054,0.06191484141821195,1203,,,2812,0.36920667068130913,False
d_body_frac,title,0.33625633899130464,0.06204439856106018,159,0.09950627845327531,0.5747364232198657,127,0.36920667068130913,False
c_o_rev15,five_rounds,-0.3069248016710446,0.06234624518101263,180,-0.33548676585239035,0.052142058090052526,268,0.36920667068130913,False
d_o_head_pm,five_rounds,-0.3245579379823094,0.06304155569447346,180,-0.08675652530688703,0.48696114214587505,268,0.36922021558458235,False
c_adj_sapm,main_event,-0.28392613499486197,0.0633281814559055,245,0.02051946813248135,0.8721175587362867,238,0.36922021558458235,False
c_o_leg_pm,light(<=135),-0.2519463790141378,0.06389616789416609,282,0.0515446395128954,0.5309194729483462,810,0.36922021558458235,False
d_td_def,main_event,0.23602708606187373,0.06396396259235716,245,0.08313495439287441,0.5329911293062968,238,0.36922021558458235,False
dec_loss_n,heavy(>=205),-0.2059917611998632,0.06425371270049056,541,-0.017305027691978957,0.8817060055489327,437,0.36922021558458235,False
c_td_def,main_event,0.22787147550298498,0.06429692408596949,245,0.06940587965003778,0.6004785874715602,238,0.36922021558458235,False
best_win_elo,heavy(>=205),-0.21514676895279986,0.06490604471293247,315,0.04626298721138232,0.6698601853920649,292,0.3708450896412272,False
c_o_sig_att_pm,five_rounds,-0.34474967581514665,0.06552992454891413,180,-0.03344385797684986,0.7861863134338368,268,0.3725376210605768,False
c_ctrl_share,light(<=135),-0.28973643064894683,0.06659305179390207,282,-0.0005954917021464049,0.9943569649010437,810,0.3755910373893631,False
d_o_sub15,late_era(year>=2012),-0.1527109523423167,0.06673616250887499,1203,,,2812,0.3755910373893631,False
c_slpm_minus_sapm,five_rounds,0.2654317314902806,0.06715535777804395,180,0.04009830547374575,0.7399337804041968,268,0.3755910373893631,False
dec_win_n,late_era(year>=2012),-0.15200538958900253,0.06767686599401987,1203,,,2812,0.3755910373893631,False
avg_gap_days,title,-0.8273102867307184,0.06771870067266442,105,-0.17050416906719215,0.5007841505581621,108,0.3755910373893631,False
losses,late_era(year>=2012),-0.14445990862723446,0.06913369208811208,1203,,,2812,0.3815777082727351,False
d_o_dist_pm,title,-0.4305213109679394,0.0699194029630717,159,-0.4508046739732298,0.027170487472596334,127,0.38282733616840725,False
ko_win_n,main_event,-0.15588570615894162,0.07038600596044316,245,-0.026522176785353572,0.7663210837538168,238,0.38282733616840725,False
d_sig_att_pm,late_era(year>=2012),-0.1442769554184185,0.07074012838764268,1203,,,2812,0.38282733616840725,False
ko_loss_rate,light(<=135),0.2907033293031108,0.07082365324471178,163,0.015466884591608497,0.8790672320767214,627,0.38282733616840725,False
last_res,title,0.44379484061747176,0.0710435953663447,114,0.582527468952183,0.03573515390213629,111,0.38282733616840725,False
d_o_clinch_pm,light(<=135),0.21922599821865207,0.0728722694724056,282,0.1801499408586315,0.029166061663077128,810,0.39082910561379797,False
d_tapm,five_rounds,-0.28160123351235555,0.07331833126339549,180,0.07126197488708648,0.5793628577965557,268,0.3913753175891111,False
southpaw,heavy(>=205),-0.20043185713064954,0.07466740634131663,541,-0.0506586509178819,0.6485647174795464,437,0.39536122519459943,False
reach,five_rounds,0.26437930924425457,0.07516468560451467,179,0.09902855238507041,0.40640977375072873,267,0.39536122519459943,False
c_tda15,main_event,-0.19659227661077056,0.07535552772521674,245,-0.11435367174405488,0.3057614389652181,238,0.39536122519459943,False
h2h_score,late_era(year>=2012),0.15830992883712305,0.07545592424558319,1203,,,2812,0.39536122519459943,False
reach,title,0.2757683810675195,0.07829877200683888,158,0.22819180230495167,0.1618308631124722,127,0.4063647131397254,False
d_o_clinch_pm,five_rounds,-0.32180499287088093,0.07836987674866358,180,-0.044973840010376305,0.7322019899868895,268,0.4063647131397254,False
c_tda15,title,-0.23937807335225825,0.07918566391398021,159,0.17284898912746377,0.27336868085143073,127,0.4063647131397254,False
age_debut,late_era(year>=2012),0.14350686798153073,0.0792677633970702,1199,-0.1394426246357297,1.0,2806,0.4063647131397254,False
c_head_pm,late_era(year>=2012),-0.14226183498974002,0.07935161555030612,1203,,,2812,0.4063647131397254,False
ko_loss_2y,heavy(>=205),-0.1808543309634547,0.07970037909424693,374,0.09960414086014462,0.30915009943580485,339,0.4063647131397254,False
d_tda15,main_event,-0.19459224214876916,0.08068144315826581,245,-0.11298240284364017,0.3298129569047805,238,0.4082604763190918,False
d_adj_slpm,late_era(year>=2012),-0.14170877224964584,0.08126927383221917,1203,,,2812,0.4082604763190918,False
c_o_ground_pm,five_rounds,-0.2851302215178228,0.08128040719221895,180,0.08985996051098598,0.5769358914881624,268,0.4082604763190918,False
d_adj_sapm,heavy(>=205),-0.18065711555402691,0.08150846800741762,541,-0.3335037518383758,0.0035182529087173535,437,0.4082604763190918,False
d_td_def,title,0.2954666141805685,0.08186985036561258,159,0.25546024736569467,0.21643580440027568,127,0.4082720169548312,False
d_adj_slpm,main_event,0.21603421157556807,0.08323297894858675,245,0.049649788004781106,0.6750382532694257,238,0.410735335735088,False
d_rev15,title,-0.4467427110943023,0.08355262607186716,159,-0.9932357294753331,0.002528708098629075,127,0.410735335735088,False
d_ground_frac,late_era(year>=2012),-0.14450342929310228,0.08365841710126028,1203,,,2812,0.410735335735088,False
c_o_sub15,five_rounds,-0.2678057204248334,0.08380879321947267,180,0.07415199505658189,0.6126513235876179,268,0.410735335735088,False
split_win_n,late_era(year>=2012),-0.13972648051486627,0.08453722936938526,1203,-0.07712727162661373,1.0,2812,0.41252716649352383,False
c_sig_def,title,0.32617553446865966,0.08608541497915788,159,0.43840283692868887,0.04329413008320576,127,0.41695506840354374,False
c_adj_td,late_era(year>=2012),-0.14226836712700325,0.08617804843872716,1203,,,2812,0.41695506840354374,False
d_td_share,late_era(year>=2012),-0.13861698195221542,0.08721891571903433,1203,,,2812,0.419945436353805,False
ko_win_n,five_rounds,-0.16235055642786056,0.08753480071754774,180,-0.024951774364765155,0.7760313528978855,268,0.419945436353805,False
d_slpm_minus_sapm,main_event,0.21292981178888828,0.08843671707150015,245,0.014540818669204257,0.9038224896919602,238,0.4224193229254526,False
glicko_rd,late_era(year>=2012),0.13784749167884527,0.08906224545715012,1203,-0.04327764007691147,1.0,2812,0.4224193229254526,False
c_o_rev15,main_event,-0.2258345108427825,0.08916502858584752,245,-0.314382518605241,0.08211154249246594,238,0.4224193229254526,False
fights_at_weight,light(<=135),0.4809053909608378,0.09018345172139366,282,0.007460969390054829,0.9487972119685458,810,0.4231563997918874,False
d_td15,late_era(year>=2012),-0.1411832235616708,0.09121518829463741,1203,,,2812,0.4231563997918874,False
last_res,heavy(>=205),0.18081945757797177,0.09144232614358991,372,0.054461678606428976,0.63147535737173,335,0.4231563997918874,False
country_fights,light(<=135),0.4284541349525495,0.09187615903935392,282,0.041077037991921375,0.7280076366522215,810,0.4231563997918874,False
ko_win_rate,late_era(year>=2012),-0.16436812701284537,0.09207040203136417,849,,,2207,0.4231563997918874,False
c_td_acc,main_event,0.2033565081929782,0.09225781644324471,245,0.013530090732547965,0.9189842872336398,238,0.4231563997918874,False
c_head_def,heavy(>=205),0.16390185115562914,0.09226352082166106,541,-0.05788945925880745,0.5906624691502332,437,0.4231563997918874,False
c_leg_frac,title,0.315700298801372,0.09236846900149227,159,0.24131768962659952,0.21734645487459756,127,0.4231563997918874,False
d_sig_acc,five_rounds,0.22943782083901154,0.09273638564231515,180,0.2097467804836179,0.09527226698891489,268,0.4231563997918874,False
common_score,title,0.21414736976287135,0.09359267712903965,159,0.03906032366750797,0.7560861430205779,127,0.4231563997918874,False
elo,light(<=135),0.34045922041886634,0.09373845257603017,282,0.004055393191074658,0.9654538549903553,810,0.4231563997918874,False
sos_elo,main_event,0.20589530084161883,0.09417454926836054,225,0.12078237873429219,0.31992454362952005,233,0.4231563997918874,False
d_kd15,light(<=135),-0.23746671161639218,0.09434548127861223,282,0.06696774228210695,0.4803783794888682,810,0.4231563997918874,False
tenure_days,title,-0.25577293792754996,0.0950773375737372,159,-0.03731457441878121,0.8405490839165218,127,0.4231563997918874,False
d_td_def,five_rounds,0.23957234330177443,0.09532103345649842,180,0.029377224315952265,0.8181619532561488,268,0.4231563997918874,False
c_o_rev15,late_era(year>=2012),-0.13416162430042147,0.09541869554708404,1203,,,2812,0.4231563997918874,False
d_o_dist_pm,main_event,-0.2505443160588295,0.09564748878321466,245,-0.036960716192191684,0.7653875732249901,238,0.4231563997918874,False
d_head_def,heavy(>=205),0.1627011379381579,0.09642448438883522,541,-0.09654431049689231,0.3661614655224221,437,0.42400846495113725,False
d_o_rev15,title,-0.3775976435174611,0.09658592121578237,159,-0.5006278033605049,0.09203644672808169,127,0.42400846495113725,False
age,title,-0.29129637753619875,0.09831315068292418,158,0.058460737144268124,0.789642756938005,127,0.42705048206426105,False
c_o_head_pm,main_event,-0.25419881003856737,0.0983743959278263,245,0.037790923460710724,0.7686291103529572,238,0.42705048206426105,False
c_slpm,five_rounds,0.2360608874101389,0.09840565197962743,180,0.03383501432750376,0.7655954516821895,268,0.42705048206426105,False
d_o_clinch_pm,main_event,-0.2545320113975528,0.09930820716695968,245,-0.009010721118051535,0.9464985744562281,238,0.42898099035506504,False
d_ground_frac,light(<=135),-0.23967235909841275,0.0996806672266084,282,-0.052066196436391564,0.5411865177566777,810,0.42898099035506504,False
c_adj_slpm,five_rounds,0.23634052791280288,0.09998237681978209,180,0.011641694187040032,0.920102749378475,268,0.42898099035506504,False
d_td_acc,main_event,0.20343029579001864,0.10124042779348172,245,-0.01547537518871621,0.909601018332427,238,0.43002869267944965,False
dec_loss_n,main_event,-0.19048105981748684,0.10135013178048852,245,-0.04048885179313443,0.736693501441398,238,0.43002869267944965,False
d_o_body_pm,light(<=135),0.19378574818920466,0.10136120460694152,282,0.0419056593871796,0.6091945869708426,810,0.43002869267944965,False
common_score,main_event,0.1584252421539903,0.1031049524989196,245,0.012856107953060759,0.8900752718148555,238,0.4333377566616646,False
d_adj_kd,light(<=135),-0.23434081110183447,0.1031955171635438,282,0.09518226686893336,0.32807452046819446,810,0.4333377566616646,False
c_sig_def,heavy(>=205),0.1543335040628137,0.10328454886131143,541,-0.044516474022692085,0.6607180628974114,437,0.4333377566616646,False
win_rate_s,title,0.33088520215808626,0.10437001511442758,159,0.7251395979394611,0.0015761538422502956,127,0.43563920831881164,False
c_o_tda15,five_rounds,0.23253387181993165,0.10484849547004271,180,0.07369763247612532,0.5124268236529737,268,0.43563920831881164,False
c_o_tda15,title,0.2711145251550104,0.10498253568984556,159,-0.1247499561294768,0.4073917819318592,127,0.43563920831881164,False
ape,light(<=135),-0.20931820889040273,0.10618042129021113,275,-0.2014220509934786,0.020557433515558526,806,0.43781959809933557,False
d_tda15,late_era(year>=2012),-0.12949143860498671,0.10628811289425885,1203,,,2812,0.43781959809933557,False
h2h_score,light(<=135),4.250393482991104,0.10666317385533505,282,0.04054705926672482,0.6390326568264265,810,0.43781959809933557,False
losses,heavy(>=205),-0.1539074768203729,0.10738163320426594,541,0.0679368548921307,0.48725358412028474,437,0.4391831545080949,False
c_head_frac,late_era(year>=2012),-0.1276694520765014,0.10828151339854473,1203,,,2812,0.4412762750327791,False
c_tlpm,title,0.22768534042989472,0.10940577042268419,159,0.1805684501038191,0.28329934136830454,127,0.4421719971190693,False
best_win_elo,five_rounds,0.2259385468352709,0.10968197134135498,167,0.16497286468300795,0.1571807140284799,262,0.4421719971190693,False
split_loss_n,late_era(year>=2012),-0.12951740573807025,0.10990791278778589,1203,,,2812,0.4421719971190693,False
d_ctrl_abs_share,title,-0.31163096258764267,0.11005688230844028,159,-0.38677609736353463,0.09829688921767696,127,0.4421719971190693,False
last_ko_loss,light(<=135),0.27593845315104853,0.11047554090176263,163,-0.11032328756123357,0.3021192060287542,627,0.4422911619905075,False
c_head_acc,title,0.25018314847243717,0.11094276164411372,159,0.4576512801686108,0.0317029979991358,127,0.44260322803283264,False
win_rate_s,heavy(>=205),0.16212453542073352,0.11135182035647813,541,-0.09798552308159116,0.3963815586071555,437,0.44268188722138335,False
c_o_sig_att_pm,main_event,-0.25886057824208675,0.11183011774002322,245,0.06971081412108934,0.5823808794849412,238,0.44299126463527694,False
d_adj_tda,five_rounds,-0.21543697196511433,0.11220886914244482,180,-0.06937767118238265,0.5545390894819086,268,0.44299126463527694,False
c_adj_kd,heavy(>=205),0.1367704974667762,0.11270788269614428,541,-0.05320297415223245,0.5527634456525511,437,0.44304227302010174,False
c_head_frac,main_event,-0.21443669811754668,0.11300110745455542,245,-0.168432149830458,0.21846491117967531,238,0.44304227302010174,False
c_kd15,heavy(>=205),0.13568210412093704,0.11354606526957897,541,-0.0801016838240175,0.38374608102277274,437,0.44364905914608693,False
d_td_def,heavy(>=205),0.1674485216722831,0.11666114100135438,541,-0.05633405954363613,0.6152540742547443,437,0.4542593058854107,False
d_ctrl_abs_share,five_rounds,-0.2511590403829842,0.1176240902214505,180,0.12226829273110308,0.36999382006153636,268,0.45644570164433185,False
best_win_now,title,0.372293547768705,0.11847833872408116,112,0.5062900052991482,0.02690307602013624,110,0.4569339806694124,False
streak,title,0.16708008611913086,0.11855367132583697,159,0.2920249204486871,0.009164715590140465,127,0.4569339806694124,False
d_sig_att_pm,heavy(>=205),0.15869465760512974,0.12030924954785145,541,-0.13558164299898884,0.2647144371761899,437,0.46213384032401045,False
c_kd_abs15,title,-0.4563520689632623,0.12218143942765804,159,-1.037109388389693,0.0013285474458837041,127,0.46559217951972504,False
d_o_sig_att_pm,five_rounds,-0.2954569727505431,0.12234911443773105,180,-0.10915779761168876,0.3751980150575991,268,0.46559217951972504,False
d_kd15,heavy(>=205),0.13431750739884332,0.12243804896780806,541,-0.07201891249218995,0.4651227855221114,437,0.46559217951972504,False
c_leg_frac,five_rounds,0.23547371716447377,0.12317100199768394,180,0.08276792107319852,0.5252835102143618,268,0.4668180975712221,False
ko_loss_n,light(<=135),0.3206755516842193,0.12410539212468467,282,-0.05246415836147997,0.676411846232196,810,0.46879678021849325,False
d_o_sub15,title,-0.28563587787209677,0.12453457339495788,159,-0.30110514803187155,0.22763850812828834,127,0.4688602978479044,False
country_fights,five_rounds,-0.19140257893037085,0.12628604599244952,180,-0.016795177534420194,0.8734879942072864,268,0.47322764652320454,False
d_sapm,heavy(>=205),-0.1500704956885492,0.12652700487515758,541,-0.28517194553264225,0.011873345627044356,437,0.47322764652320454,False
days_since_last,five_rounds,-0.4209918559138612,0.12736872131217278,171,-0.09233163876038121,0.5203096303437228,262,0.4739826784488827,False
c_ground_frac,five_rounds,-0.23431471627075356,0.1276305769169994,180,0.05697124896543485,0.6371033764209343,268,0.4739826784488827,False
d_o_body_pm,main_event,-0.2278728033162055,0.12797949189428934,245,-0.08689402157302359,0.4945011474316724,238,0.4739826784488827,False
c_sapm,late_era(year>=2012),0.12516787798275147,0.1288350066754133,1203,,,2812,0.4756019564608601,False
five_rate,late_era(year>=2012),0.158633954630663,0.1305371225717095,849,,,2207,0.476742930399011,False
c_sig_acc,five_rounds,0.2064855219452293,0.13077235927748965,180,0.2581323304337875,0.05348265628432577,268,0.476742930399011,False
d_sig_def,title,0.2800830917998244,0.1309411450360933,159,0.3141773404074358,0.12917209535228635,127,0.476742930399011,False
d_head_pm,heavy(>=205),0.137627059005599,0.13117048307877827,541,-0.07456207840933535,0.49813615494151753,437,0.476742930399011,False
d_head_frac,late_era(year>=2012),-0.1196958319456417,0.13154162402053043,1203,,,2812,0.476742930399011,False
c_stat_mins,heavy(>=205),-0.1494757751313024,0.13231768545691228,541,0.07397451153112361,0.5061038156867247,437,0.476742930399011,False
cage_mins,heavy(>=205),-0.1494757751313024,0.13231768545691228,541,0.07397451153112361,0.5061038156867247,437,0.476742930399011,False
glicko_p,title,0.251350714069849,0.13311039693598295,159,0.4083556525227239,0.025088553239904728,127,0.476742930399011,False
win_rate_s,main_event,0.21817186654684184,0.13315920337105455,245,0.1704011397307108,0.2832101332914927,238,0.476742930399011,False
c_tda15,late_era(year>=2012),-0.12034960524017593,0.1333370728820453,1203,,,2812,0.476742930399011,False
c_body_frac,heavy(>=205),-0.13431522585542977,0.1339273255092034,541,-0.0056859317931569255,0.95249464639378,437,0.4772870892766914,False
c_ground_frac,late_era(year>=2012),-0.12602391306800742,0.13432882020100373,1203,,,2812,0.4772870892766914,False
last3_winrate,title,0.37514813619362664,0.13506573002907785,114,0.9396064631281366,0.001781136083490144,111,0.4784103895422477,False
c_adj_sapm,heavy(>=205),-0.15175990157997582,0.13608892656447838,541,-0.34827422863723584,0.0024530597666410454,437,0.4794123792549913,False
d_slpm,main_event,0.1842385294431899,0.13619190721140034,245,0.07141895133657807,0.5440300996587232,238,0.4794123792549913,False
c_slpm_minus_sapm,late_era(year>=2012),-0.12595757181635966,0.1374469065795446,1203,0.1674366281632619,1.0,2812,0.48233682957080926,False
c_head_frac,light(<=135),-0.21194279079351389,0.13914908637745316,282,-0.13502655059362478,0.10516578901980528,810,0.48599311971876535,False
c_slpm,late_era(year>=2012),-0.11940554659752718,0.13934367372763193,1203,,,2812,0.48599311971876535,False
d_clinch_pm,title,0.24353881974625505,0.1405965235302181,159,0.2601933583848921,0.08432531424678784,127,0.48795701937298347,False
elo_fast,light(<=135),0.28235075614296773,0.14076508562386858,282,-0.027270278950619207,0.7690458805513445,810,0.48795701937298347,False
c_o_tda15,late_era(year>=2012),0.1166517647814513,0.1420000378673912,1203,-0.0036793097112838595,1.0,2812,0.49074177220432763,False
c_head_pm,main_event,0.1837185598929282,0.14331521210029768,245,0.016814995410213394,0.8916893078499348,238,0.4921155078644513,False
d_leg_frac,title,0.273807783930093,0.14339637560618665,159,0.3325773117690228,0.061145125891059804,127,0.4921155078644513,False
sos_now,heavy(>=205),-0.16127149925974013,0.14378684707122613,374,0.048057033283123364,0.6586225377380328,339,0.4921155078644513,False
d_leg_pm,five_rounds,0.19177607802703173,0.1441288162874778,180,0.1548849629294835,0.12373795221160269,268,0.4921155078644513,False
ape,five_rounds,0.2099759107884768,0.14462760266302918,179,0.06451623428841853,0.5689116056992519,267,0.4923400725385155,False
country_fights,title,-0.2071407193491792,0.145360012245624,159,0.08644924091937546,0.6350776957364522,127,0.4931937313839091,False
southpaw,late_era(year>=2012),-0.11520733473337248,0.14649512242245905,1203,,,2812,0.4931937313839091,False
c_o_dist_pm,title,-0.3621665555870632,0.14657825916229206,159,-0.4723080930769349,0.024414950737869395,127,0.4931937313839091,False
d_o_ground_pm,five_rounds,-0.2412208681294698,0.1466134399364655,180,0.0852576045335456,0.5657634643796332,268,0.4931937313839091,False
c_head_def,five_rounds,0.2251015757317396,0.14733209498121377,180,0.21722052466822972,0.1418867033591526,268,0.4941492389192922,False
d_slpm_minus_sapm,late_era(year>=2012),-0.121407117016326,0.14838515807537397,1203,,,2812,0.4962174256814712,False
age_debut,heavy(>=205),-0.13653210273067332,0.15063135545226133,526,0.12544709117667505,0.19332391291906859,437,0.5010099414766898,False
over_exp_all,five_rounds,0.3412473044836781,0.150699560233094,171,0.38253508900679023,0.0774819542018286,262,0.5010099414766898,False
d_head_frac,light(<=135),-0.1998967618679135,0.15148698197382182,282,-0.16564588381430914,0.04652871584581696,810,0.5021594708578292,False
c_ground_frac,light(<=135),-0.21610864097338126,0.15430290780954284,282,0.0230757747677651,0.7816648791173432,810,0.5100069947077042,False
d_adj_tda,late_era(year>=2012),-0.11346029080768046,0.1558494175701957,1203,,,2812,0.5136254718182971,False
c_body_frac,light(<=135),0.20343339969965285,0.1574620600210712,282,0.09701667135786404,0.23017857640736666,810,0.5155115981562798,False
d_kd_abs15,five_rounds,-0.2809162286299632,0.15762807280092292,180,-0.11473641677482799,0.4326696643348229,268,0.5155115981562798,False
c_o_body_pm,light(<=135),0.16377953414022814,0.158414054041425,282,0.008908339751368538,0.9134819245367968,810,0.5155115981562798,False
c_td15,five_rounds,-0.17529487906803615,0.15847621709541607,180,0.0006622419621535549,0.995002339879064,268,0.5155115981562798,False
c_o_clinch_pm,light(<=135),0.17691939345717722,0.15868870655646256,282,0.20171182040406924,0.012295911866266478,810,0.5155115981562798,False
c_td_share,late_era(year>=2012),-0.11387927351832806,0.16023489012869851,1203,0.05406432759175372,1.0,2812,0.5176710912380423,False
c_o_dist_pm,main_event,-0.21687490327436865,0.16026404935425761,245,-0.0010382956258057855,0.9932335903087539,238,0.5176710912380423,False
dec_loss_rate,main_event,-0.25363568620063603,0.1611921237780734,225,-0.17286353568211327,0.3668849917642314,233,0.5191938944353243,False
c_ctrl_abs_share,five_rounds,-0.22753463501134424,0.1620378238586822,180,0.17104867273419092,0.2309483167294966,268,0.5204435190037335,False
c_head_acc,main_event,0.16972085284277075,0.16312535007525086,245,0.08464293870467211,0.5414906306775236,238,0.5224606282691837,False
d_td_abs15,heavy(>=205),-0.14972524087695888,0.16426934615562577,541,0.11979567323329132,0.26260811599134865,437,0.5238760444705863,False
d_stat_mins,light(<=135),0.20503637102043074,0.16448878441160888,282,-0.12079842061046804,0.16290083038171488,810,0.5238760444705863,False
c_adj_tda,late_era(year>=2012),-0.11083275254315168,0.16573498207197146,1203,,,2812,0.526370599485563,False
c_sig_def,five_rounds,0.21124976414319613,0.16714863416155096,180,0.1540008788037711,0.2750274668592367,268,0.5293816073584496,False
d_o_clinch_pm,heavy(>=205),-0.12675530680674107,0.16899658009036334,541,-0.10909281810032909,0.2531754127346114,437,0.5335268065423653,False
d_td15,five_rounds,-0.16722559107218826,0.1702180379768971,180,-0.024825937649361588,0.8203773694592382,268,0.5335268065423653,False
d_sig_def,five_rounds,0.20997565499505785,0.17047877050870436,180,0.08702754129286605,0.5162863596206584,268,0.5335268065423653,False
c_ground_pm,title,0.20784332170475117,0.17079869026794714,159,0.27480886337633,0.08391794921647354,127,0.5335268065423653,False
best_win_elo,title,0.22324194246590445,0.17080365662394104,112,0.42708301982633406,0.016165499763191676,110,0.5335268065423653,False
c_o_clinch_pm,five_rounds,-0.24728707402742278,0.1719602354744974,180,-0.05530611910658212,0.6952760611576124,268,0.5356679116013796,False
d_ground_pm,title,0.2075901352216436,0.1728059724950446,159,0.2722064535554191,0.08471190036305903,127,0.5368316686526385,False
avg_gap_days,heavy(>=205),0.19171109637688802,0.17439409185234322,274,0.13043654501706037,0.30645391184584114,270,0.5402890529594393,False
late_fights,heavy(>=205),-0.1394964174786006,0.1753500274073167,541,0.10725265048170203,0.36864172021882424,437,0.5415173543328182,False
d_body_frac,light(<=135),0.18904951968135159,0.17574309916342123,282,0.12404756779391145,0.12618393937897557,810,0.5415173543328182,False
late_fights,five_rounds,-0.16287017021850977,0.1766683510450284,180,0.0009232517011559675,0.9927695493315041,268,0.5428970679410737,False
c_o_sub15,main_event,-0.18591566178892702,0.18083794846308537,245,0.03935372715149394,0.7924045624577543,238,0.5503550903976431,False
over_exp_all,heavy(>=205),0.16712699243568926,0.18113486620573455,372,-0.049237459317113014,0.7056186615823692,335,0.5503550903976431,False
c_sig_att_pm,heavy(>=205),0.12811514355845022,0.18125945672296662,541,-0.10736190912004064,0.3755912342254113,437,0.5503550903976431,False
avg_mins,light(<=135),0.19550322626375677,0.1813670231029752,163,-0.1563776420239208,0.0984983697799297,627,0.5503550903976431,False
c_ground_pm,late_era(year>=2012),-0.11007208382690098,0.1817713944389021,1203,0.1009245203508697,1.0,2812,0.5503550903976431,False
split_loss_n,five_rounds,-0.1833677136554642,0.18256057889795668,180,-0.17397539032552412,0.1234363785568103,268,0.5503550903976431,False
best_win_now,heavy(>=205),-0.1711715076901766,0.18288986825814266,315,-0.035730748240833166,0.7594890972457057,292,0.5503550903976431,False
d_adj_def,light(<=135),-0.18911991899820527,0.18340611531265513,282,0.04355295038111715,0.6033036764554265,810,0.5503550903976431,False
d_adj_kd,heavy(>=205),0.11438709808012314,0.18380337984021208,541,-0.05856091702992636,0.5294143649628793,437,0.5503550903976431,False
d_slpm_minus_sapm,five_rounds,0.18890483209479397,0.18393573821557113,180,-0.002710313848920639,0.9811073794846552,268,0.5503550903976431,False
d_head_frac,heavy(>=205),0.11869658243945289,0.18733614342727728,541,0.04549814449790469,0.6604591625337756,437,0.5590582547947881,False
dec_margin_avg,five_rounds,0.26585507365173155,0.1884726298765045,135,0.0728790475627401,0.6397994569368147,229,0.5609774349989153,False
tenure_days,light(<=135),0.2719986841508046,0.19051161329061322,282,0.025378907136975867,0.8154152916864407,810,0.5655658076016378,False
d_o_leg_pm,light(<=135),-0.17180924378753565,0.1927536921670403,282,0.08190535841708876,0.3183016251344061,810,0.5694845739741808,False
glicko_p,main_event,0.15915953735824817,0.19283338696575164,245,0.019358736745321983,0.8846188015698024,238,0.5694845739741808,False
d_tapm,title,-0.2375667104664127,0.1942597471441507,159,-0.45632593217713013,0.039493975483936586,127,0.5712960805935274,False
c_o_leg_pm,title,-0.2632418727656959,0.19445170025478903,159,-0.2877767632915966,0.17242700341580275,127,0.5712960805935274,False
last_ko_loss,heavy(>=205),-0.13789803890643962,0.19566708706293703,374,-0.03044179476407183,0.7660169018396701,339,0.5733010663134258,False
losses_last2,heavy(>=205),-0.14107111304564027,0.19614258117495395,374,0.03705027906028697,0.7427541147410675,339,0.5733010663134258,False
d_ground_pm,late_era(year>=2012),-0.10526338240944332,0.19756966229992795,1203,,,2812,0.5749656512492721,False
c_body_frac,five_rounds,0.18584578790166875,0.19784864474492675,180,0.11071614243621308,0.3784382725486203,268,0.5749656512492721,False
c_dist_frac,five_rounds,0.19516396645444478,0.19845128870403764,180,-0.11742057393807585,0.3321656058446332,268,0.5749656512492721,False
wins,five_rounds,-0.13824476960096457,0.19873482932362702,180,-0.028370265467608208,0.760488714481481,268,0.5749656512492721,False
sub_win_rate,late_era(year>=2012),0.12331559859465538,0.1997747412708937,849,,,2207,0.5763393232213484,False
c_kd_share,heavy(>=205),0.11942134823771776,0.20022342363450538,541,-0.024814262615166404,0.8125646907633177,437,0.5763393232213484,False
d_tda15,title,-0.17747008641565395,0.2025579471677753,159,0.09922863522061788,0.5371050625465945,127,0.5815868331559609,False
days_since_last,title,-0.5018419324355418,0.20338715156592055,114,0.08987125275491221,0.5756576589487539,111,0.5824967036031528,False
c_rev15,late_era(year>=2012),-0.10400549698699746,0.20393680633799427,1203,,,2812,0.5826033889605514,False
glicko_p,heavy(>=205),0.1316451429068398,0.20459282838719225,541,-0.10351202291167579,0.32301396070476684,437,0.5830126463063598,False
d_head_def,five_rounds,0.19755781800051897,0.20619130891606965,180,0.21600073286323065,0.13584014430295094,268,0.583611066037182,False
d_td_abs15,late_era(year>=2012),0.10244564987244577,0.20686190637660834,1203,-0.022725652976809892,1.0,2812,0.583611066037182,False
d_dist_frac,five_rounds,0.18108851023144162,0.207049833328075,180,-0.08679035649551102,0.44770335557635066,268,0.583611066037182,False
split_loss_rate,five_rounds,-0.31669046165469744,0.20733636427980653,171,-0.30006971526634646,0.08891268145378477,262,0.583611066037182,False
glicko,title,0.21914158506751977,0.20785242604445042,159,0.5259137796587272,0.010255213581953023,127,0.583611066037182,False
c_head_def,light(<=135),-0.1768062693626415,0.20788256969662158,282,-0.023625903338363827,0.7766209530895938,810,0.583611066037182,False
n_fights,five_rounds,-0.14844190533764967,0.20888913381653987,180,-0.02768062384274262,0.7873162890723353,268,0.5847749706966008,False
c_adj_tda,title,-0.19388265510799232,0.20941184420556283,159,0.17584658294037456,0.29424193046672753,127,0.5847749706966008,False
d_td_abs15,main_event,-0.1791699833878798,0.21019899913080659,245,0.09755710723395067,0.4677260716204268,238,0.5847749706966008,False
d_leg_pm,light(<=135),0.18806538569711936,0.21035440898408944,282,0.07281809063288879,0.36739791767074637,810,0.5847749706966008,False
split_win_n,title,-0.22071499169715345,0.21216151230379246,159,0.3548120711845454,0.09178939055849718,127,0.588360096315639,False
d_o_tda15,light(<=135),0.19621891324277482,0.2127463891419484,282,0.051016727149501784,0.5372684398680265,810,0.5885465801810106,False
elo_mov,light(<=135),0.2551662511601767,0.21375423484728145,282,0.06506155263054057,0.489740617799155,810,0.5898994296634927,False
selo_strike,heavy(>=205),-0.1162046176821946,0.21528646104658392,541,0.024958101682097587,0.8023103304164194,437,0.5914811115004501,False
late_fights,title,-0.19947090346374696,0.21586528507512123,159,0.07589438109254107,0.6486218770025036,127,0.5914811115004501,False
d_clinch_pm,main_event,0.15342458811109352,0.21633805134836975,245,0.08791688906302547,0.44659576270303136,238,0.5914811115004501,False
d_o_leg_pm,title,-0.243082621701408,0.21714067216793678,159,-0.15242778337710408,0.4272452120746507,127,0.5914811115004501,False
d_adj_td,late_era(year>=2012),-0.10323780045406568,0.21724674140106043,1203,,,2812,0.5914811115004501,False
switch,light(<=135),-2.3638346350058437,0.2174486408154689,282,0.08345559215355489,0.30476117992842827,810,0.5914811115004501,False
title_n,main_event,-0.10755587644097148,0.21937397099965347,245,0.04847795059486829,0.5273440498514614,238,0.5952940454095609,False
d_ground_pm,main_event,0.14151767594949718,0.22028540539866878,245,-0.020095567979714082,0.8555110697436358,238,0.5963440617578247,False
late_early_ratio,light(<=135),-0.2835257188990785,0.2208906312327172,114,0.07995983238460552,0.5027697119598982,523,0.596562108578621,False
c_head_def,late_era(year>=2012),-0.09978686804853942,0.2222842283369826,1203,,,2812,0.5989032408036712,False
d_clinch_pm,late_era(year>=2012),-0.09651708079758675,0.22343914821093688,1203,,,2812,0.5993852917934668,False
d_o_ground_pm,late_era(year>=2012),0.09932681906861535,0.22378541114902398,1203,,,2812,0.5993852917934668,False
debut,late_era(year>=2012),0.0998616056624177,0.22404463413564063,1203,,,2812,0.5993852917934668,False
over_exp_last3,title,0.28721623105193234,0.22494992949002332,114,0.7884211022936325,0.005385199042045162,111,0.6003945301177384,False
losses_last2,five_rounds,-0.2207461795622202,0.22695055813294762,171,-0.1264898827896797,0.32708640199398703,262,0.6039974084248454,False
c_clinch_pm,late_era(year>=2012),-0.09629626075885009,0.22736226104294968,1203,,,2812,0.6039974084248454,False
d_head_frac,main_event,-0.1556984233976836,0.2288768637667341,245,-0.21287170153924567,0.09881346045211595,238,0.6063444242966468,False
c_o_body_pm,late_era(year>=2012),0.09636744766724803,0.22931231525730705,1203,,,2812,0.6063444242966468,False
elo_tuned,title,0.1965959901286686,0.23057681643639397,159,0.48450138927460307,0.0076959384220136404,127,0.6069347492347966,False
c_adj_td,heavy(>=205),-0.1168889255805321,0.23108145738798205,541,-0.012010585289164231,0.9036334125967428,437,0.6069347492347966,False
c_leg_frac,late_era(year>=2012),0.09470735654524964,0.23118237448608558,1203,,,2812,0.6069347492347966,False
c_clinch_frac,main_event,0.17628484826814486,0.23167078378883177,245,0.11177104662623223,0.421842000994493,238,0.6069347492347966,False
best_win_now,main_event,0.1994661803069766,0.23448322709351932,221,0.1264323220205313,0.39531043312291836,233,0.6115531084712658,False
d_head_def,light(<=135),-0.16158858294433015,0.2346879861431266,282,0.005029785698072987,0.9526643399052901,810,0.6115531084712658,False
went_dist_n,heavy(>=205),-0.13135950909856595,0.23600564106063657,541,0.026600499344901763,0.8408643027491378,437,0.6115531084712658,False
c_sig_att_pm,late_era(year>=2012),-0.09443555867554858,0.2364002004294639,1203,0.036341242077627484,1.0,2812,0.6115531084712658,False
d_o_rev15,late_era(year>=2012),-0.09671504093271135,0.23655813721890354,1203,,,2812,0.6115531084712658,False
split_win_rate,main_event,-0.1772398513109099,0.23666083353329545,225,0.021663838378041762,0.8890077063495575,233,0.6115531084712658,False
d_adj_ctrl,light(<=135),-0.1741987916419084,0.23832597964748725,282,-0.058712719380760746,0.4901802392418776,810,0.6144594985469229,False
d_kd_abs15,main_event,-0.1781995585396413,0.2393643049038231,245,-0.09830339048307592,0.5033767235961231,238,0.6154569492589551,False
d_adj_slpm,five_rounds,0.16607514834207626,0.24069768741893993,180,0.0003717281097015646,0.99736351213954,268,0.6154569492589551,False
c_leg_pm,light(<=135),0.1819390794696064,0.24085081611509573,282,0.06069157449639143,0.4546207160634378,810,0.6154569492589551,False
glicko,heavy(>=205),0.12325113086463528,0.24087804962201848,541,-0.0849404541458094,0.4250833602957329,437,0.6154569492589551,False
d_slpm,heavy(>=205),0.10954250808436174,0.24240495482155772,541,-0.11727018031080105,0.2947670725115588,437,0.616429950066817,False
glicko_p,five_rounds,0.16237408704968653,0.24279140842252134,180,0.06512117864826368,0.6025659844326645,268,0.616429950066817,False
d_td15,light(<=135),-0.17168595150251675,0.24320855807737318,282,-0.05842454352733693,0.48966448633440207,810,0.616429950066817,False
streak,light(<=135),0.20493602954381732,0.24342748248021182,282,-0.1505862131514877,0.09638082851036621,810,0.616429950066817,False
southpaw,light(<=135),-0.15095493460103598,0.24456148001770459,282,-0.2386087879323912,0.008006276553562792,810,0.6170013885556488,False
c_ctrl_abs_share,title,-0.22191882845484148,0.24530596361982243,159,-0.3149180275616029,0.1723325550117023,127,0.6170013885556488,False
c_adj_slpm,late_era(year>=2012),-0.09464829546108261,0.24562136333613455,1203,,,2812,0.6170013885556488,False
last_ko_loss,title,-0.3972359703641914,0.24600329821406036,114,-0.5524100244603863,0.10093390354621393,111,0.6170013885556488,False
tenure_days,main_event,-0.12087075420765181,0.24644723302688754,245,0.007450491471395658,0.9473879189343622,238,0.6170013885556488,False
country_fights,main_event,-0.12579111496855253,0.2469090868890239,245,0.03672311820622797,0.7370311772366194,238,0.6170013885556488,False
c_clinch_pm,five_rounds,0.16781420868033148,0.247895095797528,180,0.0955923300854136,0.4033599358123471,268,0.6181068507056784,False
d_o_body_pm,five_rounds,-0.18916290631851812,0.24860843564854668,180,-0.11846307022759649,0.33941494142243295,268,0.6185290838783317,False
height,five_rounds,0.18880901983655365,0.2538390491505964,179,0.09178474427729572,0.48600967179159893,267,0.628221526370083,False
d_kd_share,heavy(>=205),0.10556142218920346,0.2541247640845399,541,-0.08770668071019473,0.382492886070652,437,0.628221526370083,False
c_kd_abs15,main_event,-0.17655531685932765,0.2541617432983625,245,-0.16691322380772436,0.296425742158989,238,0.628221526370083,False
d_leg_frac,five_rounds,0.1688334234116979,0.2566842891009017,180,0.22740407559818665,0.06449481746758304,268,0.632805343678765,False
d_td_acc,light(<=135),-0.15113697824890193,0.25712934809110766,282,0.02199559709988339,0.7838596871255952,810,0.632805343678765,False
c_sub15,five_rounds,-0.16519442497946354,0.2584891115561614,180,0.005917134754589454,0.9605230661667736,268,0.6343702424124641,False
elo_mov,five_rounds,-0.11922475917029247,0.2588810839748314,180,-0.0906325035816986,0.3374248771133714,268,0.6343702424124641,False
last_res,late_era(year>=2012),-0.10885684568462223,0.26129506343342046,846,,,2200,0.6375674061601877,False
sub_win_n,five_rounds,-0.1254331856237321,0.26173243951599773,180,-0.07715085326853925,0.3980576271619539,268,0.6375674061601877,False
c_td15,heavy(>=205),-0.10822139655984678,0.2618680551247209,541,-0.0018124430735184335,0.985276990884179,437,0.6375674061601877,False
elo_tuned,main_event,0.1411408898969828,0.262868996832761,245,0.12268878413728136,0.3736381864355727,238,0.6385710628078838,False
d_td15,main_event,-0.12219527612710458,0.2634035430579573,245,-0.1054921679858748,0.3580461163045736,238,0.6385710628078838,False
h2h_score,five_rounds,0.091271334004764,0.2651379567852779,180,0.012978764364439805,0.8747663419014999,268,0.6391456395816472,False
selo_grapple,light(<=135),0.21539051933253744,0.26519960064249337,282,0.07801995150711542,0.40884165353327484,810,0.6391456395816472,False
n_fights,heavy(>=205),-0.1029272537172792,0.2653269497647647,541,0.0024615209743789317,0.9799161200815867,437,0.6391456395816472,False
d_body_pm,late_era(year>=2012),-0.08833264482339113,0.26919880458520506,1203,,,2812,0.6432442400004978,False
c_head_pm,light(<=135),-0.1457466896233944,0.26924951712144624,282,-0.005917759591852064,0.9424468217956904,810,0.6432442400004978,False
c_body_pm,late_era(year>=2012),-0.08827808191029234,0.26953687747336186,1203,,,2812,0.6432442400004978,False
n_fights,main_event,-0.11838607609571791,0.26982558216400576,245,0.01360869270393127,0.8973842506936742,238,0.6432442400004978,False
d_sig_def,light(<=135),-0.15134233083632972,0.2698570822165677,282,-0.028505914143645214,0.7339358842434409,810,0.6432442400004978,False
age,main_event,-0.15009850783765766,0.2713352727750231,244,0.11243603765744382,0.4257686997639899,237,0.6454146551154838,False
c_rev15,main_event,0.16351488120033064,0.27349961177995397,245,-0.27753358015982676,0.11495199514170773,238,0.6492047152271558,False
c_o_sub15,title,-0.19514894253897255,0.2742247804759384,159,-0.0703286786956232,0.7576242668504166,127,0.6495699487523791,False
worst_loss_elo,light(<=135),0.3660940293146926,0.27543776504988526,93,0.10751979548147646,0.3958338947010339,411,0.6510867751802901,False
c_sapm,heavy(>=205),-0.10267173826155578,0.27739576945207933,541,-0.3157284473780714,0.00468955598435741,437,0.6534211574220837,False
d_tlpm,title,0.16203530616290673,0.2775746869260039,159,0.2565507883899329,0.12917191638143535,127,0.6534211574220837,False
d_adj_td,heavy(>=205),-0.10744505307997218,0.27816660698790807,541,0.006392608646744365,0.9488880075009845,437,0.6534616366637428,False
elo_tuned,heavy(>=205),0.11301123333984732,0.2803805461670453,541,-0.06338872714988145,0.5609971656091552,437,0.6549667784898098,False
streak,main_event,0.09747204077255245,0.2805162709855401,245,0.11083943944518325,0.23072313178259493,238,0.6549667784898098,False
n_fights,title,-0.1698862149146868,0.280899219877479,159,0.005059283566703914,0.9789010763640011,127,0.6549667784898098,False
c_sig_att_pm,main_event,0.1367672553064209,0.2812751281712046,245,0.045389063965116876,0.7153597893240727,238,0.6549667784898098,False
glicko,main_event,0.1371483132379638,0.2826434046977754,245,0.08361778409913903,0.57138967303341,238,0.6549667784898098,False
selo_grapple,late_era(year>=2012),-0.08979080107258929,0.28272315970306805,1203,0.10263782220526528,1.0,2812,0.6549667784898098,False
d_o_leg_pm,five_rounds,-0.17562459507966874,0.2830682127079511,180,0.11063074652550786,0.3540340271427507,268,0.6549667784898098,False
d_tapm,late_era(year>=2012),-0.08915531986790813,0.28341570362092033,1203,,,2812,0.6549667784898098,False
c_td_def,late_era(year>=2012),0.08664998833141045,0.2855577581786841,1203,,,2812,0.6583101900611668,False
win_quality_now,heavy(>=205),-0.12602149265833712,0.28697587271135205,374,0.07724620689393771,0.5013908668054539,339,0.6583101900611668,False
debut,five_rounds,0.3752454772158669,0.2873799696459857,180,-0.17081111057398385,0.633120707193406,268,0.6583101900611668,False
c_adj_sapm,late_era(year>=2012),0.0890026050057328,0.28744622721642,1203,-0.12254297770920697,1.0,2812,0.6583101900611668,False
d_dist_pm,heavy(>=205),0.10401000477954872,0.288118796491194,541,-0.20048324819056232,0.09165793671992696,437,0.6583101900611668,False
late_fights,main_event,-0.11308888010128919,0.28931072776485756,245,0.07599531194419917,0.4801320427265633,238,0.6583101900611668,False
c_adj_tda,main_event,-0.13067234106291617,0.28946527318425386,245,-0.15907323330387516,0.18428695830796968,238,0.6583101900611668,False
elo_new,heavy(>=205),0.10845431026320007,0.2899905812283215,541,-0.08566446355233752,0.43082002210575854,437,0.6583101900611668,False
d_kd_share,title,0.15591572767873016,0.29007335551507873,159,0.3239091124936861,0.07271645538611556,127,0.6583101900611668,False
sub_loss_n,five_rounds,-0.14988991984196923,0.2913995631456948,180,-0.21333926252056518,0.12436504764998633,268,0.6593791082060748,False
d_ground_frac,five_rounds,-0.15809896672013166,0.291704214096443,180,0.055465531298770375,0.6354255730092095,268,0.6593791082060748,False
c_td_acc,light(<=135),-0.14030521313599886,0.2943916396226444,282,0.07502245202838499,0.352775187105298,810,0.663984797404265,False
ko_win_rate,five_rounds,-0.1421227279341442,0.29509426902128333,171,-0.02264604909332529,0.8450967138086068,262,0.663984797404265,False
c_ground_frac,heavy(>=205),-0.0966236010945366,0.29549367413065797,541,0.09608021910610277,0.3246926813765033,437,0.663984797404265,False
fights_730,heavy(>=205),-0.10669125824159102,0.2961711886139801,541,-0.10792809924662322,0.2617786367477697,437,0.664194559081056,False
c_o_leg_pm,five_rounds,-0.17222728841251025,0.29875843828181053,180,0.035947615100121406,0.7867340011849681,268,0.6686778431622413,False
d_clinch_frac,late_era(year>=2012),-0.08303409522745965,0.300353149108408,1203,,,2812,0.6699211317862311,False
switch,main_event,-0.139026911183603,0.30049232824184513,245,0.38855455386179566,0.01600681327889321,238,0.6699211317862311,False
over_exp_all,light(<=135),-0.16197236347018346,0.30112064420068985,161,-0.13236127024187605,0.14527991379953809,627,0.6700081652762903,False
c_o_head_pm,late_era(year>=2012),0.0848010886156664,0.3024270667554042,1203,,,2812,0.6714385254216124,False
age,heavy(>=205),-0.09524872985088347,0.3038255567683572,526,0.15118952244135886,0.12011053718664123,437,0.6714385254216124,False
five_n,late_era(year>=2012),0.09360597532748637,0.3042882004769766,1203,,,2812,0.6714385254216124,False
d_clinch_frac,light(<=135),0.15207408260233546,0.3046235105347461,282,0.11406941335656565,0.15390153747553673,810,0.6714385254216124,False
last_ko_loss,late_era(year>=2012),-0.09876145571226627,0.30490794763805434,849,,,2207,0.6714385254216124,False
d_sapm,late_era(year>=2012),0.08473453779387459,0.30544197180057875,1203,,,2812,0.6714385254216124,False
c_sig_share,light(<=135),-0.13805262636698726,0.30589723497660093,282,0.0017410350852401608,0.984069538240975,810,0.6714385254216124,False
avg_gap_days,main_event,-0.21950820843694133,0.3073628834053629,208,0.014836269220661542,0.9279409980439141,231,0.671501586817228,False
d_o_rev15,light(<=135),-0.12301743449709253,0.30766221026531826,282,-0.16696896411866505,0.03161780062051527,810,0.671501586817228,False
d_head_def,late_era(year>=2012),-0.08324604233111503,0.30769773679135953,1203,0.1280010135147264,1.0,2812,0.671501586817228,False
finish_win_share,five_rounds,-0.20051262006186205,0.3090117082017239,167,-0.02853813978229852,0.8709702225158965,262,0.6730772264853642,False
d_o_body_pm,late_era(year>=2012),0.08166592232177483,0.30996766443492474,1203,,,2812,0.6738685171367292,False
c_sig_def,light(<=135),-0.14118415937739592,0.31059826945945235,282,-0.043680621527199356,0.5972435321583279,810,0.673950825143888,False
c_adj_ctrl,light(<=135),-0.15359110967405282,0.31261094513432836,282,0.0015016312135556727,0.985740667278127,810,0.6770259897480596,False
selo_sub,late_era(year>=2012),0.07957421534292247,0.31430918640104116,1203,0.05037568141730452,1.0,2812,0.6788466101885351,False
c_adj_def,light(<=135),-0.1489890839319974,0.3146457023477203,282,0.028623825990233092,0.7299050372490534,810,0.6788466101885351,False
c_sub15,late_era(year>=2012),-0.08161579454173919,0.3160211451061168,1203,,,2812,0.6795353610027,False
ape,late_era(year>=2012),0.08027486541562354,0.3164189252659472,1199,,,2806,0.6795353610027,False
d_sig_share,heavy(>=205),0.09351568776473504,0.31735493527309583,541,0.08062259588966683,0.4466026916087448,437,0.6795353610027,False
selo_strike,light(<=135),0.19253511447262503,0.31756835666072686,282,0.06479970058255209,0.49535688999523286,810,0.6795353610027,False
c_ground_frac,main_event,-0.12913512984369296,0.3179532208033741,245,-0.01891332792355704,0.8812932273378052,238,0.6795353610027,False
tenure_days,late_era(year>=2012),-0.07833419177284597,0.3216394882180853,1203,-0.06350365669440128,1.0,2812,0.6827950887462715,False
c_td_def,heavy(>=205),0.10013016231672005,0.32166963162317486,541,-0.09095822509328665,0.39548042821183915,437,0.6827950887462715,False
streak,heavy(>=205),0.09016209700424965,0.3217599337353277,541,-0.04341094268256753,0.6733517796261506,437,0.6827950887462715,False
c_adj_tda,heavy(>=205),-0.1000276498481514,0.32188053436059944,541,-0.06441115001058925,0.5390336514990429,437,0.6827950887462715,False
d_ctrl_share,five_rounds,-0.12602560096297588,0.3229524914440794,180,0.02951893148027872,0.7934815294748643,268,0.6837932640072966,False
c_dist_pm,title,0.1545014249016984,0.3238679960992021,159,-0.1841832837198292,0.23604643494047425,127,0.6844570846929233,False
c_head_pm,title,0.15703925336706948,0.3266760454076738,159,0.002654632426685438,0.9878218161266626,127,0.687983150135086,False
c_clinch_frac,light(<=135),0.14900809089468034,0.32674661483988254,282,0.10840832557609556,0.1735652974168761,810,0.687983150135086,False
c_o_clinch_pm,title,-0.2254972943256924,0.3283308868849261,159,0.18419445519377572,0.4028523588260836,127,0.6900410691093549,False
d_adj_tda,heavy(>=205),-0.09950938718065427,0.32960583477394245,541,-0.022499053968906155,0.829629711346255,437,0.6905670040202331,False
late_early_ratio,main_event,0.20008750660235047,0.3297958515241746,190,-0.05028672371597666,0.7322705870758041,223,0.6905670040202331,False
d_o_clinch_pm,title,-0.2270557638981599,0.33485200872077586,159,0.08145148088337244,0.6928577510029119,127,0.6980253356072534,False
sub_loss_n,title,-0.1761107014470503,0.3355484554102016,159,-0.4721614543865137,0.06032008212115195,127,0.6980253356072534,False
d_sig_share,light(<=135),-0.12724135955158297,0.3362573738118602,282,-0.017890265934492,0.8396547874147346,810,0.6980253356072534,False
c_ground_frac,title,-0.16857793989471073,0.33685428922338684,159,0.1970078941926218,0.2579615069322939,127,0.6980253356072534,False
c_stat_mins,main_event,-0.095312101756713,0.33787711772483703,245,0.06610348329045554,0.5036263636349021,238,0.6980253356072534,False
cage_mins,main_event,-0.095312101756713,0.33787711772483703,245,0.06610348329045554,0.5036263636349021,238,0.6980253356072534,False
c_o_body_pm,five_rounds,-0.15217172239318696,0.3380610902517855,180,-0.06190123410373536,0.618242591514519,268,0.6980253356072534,False
selo_sub,heavy(>=205),-0.08987558251878186,0.33906059635738084,541,-0.0612330925281026,0.5693511537686071,437,0.6980253356072534,False
d_dist_pm,late_era(year>=2012),-0.0771967635964953,0.3394805757718423,1203,,,2812,0.6980253356072534,False
c_sub15,light(<=135),-0.15111406538559455,0.34047297102950874,282,0.04386869327289139,0.5969835815870157,810,0.6980253356072534,False
split_win_rate,late_era(year>=2012),-0.09072520569030769,0.3412631980504512,849,-0.07519078952531688,1.0,2207,0.6980253356072534,False
d_tda15,heavy(>=205),-0.09805988932372887,0.34169777947616076,541,-0.01841498330651896,0.8575523202681231,437,0.6980253356072534,False
d_adj_def,five_rounds,0.13898097083838618,0.34174297295261397,180,0.08601311979630089,0.508448426695375,268,0.6980253356072534,False
selo_kd,heavy(>=205),0.08361544834505917,0.3427714842309697,541,-0.015385397296955356,0.8716447070164535,437,0.6980253356072534,False
d_td_acc,late_era(year>=2012),-0.0770610540046972,0.34443509421324336,1203,,,2812,0.6980253356072534,False
c_head_frac,heavy(>=205),0.08605190364643966,0.34459741798981003,541,0.03791484864946127,0.710458034563515,437,0.6980253356072534,False
d_td_share,light(<=135),-0.13234157175930983,0.3452833319430697,282,-0.05383329871146135,0.5333735552452675,810,0.6980253356072534,False
ko_loss_2y,light(<=135),0.17829454989478474,0.3461647875121393,163,-0.09582694824084947,0.4053787453995409,627,0.6980253356072534,False
d_slpm,five_rounds,0.13264560976238443,0.3464480716290318,180,0.0006609070999640507,0.9952368540172912,268,0.6980253356072534,False
d_dist_frac,light(<=135),0.1334472867651446,0.3467228396984564,282,-0.027231468823804627,0.743749195203778,810,0.6980253356072534,False
d_ctrl_abs_share,heavy(>=205),-0.09382800283162535,0.34734438002853674,541,0.1658215899269771,0.09934630247744329,437,0.6980253356072534,False
d_ctrl_abs_share,main_event,-0.12501577481033743,0.3487318494951075,245,0.13678286193194314,0.3338524895306602,238,0.6980253356072534,False
c_stat_mins,five_rounds,-0.102538303958762,0.3488331839945126,180,0.012600523094085386,0.8933711000363787,268,0.6980253356072534,False
cage_mins,five_rounds,-0.102538303958762,0.3488331839945126,180,0.012600523094085386,0.8933711000363787,268,0.6980253356072534,False
split_win_n,light(<=135),0.12149999616248136,0.34945651194108285,282,0.009107610675410034,0.9209496528854084,810,0.6980253356072534,False
wins,main_event,-0.09273657113462225,0.34960744233027985,245,0.0019855010541603418,0.9834929107241315,238,0.6980253356072534,False
glicko_rd,five_rounds,0.16809602429786483,0.3500041634473442,180,-0.0752458107521367,0.7206630992529881,268,0.6980253356072534,False
c_td_acc,late_era(year>=2012),-0.07576968140597883,0.3505474640560613,1203,0.006389802404305672,1.0,2812,0.6980253356072534,False
d_rev15,five_rounds,-0.1944324032427078,0.3516858447413288,180,-0.3855837282779584,0.024674561686177293,268,0.6990678417323266,False
d_body_pm,light(<=135),0.12085882230348663,0.35241839858267454,282,0.11218128973322454,0.15973389081966402,810,0.6993014296483437,False
c_o_tda15,main_event,0.11668151620539279,0.3565095884900119,245,0.15309508534899308,0.21840661045509158,238,0.704116548566373,False
d_o_head_pm,heavy(>=205),-0.08847260008326538,0.35672124024331,541,-0.18633758785051738,0.093829616087498,437,0.704116548566373,False
c_head_pm,heavy(>=205),0.08045066663239796,0.3574394471870521,541,-0.07054178426242332,0.5130896113763089,437,0.704116548566373,False
ko_win_n,title,-0.10996142829807475,0.3581909712892951,159,-0.04109919200136943,0.7460698101677485,127,0.704116548566373,False
reach,late_era(year>=2012),-0.07359050541105064,0.3584618481903439,1199,0.0641738730891963,1.0,2806,0.704116548566373,False
best_win_elo,main_event,0.11751594954661365,0.358890872026598,221,0.1008544566439917,0.4064161628234958,233,0.704116548566373,False
last3_winrate,heavy(>=205),0.10567444110103304,0.3592324537164693,372,-0.114511372110247,0.346543395249991,335,0.704116548566373,False
d_leg_frac,main_event,-0.11934588105524872,0.3603910245346098,245,0.18365584910327556,0.15796188064695027,238,0.704116548566373,False
c_o_ground_pm,late_era(year>=2012),0.07538503796495846,0.3604184971553466,1203,,,2812,0.704116548566373,False
sub_loss_rate,title,-0.2479048818822877,0.3628281069013337,114,-0.4942886902692203,0.1524206966305153,111,0.7076081604576612,False
c_tapm,late_era(year>=2012),-0.07527279848821739,0.36744747467775773,1203,,,2812,0.7142873746489501,False
d_td_abs15,five_rounds,-0.15724634331383516,0.3675093352415443,180,0.1004489409832214,0.4417389645150762,268,0.7142873746489501,False
elo,five_rounds,-0.09505892255285507,0.3692952078699211,180,-0.07885720513997486,0.3951893431654151,268,0.7165335347237206,False
avg_gap_days,late_era(year>=2012),0.11857300386635257,0.3714800142842235,582,,,1704,0.7191427618719894,False
c_o_clinch_pm,heavy(>=205),-0.08125047312102471,0.37190496392324524,541,-0.18969702342337896,0.050552874906035834,437,0.7191427618719894,False
d_body_pm,heavy(>=205),-0.07951871439287739,0.3725520783215711,541,-0.09102322669707587,0.3539218529506494,437,0.7191709899008937,False
over_exp_last3,heavy(>=205),0.10188292420541584,0.37664251454110786,372,-0.10410952380465335,0.3858626985037076,335,0.7258348119207452,False
c_tda15,heavy(>=205),-0.08821423065704696,0.3787620759183089,541,-0.05727298732092697,0.5785832626238225,437,0.7286843998631425,False
c_adj_kd,title,0.12522031964661298,0.3805258169534049,159,-0.05747222893325717,0.7234137652119448,127,0.7292976270148991,False
went_dist_n,title,-0.15260029261411967,0.3808656277090986,159,0.07673723213636016,0.6838503307158601,127,0.7292976270148991,False
sub_loss_rate,five_rounds,-0.20417346795308614,0.3810050927412929,171,-0.3492991542123553,0.1116270248585565,262,0.7292976270148991,False
c_sig_acc,late_era(year>=2012),-0.06958202435877976,0.3822465850997979,1203,,,2812,0.7304443147201181,False
c_ground_pm,main_event,0.09922917563072592,0.3830252275952538,245,-0.04482944204041,0.6913347936225298,238,0.7307041674090664,False
c_td_share,five_rounds,-0.12371258796592505,0.3840881707296562,180,-0.024408402958967998,0.8299748320959889,268,0.7310863056015235,False
c_sig_def,late_era(year>=2012),-0.07083126769713945,0.38451153100238444,1203,,,2812,0.7310863056015235,False
c_kd_abs15,five_rounds,-0.1650769987398968,0.38809159826130135,180,-0.1896635985617812,0.23152178335007337,268,0.7366613476178625,False
glicko_rd,light(<=135),-0.1307313559994141,0.39126909181060787,282,0.06035137775974399,0.4839458667950197,810,0.7387808934780088,False
c_dist_pm,main_event,0.10368337488311903,0.39180237888466474,245,0.055782689351665346,0.6391777809071173,238,0.7387808934780088,False
d_td_abs15,title,-0.1827760230529842,0.3920011205777906,159,-0.41521531399772077,0.0729612954298943,127,0.7387808934780088,False
age,late_era(year>=2012),0.07037028838591804,0.39304397243615996,1199,,,2806,0.7387808934780088,False
c_adj_acc,heavy(>=205),-0.07678192427124389,0.39398972590164216,541,-0.08234871389762798,0.39314478100656836,437,0.7387808934780088,False
fights_365,five_rounds,-0.14155250986278878,0.3940886132313075,180,0.09325377913777826,0.4625416719741874,268,0.7387808934780088,False
c_adj_def,main_event,-0.10521761943485661,0.3946269108886459,245,0.11251988798899536,0.42564164700506757,238,0.7387808934780088,False
fights_365,title,-0.1802711971739793,0.39488019272411845,159,0.18895161003447966,0.3636966050164522,127,0.7387808934780088,False
d_head_acc,five_rounds,0.11864769587973384,0.3962262553995398,180,0.10389621900222168,0.3934545656221319,268,0.7387808934780088,False
c_sig_share,heavy(>=205),0.0795334658546607,0.3972911028510736,541,0.11104975407763211,0.29325836012323947,437,0.7387808934780088,False
c_dist_frac,light(<=135),0.12403193504819422,0.39757146492689877,282,-0.09471116570102257,0.2500401134546535,810,0.7387808934780088,False
c_leg_frac,light(<=135),0.12263917444063158,0.39764103843526544,282,0.0691732816432253,0.4070947257175519,810,0.7387808934780088,False
d_td15,heavy(>=205),-0.083738165633591,0.3979436121303277,541,0.006727232821634064,0.9455680705728117,437,0.7387808934780088,False
c_td15,main_event,-0.09306647108933763,0.39860641597849267,245,-0.07590316329691842,0.4913447522341169,238,0.7387808934780088,False
d_sub15,light(<=135),-0.12157576047382165,0.3989546777445008,282,-0.05384487463754809,0.49796581813424023,810,0.7387808934780088,False
c_o_tda15,light(<=135),0.1411557786062878,0.3996949559053361,282,0.046971115285576716,0.5790309396770339,810,0.7389482355518164,False
c_o_rev15,light(<=135),-0.11115592406467655,0.4007082798595384,282,-0.10588270171700243,0.16983067787077938,810,0.7396190165589207,False
d_td_acc,heavy(>=205),0.0874248251304887,0.4037140700514835,541,0.08527778002400117,0.4426817577288531,437,0.7437878854031782,False
avg_mins,late_era(year>=2012),0.07990602829893886,0.40427520948035545,849,0.02337830980833249,1.0,2207,0.7437878854031782,False
d_tlpm,heavy(>=205),0.07698841154835087,0.4064211890224696,541,0.0007064201397144443,0.9943643678786955,437,0.7462772339035353,False
dec_win_rate,light(<=135),0.1325955878790926,0.40762530546954423,163,-0.23887523607414385,0.009380650913074915,627,0.7462772339035353,False
d_sig_def,late_era(year>=2012),-0.06737634228729131,0.408050073297595,1203,,,2812,0.7462772339035353,False
c_dist_pm,five_rounds,0.110442628626335,0.40870774128694753,180,-0.04200326394570693,0.7060929626986472,268,0.7462772339035353,False
selo_strike,main_event,-0.08281248260295361,0.4089100410922625,245,-0.06453745113947955,0.5405567106964685,238,0.7462772339035353,False
five_n,main_event,-0.07013915840970444,0.40990834635296325,245,0.06891233272084164,0.37971348295479235,238,0.7469003041719859,False
c_o_body_pm,main_event,-0.11956680383872019,0.4106022604040034,245,-0.031412777170917484,0.8038366467858238,238,0.7469376405799418,False
d_td_def,light(<=135),0.1299069540544408,0.41135501359709303,282,-0.06448046351164613,0.4364699883866341,810,0.7469376405799418,False
d_adj_acc,light(<=135),0.12160717102248148,0.4118996487630814,282,-0.0046045192289512465,0.9564939344763,810,0.7469376405799418,False
d_head_acc,heavy(>=205),0.0732477767332049,0.4158693791385255,541,0.052517096783004334,0.616949081492373,437,0.7515615268683035,False
d_leg_frac,late_era(year>=2012),0.06418287330569211,0.41691086978104697,1203,,,2812,0.7515615268683035,False
finished_loss_share,light(<=135),0.1607073707503874,0.4176506305416282,93,0.03436134792424132,0.7580217817049442,411,0.7515615268683035,False
d_o_dist_pm,five_rounds,-0.13482741109837576,0.4180478776994444,180,-0.12013931937290044,0.3214349543307884,268,0.7515615268683035,False
split_win_rate,five_rounds,-0.14861505561443836,0.4184235677379259,171,0.00012001867395494537,0.9993557021892396,262,0.7515615268683035,False
c_ctrl_abs_share,main_event,-0.11209781630648315,0.41931746824035876,245,0.19153780600252085,0.20096922019868171,238,0.7515615268683035,False
d_dist_frac,heavy(>=205),0.07292315313139672,0.42022274877859245,541,-0.1320465565426177,0.18180490838799035,437,0.7515615268683035,False
d_adj_sapm,late_era(year>=2012),0.06762798017052121,0.42075944573329394,1203,,,2812,0.7515615268683035,False
c_kd_share,title,0.11659064214720334,0.42087940219036957,159,0.4695658172585986,0.014123775382396328,127,0.7515615268683035,False
d_sapm,light(<=135),0.09291874354363308,0.42105953616104597,282,0.06277286999081107,0.45086747897194945,810,0.7515615268683035,False
sos_now,light(<=135),0.1319569546864752,0.4243483317770701,163,0.06299098490895827,0.5119903699450161,627,0.7548306528586186,False
c_o_dist_pm,five_rounds,-0.1357028188762983,0.4247114854084013,180,-0.08599982265436565,0.4799666400449957,268,0.7548306528586186,False
h2h_score,heavy(>=205),-0.06568582301232774,0.42660434332804187,541,-0.11215113355626789,0.21788993256288244,437,0.7548306528586186,False
c_ctrl_share,five_rounds,-0.10546767847235955,0.42697007191510405,180,0.03111324039187326,0.7845233636090357,268,0.7548306528586186,False
fights_730,five_rounds,-0.140144884050024,0.4274442968084027,180,0.10562973888113998,0.4236831512274559,268,0.7548306528586186,False
d_leg_frac,light(<=135),0.1123224954622598,0.42781868435769754,282,0.08759074541510148,0.2911717097617994,810,0.7548306528586186,False
d_stat_mins,heavy(>=205),-0.08973026376120616,0.42811891977057537,541,-0.005655021576169523,0.9564806961860084,437,0.7548306528586186,False
c_head_def,main_event,0.10657993108757978,0.4298184709221623,245,0.25169139850859656,0.10605251397362608,238,0.7548306528586186,False
c_sig_att_pm,title,0.12998048758030037,0.43045141287669564,159,-0.13217906460955375,0.42853494693202987,127,0.7548306528586186,False
d_adj_tda,main_event,-0.09538263449494279,0.43058481250037184,245,-0.12506031198667708,0.3101994260665646,238,0.7548306528586186,False
d_kd_share,late_era(year>=2012),0.06361691424502634,0.43067795192523406,1203,,,2812,0.7548306528586186,False
sub_win_n,title,-0.1005529661597661,0.43148568493573514,159,0.12090483643644531,0.45864542800909136,127,0.7548306528586186,False
d_head_pm,light(<=135),-0.10162106917082356,0.43366191457069303,282,-0.026298686536072858,0.7511725383257911,810,0.7548306528586186,False
fights_at_weight,main_event,-0.08657270897231127,0.4338651328895984,241,0.0048706396205205294,0.964376159457164,237,0.7548306528586186,False
c_clinch_pm,heavy(>=205),0.06609511545905171,0.4348168223433748,541,-0.004406547570425095,0.9624491572787881,437,0.7548306528586186,False
last3_winrate,main_event,0.13449651215010341,0.4354196696780861,225,0.12971750195168538,0.3887170546668143,233,0.7548306528586186,False
weight_change,title,-0.1435777792006793,0.43590350577875636,159,0.20452138992013538,0.327981339453256,127,0.7548306528586186,False
glicko,five_rounds,0.11205581561812634,0.43616036252617085,180,0.13398419165093506,0.333092769549205,268,0.7548306528586186,False
cage_mins,title,-0.10793391960829078,0.43616863582067933,159,0.09278694016818316,0.5389960987493685,127,0.7548306528586186,False
c_stat_mins,title,-0.10793391960829078,0.43616863582067933,159,0.09278694016818316,0.5389960987493685,127,0.7548306528586186,False
c_head_acc,late_era(year>=2012),-0.06209107688101042,0.4390804283629114,1203,,,2812,0.7585490661640272,False
finished_loss_share,five_rounds,0.17445627833865837,0.4402681908156245,92,-0.02878084643457584,0.8627666993540305,188,0.7585490661640272,False
finish_win_share,light(<=135),-0.13401676360354597,0.4403187191453456,117,0.11442906843716465,0.25487252129277516,510,0.7585490661640272,False
c_slpm,heavy(>=205),0.06870058643958636,0.4428247542476259,541,-0.10558705114682011,0.33502800327639304,437,0.7617121718298799,False
d_adj_def,heavy(>=205),0.07473830341727941,0.44497772758262855,541,0.02642508628321517,0.8072211700825186,437,0.7622336838232459,False
c_td_abs15,heavy(>=205),-0.07995912257434117,0.4452079685340766,541,0.1366309695719907,0.2068750311671965,437,0.7622336838232459,False
wins,heavy(>=205),-0.07088226930930994,0.4464776027342252,541,-0.033255797677028555,0.7371036842953199,437,0.7622336838232459,False
d_clinch_frac,five_rounds,-0.11723452894443177,0.4468721024026062,180,0.04622092281477404,0.7163077815703234,268,0.7622336838232459,False
dec_win_n,heavy(>=205),-0.08022454822574768,0.44821772230119095,541,0.11461409026650235,0.3748815949476114,437,0.7622336838232459,False
c_dist_pm,heavy(>=205),0.06967272686729421,0.44848665075831884,541,-0.1955051253328489,0.09277772905987858,437,0.7622336838232459,False
d_ground_frac,heavy(>=205),-0.07018229171654779,0.44891047716553945,541,0.09813454591364837,0.31851305741393465,437,0.7622336838232459,False
d_adj_td,light(<=135),-0.10544980088928274,0.44941214383509365,282,-0.05493237074754622,0.5166088286827661,810,0.7622336838232459,False
ko_loss_n,late_era(year>=2012),-0.06018837120509315,0.44948083797613414,1203,,,2812,0.7622336838232459,False
c_td_share,light(<=135),-0.10610339785858537,0.4498318397936658,282,-0.013489761817941238,0.8760602880271502,810,0.7622336838232459,False
selo_sub,light(<=135),0.13983235529025198,0.45065196954337783,282,0.05934526684821488,0.5261690717573755,810,0.7624870377541972,False
c_clinch_frac,late_era(year>=2012),-0.060613811506744754,0.4514878820184324,1203,-0.038600263315314395,1.0,2812,0.7627663029048405,False
sub_loss_rate,heavy(>=205),0.09722768337038872,0.4532031775621784,374,0.18410629642539345,0.15869811389427763,339,0.764528209032933,False
d_rev15,late_era(year>=2012),-0.06179469193068898,0.4554464111467309,1203,-0.006694237849514865,1.0,2812,0.7671741769982712,False
c_o_head_pm,light(<=135),0.08833563543890813,0.4569722353855906,282,0.03664523110485899,0.6541701749028261,810,0.76860566809677,False
c_dist_frac,heavy(>=205),0.0666253008548226,0.45800552536692496,541,-0.118610977898795,0.22528004224144602,437,0.7692057346265785,False
sub_win_rate,light(<=135),0.12978178729759113,0.4593785364224868,163,-0.012473214955046854,0.8956532211966652,627,0.7699787935588985,False
c_adj_acc,light(<=135),0.11353046989247695,0.4600398921167078,282,0.04938284891071993,0.5574193274096724,810,0.7699787935588985,False
d_adj_sapm,light(<=135),0.08627631015199404,0.4604974315040027,282,0.058552901583672066,0.4829660795394216,810,0.7699787935588985,False
c_o_leg_pm,main_event,-0.10738694173513821,0.4615314059687017,245,0.04233846696578407,0.7629941006747988,238,0.7702623096522693,False
c_o_clinch_pm,main_event,-0.11117585416978679,0.4622654105812106,245,-0.03098770803096855,0.8291494128019002,238,0.7702623096522693,False
c_adj_acc,late_era(year>=2012),-0.05929633579740393,0.46269934695910286,1203,,,2812,0.7702623096522693,False
c_td_def,light(<=135),0.11946212260954371,0.46495233358579435,282,-0.032456215530348526,0.6961244677955606,810,0.7728812913553337,False
fights_365,light(<=135),-0.10447070089777938,0.46794958329025715,282,-0.003984734543323729,0.9641750986521905,810,0.7767279944540473,False
wins,title,-0.09677057975268803,0.4691083275371156,159,0.1467242207669372,0.34045202595661817,127,0.7775162804806128,False
d_tlpm,main_event,0.08136526128621575,0.4697956942256263,245,0.02263005948109526,0.8449141878012102,238,0.7775221314913204,False
country_fights,heavy(>=205),-0.06649292301243875,0.471806809659821,541,-0.010572003600803946,0.9181438309607939,437,0.7792302488509174,False
days_since_last,heavy(>=205),0.08322212572287295,0.4721984533494126,374,-0.09142874102239354,0.44650025818591144,339,0.7792302488509174,False
d_td_def,late_era(year>=2012),0.05817079962214,0.47330452760013075,1203,,,2812,0.7799235476541285,False
worst_loss_now,light(<=135),0.16973396016182876,0.4747475357455484,93,0.09167006926069719,0.436897076339144,411,0.7811692447795782,False
c_slpm_minus_sapm,light(<=135),-0.0928513421216571,0.4790215288667776,282,0.01766988722760947,0.8355733348004192,810,0.7853975178992414,False
c_body_pm,heavy(>=205),-0.061644454186699844,0.47912236076069215,541,-0.06691669635892304,0.4688832940183233,437,0.7853975178992414,False
c_tlpm,main_event,0.07664793855345316,0.4794574635191653,245,0.02168182510964251,0.8519297322031749,238,0.7853975178992414,False
switch,five_rounds,-0.0983939165607612,0.4805602984087394,180,0.45174360260614677,0.0034964022868469104,268,0.7853975178992414,False
c_adj_sapm,light(<=135),0.08221627160350706,0.4810797369399039,282,0.06730539718492312,0.4092684105161555,810,0.7853975178992414,False
c_td_acc,heavy(>=205),0.07376737475131488,0.4830583778679921,541,0.13335731028013137,0.23276246498838987,437,0.7853975178992414,False
d_adj_tda,title,-0.10730526772610682,0.48375767535989656,159,0.11305941151916143,0.5156343399768021,127,0.7853975178992414,False
c_sub15,title,-0.1206233152079713,0.48381676913471594,159,-0.026833582766059502,0.8882587760878654,127,0.7853975178992414,False
c_tlpm,five_rounds,0.0858507657152882,0.4838579789692018,180,0.015608973027304145,0.8898178479363843,268,0.7853975178992414,False
c_adj_kd,late_era(year>=2012),-0.0585374896881486,0.4850585250160041,1203,0.007506196824262558,1.0,2812,0.7853975178992414,False
fights_at_weight,heavy(>=205),-0.06295020302320202,0.4863234349444697,541,0.12716364752910533,0.14682984406586044,437,0.7853975178992414,False
c_kd15,title,0.08791668748032687,0.48786274926536377,159,-0.06436184266012987,0.6403496446265826,127,0.7853975178992414,False
c_sig_share,late_era(year>=2012),-0.059005785594230545,0.4895117510822843,1203,,,2812,0.7853975178992414,False
d_sig_def,main_event,0.09156571141701303,0.4898998967314837,245,0.12966596177745335,0.35872090721435634,238,0.7853975178992414,False
c_leg_frac,main_event,-0.09178377474366878,0.4899301374538,245,0.04233380954365186,0.7561156698405422,238,0.7853975178992414,False
c_tlpm,heavy(>=205),0.06207514452606728,0.4902097086072156,541,0.008608124857672202,0.9286374589577796,437,0.7853975178992414,False
went_dist_n,five_rounds,-0.08547727037917821,0.49028076242777263,180,-0.008503452666833939,0.9351686829408725,268,0.7853975178992414,False
d_td_abs15,light(<=135),0.10078274032532056,0.4912499481323219,282,0.07926678699190792,0.345447398182421,810,0.7853975178992414,False
d_body_frac,late_era(year>=2012),0.0544595238491902,0.49166719212788357,1203,,,2812,0.7853975178992414,False
dec_loss_rate,heavy(>=205),-0.08762610970257999,0.4919356466806979,374,-0.03655414041013634,0.783342904229039,339,0.7853975178992414,False
c_sig_def,main_event,0.09163713385529706,0.4924783323463099,245,0.21204613827451105,0.150426404784289,238,0.7853975178992414,False
c_body_pm,light(<=135),0.09081432218376753,0.49341207170179624,282,0.096028063810435,0.2308714070420458,810,0.7853975178992414,False
c_td15,light(<=135),-0.1099874533708265,0.49417813167839353,282,0.004776273851361018,0.9557428153647318,810,0.7853975178992414,False
worst_loss_now,late_era(year>=2012),0.08204628697982935,0.49450039251614675,576,,,1567,0.7853975178992414,False
c_sapm,light(<=135),0.07914718261587765,0.4961300897098382,282,0.04716523108941867,0.5641922311892305,810,0.7853975178992414,False
age_debut,title,-0.11907618724386149,0.4966996746244332,158,0.18561095815855538,0.3109324298930538,127,0.7853975178992414,False
d_head_def,main_event,0.09070883452661059,0.4967657324658109,245,0.20861046112399267,0.16875816774279434,238,0.7853975178992414,False
fights_730,main_event,0.09945067207600279,0.4972526561425109,245,0.03555693055872685,0.7901938119540348,238,0.7853975178992414,False
d_adj_def,title,0.11233184867185765,0.49734935170400507,159,0.3078951495907898,0.12465371582903463,127,0.7853975178992414,False
went_dist_rate,light(<=135),0.10466667068483859,0.49912442626183273,163,-0.15216627729842191,0.09806153867840939,627,0.7868214130342568,False
fights_at_weight,title,0.10921522389520134,0.49966223771132123,159,0.34184480651838783,0.04795162442318215,127,0.7868214130342568,False
finish_win_share,late_era(year>=2012),0.07154469818072745,0.5003270726682213,685,,,1882,0.7868214130342568,False
sub_win_n,light(<=135),0.14753988721035957,0.5022395326874449,282,0.06214521028967588,0.5727733413045208,810,0.7882842564483816,False
elo_tuned,five_rounds,0.09261752261824284,0.5030303217381756,180,0.13678379770563906,0.28596257819829757,268,0.7882842564483816,False
d_o_leg_pm,main_event,-0.0959366458390951,0.5033832914714496,245,0.10827196809377386,0.3933357017131318,238,0.7882842564483816,False
sos_elo,heavy(>=205),-0.07553104081296497,0.5040304788372678,374,0.10421667879702001,0.3170033788408937,339,0.7882842564483816,False
d_sub15,five_rounds,-0.10205329138690364,0.5058007655163566,180,0.05115622331990536,0.6870590393887586,268,0.7884957046412282,False
c_sig_att_pm,five_rounds,0.09277547771218053,0.5080508488554817,180,-0.05791450286929659,0.6205263218009328,268,0.7884957046412282,False
c_ground_pm,five_rounds,0.08636909086898337,0.5097802931560964,180,0.054071642886442214,0.6223293875887616,268,0.7884957046412282,False
d_sig_share,late_era(year>=2012),-0.05591630310295227,0.5100462882007364,1203,,,2812,0.7884957046412282,False
losses,light(<=135),0.1257354106475382,0.5105297979022252,282,0.004300216013388961,0.9670714774370891,810,0.7884957046412282,False
c_body_frac,late_era(year>=2012),0.05208988168949204,0.510750539440724,1203,-0.013863406744418329,1.0,2812,0.7884957046412282,False
d_o_sig_att_pm,heavy(>=205),-0.06722132639570823,0.5113304559076721,541,-0.41740355889328495,0.0008836165332415048,437,0.7884957046412282,False
went_dist_rate,title,-0.13626115849467707,0.5115726306221215,114,0.13179134933107164,0.5513375998682748,111,0.7884957046412282,False
d_head_pm,main_event,0.0790012191971534,0.5118291920381415,245,-0.027436760496719115,0.8170986181221971,238,0.7884957046412282,False
d_adj_sub,heavy(>=205),-0.06568471868625535,0.5124391907482523,541,0.052018209699401574,0.6546043073120711,437,0.7884957046412282,False
southpaw,five_rounds,-0.09985514663983967,0.5124961261382168,180,-0.197459347961826,0.10532627873419743,268,0.7884957046412282,False
c_head_acc,five_rounds,0.08948112647117924,0.5129750003728035,180,0.18445796591581295,0.1605044484365412,268,0.7884957046412282,False
d_sig_acc,late_era(year>=2012),-0.05199567201697516,0.5132036706154344,1203,,,2812,0.7884957046412282,False
c_tlpm,light(<=135),-0.09325963551767431,0.5145428250987152,282,0.010111699090175036,0.9006996632959253,810,0.7884957046412282,False
split_loss_n,main_event,-0.07579463278104928,0.5145679972240909,245,-0.13830303760149237,0.23942591841434496,238,0.7884957046412282,False
title_rate,main_event,-0.06799567661545006,0.5153211498481239,225,0.0009907221874301609,0.9913031593167709,233,0.7885870085831991,False
d_adj_ctrl,title,0.08849825089676794,0.5217033803954632,159,0.2740914056470887,0.08942232867785138,127,0.7969428441975199,False
ko_win_rate,heavy(>=205),0.06836471442026704,0.5221833060045316,374,-0.19021620611484644,0.07928382438107927,339,0.7969428441975199,False
title_n,title,-0.05643176459899706,0.5240623972211367,159,0.13073621344289021,0.10589251418222638,127,0.7987385330300701,False
d_slpm_minus_sapm,light(<=135),-0.08068183478225156,0.5258947422014101,282,0.007235210658447226,0.9336739756624166,810,0.8004582622262427,False
c_adj_def,title,0.10676549001457065,0.5276908827332782,159,0.37948341560483667,0.0671903844827227,127,0.8010477320459982,False
weight_change,late_era(year>=2012),0.05063846312957404,0.5276910741446373,1203,,,2812,0.8010477320459982,False
d_o_head_pm,light(<=135),0.07416889410195009,0.5290339838152778,282,0.034114256774441104,0.6839594764939603,810,0.8020155194639612,False
age_debut,main_event,-0.09123317009873225,0.530054793607432,244,0.18130814323526534,0.18498783289194648,237,0.802493076340413,False
d_o_ground_pm,light(<=135),0.08426094787955905,0.5339246735037974,282,0.050748863490610904,0.559580854490276,810,0.8050813471000743,False
d_o_dist_pm,light(<=135),-0.07306554343930863,0.5342091877691639,282,-0.018060316631961622,0.8257356465003142,810,0.8050813471000743,False
over_exp_all,late_era(year>=2012),-0.06124184875734776,0.5354728956625823,846,0.10201653089951564,1.0,2200,0.8050813471000743,False
worst_loss_elo,main_event,0.09701184722627929,0.5360533125634926,133,0.03286425141487441,0.7842193099098866,176,0.8050813471000743,False
losses_last2,main_event,-0.09085255264948039,0.5365692931431689,225,-0.06299547662617594,0.6347746182788121,233,0.8050813471000743,False
ko_loss_rate,title,-0.16513213286639172,0.5384013930498538,114,-0.39788066014624396,0.20663730144581682,111,0.8050813471000743,False
finished_loss_share,main_event,-0.11543831985653843,0.5384354600224537,133,-0.10410290007019209,0.541777957878949,176,0.8050813471000743,False
ko_loss_rate,late_era(year>=2012),0.06010476205521359,0.5386047218391782,849,,,2207,0.8050813471000743,False
best_win_elo,light(<=135),0.19840404705886425,0.5386121020050096,117,0.2109243260418966,0.11526706828401985,510,0.8050813471000743,False
elo_new,title,0.09095236930803559,0.5396530484226355,159,0.34555200832420724,0.03570440211663297,127,0.8050813471000743,False
selo_strike,late_era(year>=2012),0.054764471755362934,0.5402385829849423,1203,,,2812,0.8050813471000743,False
weight_change,main_event,0.06725572067704354,0.5402612733837789,245,-0.07912695752781962,0.6223682688433019,238,0.8050813471000743,False
h2h_score,title,0.048570662729181986,0.5417040576758909,159,0.10700243437099159,0.20499110424000774,127,0.8056330565577146,False
d_o_body_pm,title,-0.1276430311543437,0.5420486264438449,159,-0.026987576076665708,0.8928268822274122,127,0.8056330565577146,False
d_dist_pm,light(<=135),0.07341140484960441,0.5428049786558113,282,0.019183164916340374,0.8144392133795971,810,0.8057039957332343,False
elo_fast,five_rounds,-0.06664942411815436,0.5443617931471513,180,-0.04864368460389933,0.6188189812743791,268,0.8062312868111028,False
sub_loss_n,late_era(year>=2012),-0.04777974348425858,0.5452154174681104,1203,,,2812,0.8062312868111028,False
d_adj_sub,title,0.12806549044703675,0.5458443575642073,159,0.07919264192407362,0.7025065483320814,127,0.8062312868111028,False
c_td_abs15,main_event,-0.08767243951726462,0.5459965618685568,245,0.09875481804844048,0.4806952235310564,238,0.8062312868111028,False
d_clinch_pm,light(<=135),0.09071720477335513,0.5469744047853591,282,0.09661165480374652,0.21233514822890553,810,0.8066276241776307,False
c_adj_sub,heavy(>=205),-0.056771495392327634,0.547971112141681,541,-0.007614223293212392,0.9434896072800578,437,0.8070507182708437,False
c_o_dist_pm,light(<=135),-0.0692754810618539,0.5495745837898979,282,-0.05685558200269154,0.48532206279596135,810,0.8083652028060981,False
d_sub15,late_era(year>=2012),-0.04847486456863385,0.5536499557140155,1203,,,2812,0.813307493083767,False
elo_fast,heavy(>=205),0.059865470310779594,0.5562611039911816,541,-0.056827727472788386,0.6015812716497815,437,0.8160888712748045,False
c_o_rev15,title,-0.11373854453390665,0.5572642780013441,159,-0.3962484834561695,0.17208756484214044,127,0.8162997069353773,False
days_since_last,light(<=135),0.13489188434680183,0.5578406968239122,163,-0.2603282992638418,0.02030882752764451,627,0.8162997069353773,False
d_kd_abs15,heavy(>=205),0.05180634081704449,0.5602248389977995,541,0.03593404557129537,0.7161037020704504,437,0.818734758278275,False
c_ctrl_abs_share,heavy(>=205),-0.057227843228762044,0.561134216860699,541,0.14799190545040364,0.14373606420636953,437,0.8189325419592339,False
d_adj_acc,heavy(>=205),-0.05336134398244127,0.562440295509983,541,-0.0688169294450414,0.4880336461479551,437,0.8189325419592339,False
ko_loss_n,title,-0.08415179794238896,0.5627603129821287,159,-0.4751792183373879,0.06564722428285974,127,0.8189325419592339,False
age,five_rounds,-0.09528942823232558,0.5632412030009859,179,0.05772149508912935,0.6781659115833769,267,0.8189325419592339,False
d_kd_abs15,late_era(year>=2012),-0.04686943968037791,0.5657465122117986,1203,,,2812,0.8215246288439528,False
days_since_last,main_event,-0.09116672565754566,0.5676481953848045,225,-0.06796618294039988,0.6426661656667365,233,0.8232346915210749,False
c_kd_abs15,heavy(>=205),0.05060383956290802,0.5698473253621175,541,-0.01778682162269739,0.8563801955001046,437,0.8245520708058297,False
d_kd15,title,0.06812541891061544,0.5700069724304153,159,-0.026282597842970906,0.8506635020558496,127,0.8245520708058297,False
d_o_head_pm,late_era(year>=2012),0.04650153606270521,0.5718660157685672,1203,,,2812,0.8261901650938513,False
finish_win_share,title,-0.13046917002357417,0.5737163655647113,112,-0.1432021334047095,0.582309455350421,110,0.8278115579277624,False
title_rate,title,-0.061707134675402606,0.5748983576618042,114,0.059202890110410814,0.5115453884100537,111,0.8284656941210029,False
late_early_ratio,heavy(>=205),-0.1035822905101019,0.5777792368903505,226,0.06956894009965235,0.5285983854827994,253,0.8315632814485171,False
d_tapm,light(<=135),0.07377930876169908,0.5792924527890883,282,0.12171213400192665,0.1524875422451153,810,0.8320112774824745,False
d_sub15,heavy(>=205),-0.0563583867011091,0.5795873837375691,541,0.008010832235295577,0.9460622156682996,437,0.8320112774824745,False
d_head_acc,late_era(year>=2012),-0.04411505793331115,0.5804757729985179,1203,0.08201355218626873,1.0,2812,0.8320112774824745,False
five_rate,title,0.05767206914034266,0.5810175499745689,114,0.05225476525177967,0.5867519334768405,111,0.8320112774824745,False
five_rate,main_event,-0.056410466550511976,0.5820357222419301,225,0.05034695700440606,0.5691612844365781,233,0.8324209008667605,False
c_adj_sub,late_era(year>=2012),-0.045224034412605425,0.583742820657448,1203,,,2812,0.8333580619870802,False
elo_mov,title,-0.06551843847140597,0.5854113180368006,159,0.12817548082142527,0.30694020038262354,127,0.8333580619870802,False
over_exp_last3,main_event,0.0912715478017489,0.5865352875558228,225,0.08339338285299562,0.5553039811307536,233,0.8333580619870802,False
c_td_abs15,light(<=135),0.08046135527597015,0.5867639476687507,282,0.05344996251151629,0.5380210790021929,810,0.8333580619870802,False
went_dist_n,main_event,-0.061229742112079405,0.5870498719306899,245,0.06473774518318727,0.5518517040917079,238,0.8333580619870802,False
d_stat_mins,five_rounds,-0.06994063432081843,0.5870886610832465,180,0.04799844467512622,0.6683377633903205,268,0.8333580619870802,False
d_slpm_minus_sapm,heavy(>=205),0.04951482372415805,0.5880743556749568,541,0.05520647967047213,0.604374315878413,437,0.8337163870354438,False
d_kd_abs15,light(<=135),-0.07667591819785972,0.5930262768307124,282,-0.0414129502972315,0.671187143339256,810,0.8396897593480946,False
glicko_rd,heavy(>=205),0.0519498907593493,0.5945269728939152,541,0.0962845354686255,0.35730008728571816,437,0.8406330396214873,False
c_kd_share,main_event,0.05969708550239325,0.595171149424184,245,0.058710754230430796,0.6317422418381351,238,0.8406330396214873,False
c_o_leg_pm,late_era(year>=2012),0.042104342865801225,0.5963878432882957,1203,,,2812,0.8413064240927944,False
c_adj_ctrl,heavy(>=205),-0.048720870174483205,0.5990823825394394,541,0.013432438140249555,0.898655710571252,437,0.8424730094577758,False
d_sig_acc,light(<=135),0.07850242214091757,0.599413983885394,282,-0.017087169952181777,0.8388661049968662,810,0.8424730094577758,False
c_o_head_pm,heavy(>=205),-0.04853050313941063,0.6001251902308471,541,-0.21390324247135853,0.04919775513398511,437,0.8424730094577758,False
sos_now,late_era(year>=2012),0.050543626354276415,0.6004086736785141,849,,,2207,0.8424730094577758,False
d_kd_share,five_rounds,0.0673125093738858,0.6009196224012807,180,0.05258703432215081,0.649502929135569,268,0.8424730094577758,False
debut,title,0.24253239281049627,0.6017617755613218,159,-0.19663170901467877,0.6980795272304939,127,0.8426147029719494,False
ko_loss_2y,late_era(year>=2012),-0.04974067285689806,0.6030374666580964,849,-0.04842068463989015,1.0,2207,0.8433623611196257,False
c_td15,title,-0.07003113417569898,0.6044256442569998,159,0.20802131629276985,0.16746152427598432,127,0.8442653040788807,False
split_win_n,heavy(>=205),-0.052807232573853904,0.6085697681359024,541,-0.15260615885024842,0.28755335954561073,437,0.8487950074045293,False
c_o_sig_att_pm,late_era(year>=2012),0.04071595635747783,0.6098190873486232,1203,,,2812,0.8487950074045293,False
split_win_rate,heavy(>=205),-0.06847326989281506,0.610073153487117,374,0.03593855976571481,0.8273601257238234,339,0.8487950074045293,False
elo_new,main_event,0.05823340442590477,0.611324020521484,245,0.025761930546217077,0.8285675022230616,238,0.8487950074045293,False
southpaw,main_event,0.06700287799445084,0.6114011530908615,245,-0.19819395196538825,0.12379746030040224,238,0.8487950074045293,False
elo_mov,heavy(>=205),0.050117829838631826,0.6136851030966917,541,-0.11731464240677711,0.2659913817911963,437,0.8509194254803166,False
sub_loss_n,light(<=135),-0.08216847601458833,0.6144281867364467,282,-0.1821501133033295,0.06739003106078179,810,0.8509194254803166,False
elo,heavy(>=205),0.0501684192014108,0.6159062435556781,541,-0.07533543363840825,0.485561922127437,437,0.851118622218389,False
split_loss_rate,late_era(year>=2012),-0.049051502371490516,0.6166886027405372,849,,,2207,0.851118622218389,False
c_adj_td,light(<=135),-0.07231130592172683,0.6168177174212423,282,-0.008935934180793113,0.9163632004798234,810,0.851118622218389,False
d_adj_acc,late_era(year>=2012),-0.04020780640797449,0.6178962334954218,1203,,,2812,0.8512632305977976,False
sub_loss_n,heavy(>=205),-0.05543053263660169,0.6185301846632372,541,0.060479980462725826,0.5871156706378671,437,0.8512632305977976,False
d_adj_kd,title,0.06332336480712054,0.6191685942870524,159,-0.04985012218262074,0.7521594318375564,127,0.8512632305977976,False
d_tlpm,light(<=135),-0.06951933443567089,0.6201072874376352,282,-0.011824067153867197,0.8861841643138171,810,0.8515241374596513,False
selo_grapple,heavy(>=205),-0.04589470176080995,0.6236038605231942,541,0.020618093392701688,0.83099974854072,437,0.8549246638156387,False
d_kd_share,light(<=135),-0.0743316239762262,0.6240874854590854,282,0.08358778714822697,0.3636494362006971,810,0.8549246638156387,False
avg_mins,title,0.0905480401526597,0.628270018337958,114,0.08355653645043445,0.6324823902810031,111,0.8582490370916036,False
worst_loss_elo,heavy(>=205),-0.06492160849150881,0.6286188026285648,236,0.037128018796460896,0.7495220743343797,252,0.8582490370916036,False
sub_win_n,heavy(>=205),-0.04643114596497102,0.6291055360463857,541,-0.059142230178245644,0.5698423487644524,437,0.8582490370916036,False
c_tapm,light(<=135),0.06631228390473258,0.6295335944893556,282,0.15052014040481804,0.07224842672690863,810,0.8582490370916036,False
d_ctrl_share,heavy(>=205),-0.045155135551483885,0.6303664020022801,541,0.06812104778139212,0.5068926005484375,437,0.858355208474961,False
d_td_share,five_rounds,-0.0650677146537205,0.6334003589433272,180,-0.025866982473676237,0.8186571540423047,268,0.8613987146006941,False
d_o_dist_pm,heavy(>=205),-0.04628496593920811,0.6347536941762718,541,-0.21094649329153262,0.053273141779340255,437,0.8613987146006941,False
c_o_sig_att_pm,heavy(>=205),-0.04664552149687815,0.634874338465595,541,-0.4272740605512326,0.0006086570107556897,437,0.8613987146006941,False
five_rate,five_rounds,0.04819544253887412,0.6375380800385884,171,0.052572571511388194,0.5397600736036821,262,0.863730300153069,False
avg_gap_days,light(<=135),0.18969186408739722,0.6381120950998926,92,-0.21916446914707388,0.09463660027500395,450,0.863730300153069,False
c_dist_pm,light(<=135),0.056044921823124975,0.6392484890462566,282,-0.0038683710083960827,0.9620386541272236,810,0.8642396338235361,False
sub_win_rate,heavy(>=205),-0.06076034393800823,0.6405716727852246,374,-0.08058457730495401,0.5057402616820372,339,0.8649999904475064,False
c_adj_kd,five_rounds,0.05930743691576637,0.6414396609626314,180,0.027696558860221175,0.8019208998660975,268,0.8651445961026238,False
weight_change,light(<=135),-0.09972288266846092,0.643522503876916,282,-0.21503801319919497,0.04903933442488953,810,0.8662311017126458,False
d_sub15,title,0.08592415272252421,0.6448058923117532,159,0.04578486558832611,0.8119423215276984,127,0.8662311017126458,False
selo_kd,five_rounds,0.04700033181594851,0.6449134243751098,180,-0.03918113107133902,0.668914455522257,268,0.8662311017126458,False
c_td_abs15,five_rounds,-0.08290435935385757,0.6452926500884881,180,0.08458347873031773,0.5365772549702994,268,0.8662311017126458,False
d_o_tda15,heavy(>=205),-0.05005046900601718,0.6462119629634049,541,0.10327018095841052,0.3396871910405561,437,0.866442219209188,False
finished_loss_share,late_era(year>=2012),0.05365212958413764,0.6501655538804265,576,-0.014759337189727715,1.0,1567,0.870716413147285,False
d_adj_slpm,heavy(>=205),0.042775149194941645,0.652569028304448,541,-0.14437944096384356,0.21013010650647013,437,0.8729070413907732,False
c_dist_frac,title,0.07979715585772186,0.6546641260842386,159,-0.4843737679089635,0.010835639378617406,127,0.8737559369752231,False
d_td_share,title,0.0719428045075048,0.6557066623444037,159,0.32285526762035016,0.05546455451144232,127,0.8737559369752231,False
height,title,0.07357584967981307,0.6564299070837726,158,0.04571528400290886,0.7945196926401875,127,0.8737559369752231,False
common_score,heavy(>=205),0.04014272075340818,0.6575793584945309,541,0.05713454871181425,0.5465348052904471,437,0.8737559369752231,False
c_head_acc,light(<=135),-0.06315735907580516,0.6582335003491184,282,-0.017017560340705753,0.8410016447580272,810,0.8737559369752231,False
c_adj_td,five_rounds,-0.06035204361669094,0.661255366030632,180,-0.003783993589161275,0.9729808326011645,268,0.8737559369752231,False
c_dist_pm,late_era(year>=2012),-0.035056878883219685,0.6617217727562736,1203,,,2812,0.8737559369752231,False
last3_winrate,late_era(year>=2012),-0.042520380922699094,0.6619064493804441,846,,,2200,0.8737559369752231,False
c_kd_share,light(<=135),-0.070823262809813,0.6619437550632816,282,0.0700898930673152,0.42748796943305334,810,0.8737559369752231,False
c_clinch_frac,title,0.08619790294957803,0.6621374105113704,159,0.3807940255695394,0.02976335848577158,127,0.8737559369752231,False
c_td_abs15,late_era(year>=2012),0.03548274024079485,0.6623785971448971,1203,,,2812,0.8737559369752231,False
dec_win_n,main_event,-0.04317694487161078,0.6624253453585245,245,0.08970416151876896,0.37314611636518114,238,0.8737559369752231,False
last3_winrate,light(<=135),-0.07424473121134492,0.6632553136909657,161,-0.1400011541240276,0.13709589170576425,627,0.8738369544225121,False
d_td_share,heavy(>=205),0.043509357543542244,0.6645506363535725,541,-0.009619563636131673,0.9254584051862581,437,0.8744942493231904,False
d_adj_kd,main_event,-0.045167283966018,0.666483015389592,245,-0.018580760791060018,0.8665192317792983,238,0.8744942493231904,False
d_o_sub15,heavy(>=205),-0.05158400374438102,0.6667576325171043,541,0.11426795184650547,0.3632616286476157,437,0.8744942493231904,False
d_ctrl_share,main_event,-0.048895445458866454,0.667391769716313,245,-0.04355181533784398,0.7154574615440727,238,0.8744942493231904,False
d_head_pm,five_rounds,-0.05621663518219452,0.6675998314973872,180,-0.06809542635471363,0.5493432228222276,268,0.8744942493231904,False
d_head_pm,title,0.07047687040588088,0.6692125496444533,159,-0.035054618437769317,0.8273638599636899,127,0.8755980079928003,False
d_ground_pm,five_rounds,0.0552667549237661,0.6711793558041146,180,0.059522111358400256,0.5804297399208243,268,0.8771619856888256,False
c_kd15,late_era(year>=2012),-0.03450393144770683,0.6726963580151808,1203,,,2812,0.8774857958938965,False
c_adj_sub,five_rounds,-0.07166922622013526,0.6733270666284816,180,0.04233312244013297,0.7421196625705979,268,0.8774857958938965,False
selo_grapple,title,0.05514572296305529,0.6759894907014863,159,0.23617313570870013,0.06731882601726155,127,0.8774857958938965,False
went_dist_rate,heavy(>=205),-0.05263365763257773,0.6776446071894529,374,0.0986622305879424,0.4554479559667802,339,0.8774857958938965,False
d_adj_ctrl,heavy(>=205),-0.040000469300930215,0.6776907620324033,541,0.06048299267293801,0.5713785236622049,437,0.8774857958938965,False
dec_win_rate,late_era(year>=2012),-0.04025330996914067,0.6778282739681161,849,,,2207,0.8774857958938965,False
d_adj_td,five_rounds,-0.054709329623919375,0.6791616277152023,180,-0.010387813391298548,0.9278765486986204,268,0.8774857958938965,False
c_ground_pm,heavy(>=205),-0.0356145547094278,0.6794119092231987,541,0.015052041034876163,0.8714344453982551,437,0.8774857958938965,False
d_dist_pm,five_rounds,0.05297063823145373,0.6799098569512108,180,-0.06370984933273047,0.5499643912207037,268,0.8774857958938965,False
c_head_acc,heavy(>=205),0.03677100989514662,0.6799591229559474,541,0.018621733361398718,0.8506869765488838,437,0.8774857958938965,False
five_n,five_rounds,0.03475460157058447,0.680526631912279,180,0.05443386244956973,0.4759239753811825,268,0.8774857958938965,False
d_clinch_frac,main_event,0.05564820209151683,0.6809300292801446,245,0.07608597970013375,0.5618381661354961,238,0.8774857958938965,False
streak,five_rounds,0.03951291181006375,0.681459945272041,180,0.1369937585072892,0.11682978644780347,268,0.8774857958938965,False
selo_kd,main_event,0.03811221439097215,0.6831735496908838,245,-0.05762117749503065,0.5426543072633148,238,0.8785028242402347,False
d_clinch_pm,heavy(>=205),0.034713344682923995,0.6842655649946672,541,-0.005126371308941585,0.9561551003034492,437,0.8785028242402347,False
c_ctrl_abs_share,late_era(year>=2012),-0.03318638824772209,0.6845677240781425,1203,,,2812,0.8785028242402347,False
dec_margin_avg,main_event,0.06891727615026982,0.6873454647684383,179,0.059685662359598456,0.7112661016222422,202,0.88056552378939,False
c_sub15,heavy(>=205),-0.03736855245275989,0.6877239974713969,541,-0.03180688262326458,0.7671550383489442,437,0.88056552378939,False
went_dist_rate,late_era(year>=2012),-0.0381271095182372,0.6902749550256331,849,-0.016339691571781924,1.0,2207,0.8828375971475194,False
c_adj_ctrl,title,0.05416084786719467,0.6913710875242924,159,0.30970675796955593,0.059171614869763065,127,0.8832459848484501,False
d_dist_pm,title,0.060073421479706825,0.6926324865696232,159,-0.15037252144809238,0.2907822841209816,127,0.8838643515484417,False
c_adj_def,five_rounds,0.056719875731438475,0.6936321075216626,180,0.08517748028360156,0.5273292761341499,268,0.8841476527490251,False
c_slpm,light(<=135),-0.051692651215094816,0.6964004199930249,282,0.03393691954393247,0.6739035769203723,810,0.8850101572453055,False
c_clinch_frac,heavy(>=205),0.035536783463221255,0.6965499496895753,541,0.020337647389913328,0.8402724388952649,437,0.8850101572453055,False
d_o_leg_pm,heavy(>=205),-0.03690981605693411,0.6966438792740092,541,-0.24629968004213235,0.02719705184501171,437,0.8850101572453055,False
c_adj_def,late_era(year>=2012),0.03165104042035602,0.6975724995004611,1203,,,2812,0.88520081688842,False
c_o_ground_pm,light(<=135),0.054837328143517175,0.6986965577752835,282,0.08393894913405893,0.3187267020284223,810,0.8852120175688309,False
finish_win_share,heavy(>=205),-0.055105369875843246,0.6991384272443362,315,-0.33104847389462977,0.018396407675586677,292,0.8852120175688309,False
worst_loss_elo,late_era(year>=2012),0.04594928136395368,0.7007730391065535,576,,,1567,0.8862947113060637,False
late_early_ratio,late_era(year>=2012),0.04599192052562127,0.7019721406039875,642,,,1807,0.8868248042963709,False
c_o_dist_pm,heavy(>=205),-0.035856940349685895,0.7040538561102747,541,-0.21402407917718236,0.04722588748789189,437,0.8880553535403668,False
elo_new,late_era(year>=2012),-0.03182859620710294,0.7045082927822435,1203,,,2812,0.8880553535403668,False
avg_mins,five_rounds,0.05910197812125608,0.7089023615253571,171,0.1005046297071852,0.4565442021431584,262,0.892092724626394,False
age_debut,light(<=135),-0.051777534653439844,0.7092804072667196,275,-0.12542963075374872,0.14678368409459025,806,0.892092724626394,False
dec_margin_avg,light(<=135),-0.08048774921702281,0.7136410059172277,96,-0.20398086933493131,0.06904586627363692,482,0.8960504872548752,False
d_o_tda15,title,0.0640175497574598,0.7148476589302046,159,-0.09923286833259123,0.5150866736489919,127,0.8960504872548752,False
fights_at_weight,five_rounds,-0.04493287225753545,0.7158161576657467,179,0.009064715741349587,0.9324592039780377,267,0.8960504872548752,False
c_leg_pm,late_era(year>=2012),0.02887793637333821,0.7159124575939979,1203,0.01802943623324139,1.0,2812,0.8960504872548752,False
ko_win_rate,main_event,-0.04399808469434101,0.7164057216240303,225,-0.05367380629522622,0.6559212700794319,233,0.8960504872548752,False
c_adj_sub,light(<=135),-0.053331141956417374,0.7173859052630405,282,-0.03076503169816598,0.7012790911509308,810,0.8960504872548752,False
d_dist_frac,main_event,-0.044600396394499586,0.7190323476772453,245,-0.05047845656120632,0.6729018872542659,238,0.8960504872548752,False
c_adj_sub,main_event,0.05197328751491672,0.7198517383448402,245,0.014264399704485268,0.914351053754632,238,0.8960504872548752,False
d_o_tda15,five_rounds,0.05312322471751209,0.7207399454109166,180,0.12844421676539786,0.2652394377599191,268,0.8960504872548752,False
dec_win_rate,heavy(>=205),-0.044454722176555966,0.7209085304092389,374,0.19887166812919202,0.13709617531293836,339,0.8960504872548752,False
avg_mins,heavy(>=205),-0.044271087010280846,0.7210960385560341,374,0.20121693509194669,0.07568757291049738,339,0.8960504872548752,False
c_head_pm,five_rounds,0.04696364135744856,0.7246051050771607,180,-0.014935780417580865,0.9002284877847931,268,0.8994279524811482,False
dec_loss_rate,late_era(year>=2012),-0.03339392538367807,0.7263199978498375,849,-0.04796174084561317,1.0,2207,0.9005734324484899,False
fights_365,main_event,0.04990628975541549,0.7276139469939407,245,0.08961677634153781,0.4880369838531595,238,0.9011950519957631,False
selo_kd,late_era(year>=2012),-0.027600768677122533,0.7315437171231325,1203,,,2812,0.9050763943079452,False
tenure_days,five_rounds,-0.03903292863732482,0.7326117174050665,180,-0.03283235141062894,0.764125073371718,268,0.9054125246625658,False
c_o_dist_pm,late_era(year>=2012),0.02795184213883302,0.7342128713499856,1203,,,2812,0.9055476021464212,False
c_kd_abs15,light(<=135),-0.049858348586966736,0.7343138867009678,282,0.00215040418872838,0.9819738987982346,810,0.9055476021464212,False
d_ctrl_abs_share,late_era(year>=2012),0.02744037104449445,0.7357421081333193,1203,,,2812,0.9058328324648693,False
c_kd_share,late_era(year>=2012),0.027241422099416837,0.7361385551429545,1203,,,2812,0.9058328324648693,False
d_adj_kd,late_era(year>=2012),-0.027405184425954365,0.7401822851786426,1203,,,2812,0.9098240629709369,False
c_sig_acc,light(<=135),0.05017184805436482,0.7413863973345105,282,0.04410931256079626,0.6022830606107898,810,0.9103200148696959,False
selo_kd,title,0.03763900871788061,0.744405901502315,159,0.06709357952991864,0.6210708808502816,127,0.9130415426193442,False
c_sig_att_pm,light(<=135),-0.0419680240637471,0.7458029862280029,282,0.03067851898339257,0.7006214088990466,810,0.9132365670619729,False
finished_loss_share,heavy(>=205),-0.04905188242816066,0.7461713023751739,236,0.06264231754828395,0.6535505819459752,252,0.9132365670619729,False
best_win_now,light(<=135),0.07490969162684734,0.7483550799390204,117,0.03678606517269032,0.7408132014371024,510,0.9148417925926936,False
elo,main_event,-0.03159040639918542,0.7490920922636743,245,-0.06977968347377542,0.47575270084784393,238,0.9148417925926936,False
c_adj_sub,title,-0.0642671369682547,0.7527209183522309,159,-0.011855388094347594,0.9522357212455048,127,0.9152357420211286,False
worst_loss_elo,five_rounds,0.058308233455077664,0.7542062494561286,92,0.016880394037906584,0.8836068251423187,188,0.9152357420211286,False
went_dist_rate,five_rounds,-0.05306894243813534,0.7550424252667903,171,0.019767398817701898,0.892339086603384,262,0.9152357420211286,False
common_score,late_era(year>=2012),-0.02540728923168684,0.7552254551757553,1203,0.012011582774930396,1.0,2812,0.9152357420211286,False
elo,title,-0.03765816014124395,0.7555538386339754,159,0.17066972001883135,0.17734358970119585,127,0.9152357420211286,False
elo_tuned,late_era(year>=2012),-0.02644349643636083,0.7557017784061473,1203,0.1584376484787203,1.0,2812,0.9152357420211286,False
c_rev15,title,-0.0839723759542246,0.7557193454922694,159,-0.9239289989815677,0.004754671523784451,127,0.9152357420211286,False
split_win_rate,light(<=135),0.04239340425032597,0.7558543199277394,163,0.04215396962784444,0.6396057895933143,627,0.9152357420211286,False
d_clinch_frac,heavy(>=205),-0.027294115111832558,0.7605982344431365,541,0.041859947213779426,0.665580562504269,437,0.9200002048530279,False
elo_new,light(<=135),0.04962247839067348,0.761479799224444,282,-0.029351291096234196,0.7379809187690829,810,0.920087706395529,False
debut,main_event,-0.08526657799080717,0.762757717211461,245,-0.05084280532872069,0.8945839028562457,238,0.9204295120483549,False
selo_strike,title,0.040608889427211,0.7633817325080023,159,0.16909890956586832,0.22416510304596274,127,0.9204295120483549,False
split_loss_rate,light(<=135),0.045102390310695066,0.7650327144443798,163,0.21932098271876882,0.011454500249617607,627,0.9214430045797244,False
worst_loss_now,heavy(>=205),-0.04370817518517009,0.7684695996875536,236,-0.13200056494525483,0.3159901254325935,252,0.9215840742701329,False
c_kd15,five_rounds,0.03359998864406211,0.7689851951380934,180,0.005965099871122926,0.9524915051005872,268,0.9215840742701329,False
ko_loss_2y,five_rounds,0.05061787728928442,0.7690973731999186,171,0.039920554133454154,0.7679475462794596,262,0.9215840742701329,False
c_tda15,light(<=135),0.048389677902851966,0.7712492862888307,282,-0.01672287383587187,0.8531912159826793,810,0.9215840742701329,False
d_o_ground_pm,heavy(>=205),-0.026284262581737914,0.7721100479567209,541,0.08248457518163559,0.396971223044036,437,0.9215840742701329,False
c_ctrl_share,heavy(>=205),-0.026488770527275565,0.7729510670502561,541,0.0437919636725464,0.664163994666739,437,0.9215840742701329,False
sos_elo,late_era(year>=2012),0.02809660037624964,0.7738934999034444,849,,,2207,0.9215840742701329,False
d_kd15,main_event,-0.02836776910854145,0.7742157799168938,245,-0.02707530933356228,0.7930616057352287,238,0.9215840742701329,False
selo_kd,light(<=135),-0.06397799801364362,0.7748824933974539,282,0.1421434099525156,0.15597984812752677,810,0.9215840742701329,False
c_o_ground_pm,main_event,-0.03981814431441438,0.7751488380009905,245,0.005646156575014598,0.9726300493900215,238,0.9215840742701329,False
win_rate_s,light(<=135),-0.04062507374653693,0.7758442522906472,282,-0.1345268297752492,0.10631379519405904,810,0.9215840742701329,False
d_clinch_frac,title,0.04984097836867168,0.7759678057157258,159,0.32768112836439284,0.06901384750302572,127,0.9215840742701329,False
ko_win_n,heavy(>=205),-0.0239189534126567,0.776459627810087,541,-0.04818138991836607,0.5568314275428972,437,0.9215840742701329,False
last_res,light(<=135),-0.05059048413129765,0.7764973994290126,161,-0.05167475543900041,0.5755475236117458,627,0.9215840742701329,False
five_n,title,0.024542379244803163,0.7776474667059134,159,0.1078204120254558,0.2586255180495929,127,0.9219866211101393,False
over_exp_last3,late_era(year>=2012),-0.027173773059284513,0.7793656150231749,846,,,2200,0.9230611502930728,False
d_tlpm,five_rounds,0.03516716315214709,0.7812829207867297,180,0.004668701224083503,0.9667427856295363,268,0.9243690748538103,False
common_score,light(<=135),0.0514365351623454,0.7838814863535828,282,-0.12288165763402886,0.15143162211420194,810,0.9251799823990423,False
streak,late_era(year>=2012),0.022445907075747885,0.7843297930759734,1203,,,2812,0.9251799823990423,False
d_rev15,light(<=135),0.036604660514582624,0.7856942505000514,282,-0.05991382802978597,0.4360851087024098,810,0.9251799823990423,False
d_stat_mins,main_event,0.03207188524164544,0.786439800732248,245,0.07763272989291656,0.5136252349594153,238,0.9251799823990423,False
last_ko_loss,main_event,0.04875201856355185,0.7864709371213865,225,0.010352116921902656,0.9415904521526857,233,0.9251799823990423,False
sub_win_n,late_era(year>=2012),-0.02142639362452713,0.7868505215302322,1203,0.04018522776712011,1.0,2812,0.9251799823990423,False
ko_loss_n,main_event,-0.028890784155963873,0.7894103383800923,245,0.07142005895754927,0.5159806598266276,238,0.9272309449774431,False
age,light(<=135),0.03626597571811263,0.7924022418137573,275,-0.06036771355474518,0.4934090972056222,806,0.9297846738310032,False
c_leg_pm,main_event,0.030479799574440806,0.7946242603610827,245,0.10397915059948158,0.35816308889021764,238,0.931430705186135,False
d_tda15,light(<=135),-0.039877986614896326,0.7963138641718583,282,-0.06323743089249724,0.4714513419718622,810,0.9324499109818775,False
d_adj_sub,light(<=135),-0.03619761595969338,0.7977123816519615,282,-0.0913852617192411,0.24545137449678206,810,0.9331050280236802,False
c_o_body_pm,title,-0.05303548099561667,0.7985146809736507,159,0.08197030351259897,0.6747234933382467,127,0.9331050280236802,False
fights_730,light(<=135),0.037853985195328274,0.8005623504238445,282,-0.15834221665055748,0.08215510499255815,810,0.9342058586569995,False
d_adj_td,main_event,-0.029660109561690434,0.8011000107217013,245,-0.1084435543370372,0.36653233482186454,238,0.9342058586569995,False
ko_loss_rate,five_rounds,0.05069307534567745,0.8023948044259215,171,0.07686446367118777,0.6696647382377456,262,0.9347570621232302,False
elo_mov,main_event,-0.024379076094800868,0.8064053179524661,245,-0.0853527452299454,0.3946875022957811,238,0.9369051197159056,False
went_dist_rate,main_event,-0.037923972439942784,0.8068533355567766,225,0.1085670145090609,0.4794054978124205,233,0.9369051197159056,False
dec_loss_n,light(<=135),0.04345222894337664,0.8075690670979009,282,0.11665093783281594,0.19434002532454908,810,0.9369051197159056,False
selo_grapple,five_rounds,0.02844410811340228,0.8081313692195534,180,-0.06652529038432005,0.47251203896748195,268,0.9369051197159056,False
c_td_abs15,title,-0.05286230044379515,0.8083587708366785,159,-0.46958913564917637,0.04332028919546113,127,0.9369051197159056,False
ko_win_n,light(<=135),-0.06525325687499897,0.8095970914841332,282,0.38379112215997024,0.0030512486889085694,810,0.9373848197733803,False
win_quality_now,light(<=135),-0.04256543790510782,0.8104228296211684,163,0.007756593759747111,0.9353616155964228,627,0.9373863248008835,False
d_td15,title,-0.03183708597187639,0.8120529735490736,159,0.16146259221457432,0.30577033729781733,127,0.9377322245463661,False
split_win_n,main_event,0.024701344923794027,0.8123713642727973,245,-0.053494687728037206,0.6717544002375576,238,0.9377322245463661,False
d_adj_ctrl,main_event,0.0264588517351604,0.8140340064667785,245,-0.06071867275072863,0.6137238243526122,238,0.9379361725156679,False
age_debut,five_rounds,-0.037715452834279094,0.814197891181147,179,0.18508697718191094,0.15804455528707895,267,0.9379361725156679,False
d_sig_att_pm,main_event,0.0294925614809337,0.815945734913113,245,0.027919473440233374,0.8178965828835488,238,0.9389982799556775,False
sub_win_rate,five_rounds,-0.03749024952399139,0.8189450358157468,171,-0.06503778228479472,0.6108222415410179,262,0.9398605094671197,False
c_clinch_frac,five_rounds,-0.038775256589337996,0.8198754827635176,180,0.08862546624306746,0.5062137669389883,268,0.9398605094671197,False
d_dist_pm,main_event,0.026598457074930457,0.8199202551176763,245,0.028848585148466662,0.8020369274293948,238,0.9398605094671197,False
c_adj_tda,light(<=135),0.03460076078022622,0.8200014295438722,282,-0.047379272845444964,0.5905867168967305,810,0.9398605094671197,False
c_o_clinch_pm,late_era(year>=2012),0.017880897700250465,0.8248155331961636,1203,-0.09214996653744871,1.0,2812,0.9434103196575687,False
d_o_leg_pm,late_era(year>=2012),0.0175332636082532,0.8254054619326319,1203,,,2812,0.9434103196575687,False
d_adj_td,title,0.03171690918562971,0.8255877467539849,159,0.20825528862908094,0.2028832962177289,127,0.9434103196575687,False
c_ctrl_share,title,0.03226379535860198,0.8272341750286136,159,0.31621715375029485,0.062085981545230144,127,0.9443426275176041,False
over_exp_last3,five_rounds,0.040076098219679536,0.8319803774066291,171,0.1454505839293957,0.2924345765255877,262,0.9468589328405324,False
dec_margin_avg,late_era(year>=2012),0.026433056668811634,0.8323952466247785,581,,,1665,0.9468589328405324,False
c_adj_ctrl,main_event,-0.023118312496483277,0.8333262671717356,245,-0.08517198331556912,0.4804801194420518,238,0.9468589328405324,False
d_ground_frac,title,-0.03644720190612529,0.8336750371831074,159,0.17282329427343435,0.30535962441501024,127,0.9468589328405324,False
d_clinch_pm,five_rounds,0.02930878484672517,0.8339888790224962,180,0.04249945081296016,0.6973965477205644,268,0.9468589328405324,False
c_td_share,title,-0.034152385967884016,0.8344350489940312,159,0.3526281470873981,0.033889549882020684,127,0.9468589328405324,False
glicko_rd,main_event,0.033771038430927706,0.8353406804083079,245,-0.056382890618465326,0.7954186066791795,238,0.9469415290371347,False
d_leg_frac,heavy(>=205),-0.018330633057096906,0.8391072687857383,541,-0.06998835224586905,0.5351910591051243,437,0.9502639089734904,False
d_o_dist_pm,late_era(year>=2012),-0.016630010549632226,0.8399807956093388,1203,,,2812,0.9503066314505654,False
dec_win_rate,five_rounds,0.0293866817243482,0.8429192925494716,171,0.0927223727895806,0.47468864544473643,262,0.9526831368079018,False
c_o_sub15,heavy(>=205),-0.023724091289912933,0.8444888848795836,541,0.18927792843985178,0.13068549153566908,437,0.9535092970288844,False
split_loss_rate,main_event,-0.039550672783875876,0.8469992630672182,225,-0.28023269501120623,0.12681637750245725,233,0.9535225369262371,False
selo_sub,main_event,0.019411103067859092,0.8481545210262609,245,0.025949944392681744,0.7955622543724075,238,0.9535225369262371,False
ko_loss_n,heavy(>=205),-0.015270395430657805,0.8484260516210134,541,0.1223804057425293,0.12402264819368064,437,0.9535225369262371,False
worst_loss_now,main_event,0.03253122475115091,0.848452129617111,133,-0.08329573204907768,0.5284585154329628,176,0.9535225369262371,False
d_adj_tda,light(<=135),-0.027601373013079054,0.8486937619783219,282,-0.0858404791688349,0.3231612008539819,810,0.9535225369262371,False
c_rev15,light(<=135),-0.02671484805961205,0.8516521506970405,282,-0.08066244859349964,0.2944676923562165,810,0.9543003431785921,False
d_o_ground_pm,main_event,-0.025303020267594598,0.8519629352247924,245,0.04449596399678643,0.763699567274589,238,0.9543003431785921,False
d_adj_def,main_event,0.02341000005421925,0.8526814050352554,245,0.11150820852876447,0.41657601642926256,238,0.9543003431785921,False
ko_win_rate,title,-0.03015157013157391,0.8528932191180463,114,-0.10623301872082966,0.502702811391536,111,0.9543003431785921,False
sub_loss_rate,late_era(year>=2012),-0.01786468141949152,0.8535826288589519,849,-0.006582023873991108,1.0,2207,0.9543003431785921,False
avg_gap_days,five_rounds,-0.04049135739188018,0.8562213343550895,156,-0.0070866892525922,0.963454888786588,259,0.9554210452553613,False
d_stat_mins,title,-0.028699995240897194,0.8568300008240342,159,0.15448141289127623,0.33909686405232187,127,0.9554210452553613,False
c_o_tda15,heavy(>=205),0.01867578132835269,0.8595810276859648,541,0.06917217039352647,0.513959441573811,437,0.9554210452553613,False
d_adj_slpm,light(<=135),0.023809107318675037,0.8604268107839692,282,0.06852465717198775,0.40431119153464234,810,0.9554210452553613,False
c_kd_abs15,late_era(year>=2012),-0.01442539897934793,0.8604538407804462,1203,,,2812,0.9554210452553613,False
fights_365,heavy(>=205),-0.017618121532434507,0.8607507843090293,541,-0.07077621806984118,0.48346459623515914,437,0.9554210452553613,False
sub_win_rate,main_event,0.025608095775010484,0.8607742613274317,225,-0.11952616981853403,0.3763711814496431,233,0.9554210452553613,False
dec_win_rate,title,0.029965671091533332,0.8624783106740543,114,0.28928450459952953,0.11577046365541253,111,0.9554210452553613,False
win_rate_s,late_era(year>=2012),-0.01433316707019203,0.8632156803597599,1203,,,2812,0.9554210452553613,False
ko_loss_rate,main_event,0.033602961542600805,0.86354603098279,225,0.09247539646999313,0.6138406472875371,233,0.9554210452553613,False
last_res,main_event,-0.023285945009327756,0.8643638289055904,225,0.04557652721944062,0.730466921736477,233,0.9554210452553613,False
c_ctrl_share,main_event,-0.019588280340889844,0.8646686504553798,245,-0.055940376301919746,0.6423191978630018,238,0.9554210452553613,False
d_head_acc,light(<=135),-0.023607847840722316,0.8655405530868391,282,-0.07992288541811812,0.3453325208424489,810,0.9554559309317825,False
best_win_elo,late_era(year>=2012),0.01836505278815306,0.8677802789474911,685,0.03567783773536505,1.0,1882,0.9562187595265093,False
selo_sub,title,0.023013638850048156,0.8680426907650465,159,0.06298884125297047,0.6960113065780482,127,0.9562187595265093,False
c_o_sig_att_pm,light(<=135),-0.019219001363751525,0.8688772609801784,282,0.026178836892868682,0.7398890650434624,810,0.9562187595265093,False
late_early_ratio,title,0.04985959593761378,0.8695956001322872,92,-0.36733348940545507,0.18687780219641942,104,0.9562187595265093,False
worst_loss_now,five_rounds,-0.031312915669460636,0.8707802566162465,92,-0.08393531013882408,0.5040335852238094,188,0.9565962819059635,False
d_kd_share,main_event,0.018089618454819482,0.8719826229052562,245,-0.015647412933620965,0.8942795301440494,238,0.9569925118178343,False
ko_loss_2y,title,-0.038736936009990466,0.8746403635494109,114,-1.1127482243675049,0.0013875836249774404,111,0.958983696582141,False
glicko,late_era(year>=2012),-0.013114976904943496,0.878671037652706,1203,,,2812,0.9624749227467503,False
sub_win_rate,title,0.028504985160660194,0.8808193403804244,114,0.1629943763808487,0.41475792587388993,111,0.9632596657505182,False
d_sig_att_pm,title,0.0251805240322764,0.8813018977587396,159,-0.11989176002556155,0.46600777331092536,127,0.9632596657505182,False
d_adj_ctrl,five_rounds,0.018742169429354902,0.8824273098799993,180,0.023675358185276163,0.8353839595980854,268,0.9632596657505182,False
h2h_score,main_event,-0.012368610611063627,0.8827762284186808,245,-0.04673990826095093,0.5634152080690571,238,0.9632596657505182,False
c_rev15,five_rounds,0.028664317908751163,0.8876164754142153,180,-0.3146107378959884,0.07126656597284087,268,0.9676125911274811,False
glicko_p,late_era(year>=2012),-0.01168667739090909,0.889678467521744,1203,0.14405987055992084,1.0,2812,0.9681688581717958,False
c_o_leg_pm,heavy(>=205),-0.01268947288434088,0.8911985000276248,541,-0.24324182818929255,0.029392186589876544,437,0.9681688581717958,False
sub_win_n,main_event,-0.013990352359873311,0.8914636094475663,245,-0.07475503425262518,0.4314174254745373,238,0.9681688581717958,False
dec_loss_rate,light(<=135),-0.02108693477727082,0.891864742985208,163,0.06543239990122146,0.4632902332924874,627,0.9681688581717958,False
c_kd_share,five_rounds,0.01679422712123162,0.8923843125453315,180,0.12756432955498126,0.2840933446034857,268,0.9681688581717958,False
c_td_share,heavy(>=205),-0.013041652836450202,0.8935592778023796,541,-0.008675407859106987,0.9314712051981052,437,0.9685194460069645,False
c_td_share,main_event,-0.01667758326306722,0.8948608258852551,245,-0.12344394477602516,0.3097292632229957,238,0.968997659779822,False
d_ground_frac,main_event,0.016663324070002445,0.8962272659824166,245,-0.0051406537957726355,0.9665499396379034,238,0.968997659779822,False
d_ground_pm,heavy(>=205),-0.011257686728822986,0.8965572014849365,541,0.03450916251916104,0.7214391494130967,437,0.968997659779822,False
d_rev15,main_event,0.01904800872163447,0.8993945077921289,245,-0.3632876408266331,0.038145804378312435,238,0.9695906015723366,False
switch,heavy(>=205),-0.011344648667120072,0.8995688905833251,541,-0.3807209105012125,0.013835516586188874,437,0.9695906015723366,False
elo_fast,late_era(year>=2012),0.010796810503758896,0.8996641026022999,1203,,,2812,0.9695906015723366,False
last_ko_loss,five_rounds,0.027828275944349536,0.9008248358162372,171,0.03310226211871996,0.8128767501722746,262,0.9699221953816871,False
c_clinch_pm,light(<=135),0.019728805874539637,0.9021463285934427,282,0.08358855385681689,0.27719981379415704,810,0.9704260885626721,False
dec_win_n,five_rounds,-0.012719307564917506,0.9058382653536403,180,0.030042962618583073,0.7555100300250907,268,0.971846013126533,False
elo_tuned,light(<=135),-0.017770785298172668,0.9077252021152199,282,-0.07664280966110368,0.37968390492610393,810,0.971846013126533,False
c_leg_pm,heavy(>=205),0.01031178357737307,0.9079314968784817,541,-0.1096784616894236,0.3298529693626471,437,0.971846013126533,False
win_rate_s,five_rounds,0.0184587579645453,0.908139786690423,180,0.19904695163986905,0.1756221217281807,268,0.971846013126533,False
over_exp_last3,light(<=135),-0.019877520113722198,0.9081953778332891,161,-0.13820763022358584,0.14637332806358958,627,0.971846013126533,False
avg_mins,main_event,0.01745862310380736,0.9089451512762305,225,0.1711954462952885,0.24446315404777946,233,0.971846013126533,False
glicko_p,light(<=135),0.01801171630330826,0.9099707835863875,282,-0.043245903567425796,0.6191496686882536,810,0.971846013126533,False
glicko,light(<=135),0.017922860137005822,0.9115372827818574,282,-0.05946284206343373,0.49555214563995076,810,0.971846013126533,False
losses_last2,late_era(year>=2012),-0.010667789403093271,0.9119336970486631,849,-0.07884071796111614,1.0,2207,0.971846013126533,False
d_ctrl_share,title,0.015709258753272504,0.9124237663188697,159,0.3047339900260124,0.0692816291554557,127,0.971846013126533,False
c_kd15,main_event,0.011048380908720757,0.9128685505885112,245,-0.05363049470070695,0.6088907988838719,238,0.971846013126533,False
d_sig_att_pm,light(<=135),-0.013734240044988364,0.9143680678461474,282,0.05006388266782594,0.5306612509159357,810,0.9725317990094197,False
c_adj_td,main_event,-0.012625572399242268,0.9166261894810509,245,-0.09786333097392493,0.4024207922079307,238,0.9740224088223877,False
c_adj_td,title,0.015500752452268868,0.9176326885841289,159,0.22437920825979063,0.15305719115390468,127,0.9741814817181649,False
glicko_rd,title,0.024477361701271915,0.9199274581205392,159,-0.31469506175192163,0.39595266823891284,127,0.9757066416819524,False
c_adj_slpm,light(<=135),-0.01278340767073759,0.9254098314482666,282,0.09520838166649516,0.24152338547322355,810,0.9806066899875854,False
d_adj_def,late_era(year>=2012),-0.007461106533151659,0.9272984134692585,1203,,,2812,0.9816930131420362,False
elo_fast,title,-0.010753399982375423,0.9318905454073936,159,0.2103321568681168,0.1115644537532696,127,0.982711202014036,False
sos_elo,light(<=135),0.01852893273869682,0.9324509293153931,163,0.0641705720665928,0.559349666281254,627,0.982711202014036,False
d_kd15,late_era(year>=2012),-0.00682010984811608,0.9329802961975163,1203,,,2812,0.982711202014036,False
ko_loss_n,five_rounds,-0.009772948705802923,0.9345649928383788,180,0.04714755332542885,0.6665870595829977,268,0.982711202014036,False
c_adj_ctrl,five_rounds,-0.010320049881653132,0.9348405556442492,180,0.014573844841301947,0.8983445511375349,268,0.982711202014036,False
d_kd15,five_rounds,-0.00871366693514948,0.9365230287520219,180,0.027821911454917355,0.7796128545042239,268,0.982711202014036,False
d_ctrl_abs_share,light(<=135),-0.011185750921727494,0.9365970760460774,282,-0.031296497139202004,0.714495175472343,810,0.982711202014036,False
weight_change,five_rounds,0.010273354013467666,0.937827729537004,180,-0.032562262793219235,0.8309078140329935,268,0.982711202014036,False
d_leg_pm,late_era(year>=2012),-0.00612431514840645,0.9385173865515701,1203,,,2812,0.982711202014036,False
d_o_sig_att_pm,light(<=135),-0.008724300817730114,0.9396902917394909,282,0.0677795062278373,0.39229263117158464,810,0.982711202014036,False
elo_mov,late_era(year>=2012),0.0061768048914296785,0.9423148699356723,1203,0.13919144333004926,1.0,2812,0.982711202014036,False
split_loss_n,light(<=135),0.009835242555707047,0.9424352146695792,282,0.21993396012129854,0.009466376499832225,810,0.982711202014036,False
dec_win_n,title,0.009603161071724797,0.943590605541107,159,0.22586887344231402,0.14166151111700861,127,0.982711202014036,False
selo_sub,five_rounds,0.007946138548184661,0.9436579308918602,180,-0.009348559179252735,0.923264131713808,268,0.982711202014036,False
tenure_days,heavy(>=205),0.0060761529992592305,0.944105665438506,541,0.06789902029490871,0.45294867268009775,437,0.982711202014036,False
losses_last2,light(<=135),-0.013109996193250421,0.9449345458834763,163,0.09947587300402383,0.29686004323019316,627,0.982711202014036,False
last3_winrate,five_rounds,0.013410443531408668,0.9449622779784622,171,0.17053104564290963,0.24503086623260006,262,0.982711202014036,False
c_dist_frac,main_event,0.008983857307273678,0.9450446136418483,245,-0.06180954986354297,0.6234827352187378,238,0.982711202014036,False
c_sub15,main_event,0.008890754773186519,0.9453531819777875,245,-0.010361591951664646,0.9335282379126457,238,0.982711202014036,False
selo_grapple,main_event,-0.007072173182182799,0.9455462225183425,245,-0.11885513719545708,0.2184137194619715,238,0.982711202014036,False
c_sig_acc,heavy(>=205),-0.005798866275675489,0.9479939045690289,541,-0.0392219238728854,0.6718226210426341,437,0.9837802261414099,False
d_adj_kd,five_rounds,-0.007509778390056359,0.9483053015400047,180,0.03421320454526179,0.7488670632935662,268,0.9837802261414099,False
d_sig_att_pm,five_rounds,0.008903655321406552,0.9497333746115764,180,-0.06948137222688293,0.5411832653759427,268,0.9843635797022445,False
d_adj_sub,main_event,0.00837284289273037,0.9509445731435956,245,0.07466660164672795,0.6024702971671565,238,0.9847212929547069,False
c_adj_kd,main_event,0.005864310454338172,0.9582789794140298,245,-0.03352453678640256,0.7706701163014467,238,0.9888267154455661,False
last_res,five_rounds,-0.008597293433504672,0.9589052146623097,171,0.09715710710031045,0.44874269936113786,262,0.9888267154455661,False
d_leg_pm,heavy(>=205),0.00465090311841588,0.9589062566595353,541,-0.1032825877565033,0.38112589008144093,437,0.9888267154455661,False
finish_win_share,main_event,-0.008612040758307038,0.9607705218699254,221,-0.11116979883518688,0.5537208467419783,233,0.9888267154455661,False
c_slpm_minus_sapm,heavy(>=205),0.004357030329746542,0.9614987114541763,541,0.06634430443441923,0.5184087964274542,437,0.9888267154455661,False
elo_new,five_rounds,-0.005963683571897986,0.9620029384133941,180,0.01340537881684532,0.9042253076622617,268,0.9888267154455661,False
fights_730,title,0.01066711025505232,0.9634318547711096,159,0.3033860808941512,0.17403045636335712,127,0.9888267154455661,False
d_adj_sub,five_rounds,-0.007814875060448105,0.9639658665122882,180,0.09410549323588015,0.49462390350966845,268,0.9888267154455661,False
d_dist_frac,title,-0.0074588964326979135,0.9648136004673828,159,-0.3447929246570946,0.04472066533573644,127,0.9888267154455661,False
elo_fast,main_event,0.00446017956333299,0.9654410649762415,245,-0.05495361925319874,0.5957749503325718,238,0.9888267154455661,False
d_o_tda15,main_event,0.00556162942242775,0.965804008326041,245,0.19194940420036824,0.13093094830504348,238,0.9888267154455661,False
d_o_sig_att_pm,late_era(year>=2012),0.003355457808506382,0.9664984751925563,1203,,,2812,0.9888267154455661,False
win_quality_now,late_era(year>=2012),-0.004137043260684848,0.9669038160233927,849,,,2207,0.9888267154455661,False
d_sig_acc,heavy(>=205),0.003644430112749515,0.967682792036343,541,-0.014041014805895443,0.8843841277575485,437,0.9888267154455661,False
d_leg_pm,main_event,-0.004633021128245034,0.968169671670625,245,0.17463614705401398,0.1162712349736292,238,0.9888267154455661,False
switch,late_era(year>=2012),0.002926937033784582,0.9706194876277758,1203,,,2812,0.9888267154455661,False
best_win_now,late_era(year>=2012),0.004019982345845888,0.9709347792642912,685,,,1882,0.9888267154455661,False
debut,light(<=135),0.0043781247706691,0.9711268987451331,282,0.11637227144064224,0.15274056950481932,810,0.9888267154455661,False
d_adj_sub,late_era(year>=2012),0.002882263543889736,0.9722233681004164,1203,,,2812,0.9888267154455661,False
selo_strike,five_rounds,0.003994337874885707,0.972302786163714,180,-0.06577192528738725,0.5083812037400477,268,0.9888267154455661,False
debut,heavy(>=205),-0.0032047617019730096,0.9738523934104888,541,0.08111874026708586,0.4328362619179992,437,0.9891727741724257,False
dec_margin_avg,heavy(>=205),0.0046254346637591105,0.9743830317265759,201,0.020139352378781672,0.8707130846360941,218,0.9891727741724257,False
ko_loss_2y,main_event,0.004404293055965792,0.9765310821945887,225,0.04989012818223792,0.7146491619455411,233,0.9897907825188131,False
split_win_n,five_rounds,-0.0035522878432274756,0.9773101582911186,180,-0.05870607706603862,0.628832809430967,268,0.9897907825188131,False
c_leg_frac,heavy(>=205),0.002439352299214271,0.9783401161258612,541,-0.07562324801389944,0.4839714943737313,437,0.9897907825188131,False
sub_loss_rate,light(<=135),0.003967334684580197,0.978473913413497,163,-0.022462890332379918,0.8014415130303536,627,0.9897907825188131,False
c_adj_slpm,heavy(>=205),0.0022404627139009396,0.9803385546912736,541,-0.1343984751316234,0.22783413559376706,437,0.9907954992746473,False
d_slpm,light(<=135),-0.0030758901957539395,0.9812321284144624,282,0.026215982504489522,0.7463929836045884,810,0.9908178774487066,False
dec_win_rate,main_event,0.002840270893429339,0.9835345063685408,225,0.15629075930561775,0.26422427503790924,233,0.9922062409149421,False
c_ctrl_abs_share,light(<=135),0.0027193338182773755,0.9843523656570403,282,0.0013060638301283806,0.9876937339233026,810,0.9922062409149421,False
c_adj_def,heavy(>=205),-0.0016656652359212485,0.985952712786458,541,0.0016683025739140276,0.9874040911676012,437,0.9924632296301651,False
d_o_clinch_pm,late_era(year>=2012),0.0013864227322382473,0.9863530778206566,1203,,,2812,0.9924632296301651,False
switch,title,0.0026053468380598925,0.9890056374390339,159,0.513631097565128,0.012660320444426401,127,0.9942523516960049,False
d_td_share,main_event,0.00129637316099612,0.9914961910848451,245,-0.10172141712302507,0.3978316984013186,238,0.9951911123871111,False
title_rate,five_rounds,0.001124583334190177,0.9916900002942806,171,-0.005845090323024626,0.9458034718774451,262,0.9951911123871111,False
c_o_ground_pm,heavy(>=205),-0.0007952500060021284,0.9928456329538191,541,0.05179260299953755,0.5984420497606314,437,0.9954722087023743,False
d_sub15,main_event,0.0005527984766424763,0.9964571356242103,245,0.04266853991829933,0.7484501925714604,238,0.9982130072288345,False
elo,late_era(year>=2012),-0.00021127571548246944,0.998016458523926,1203,0.13161883595533924,1.0,2812,0.998519147883803,False
title_n,five_rounds,-0.00016219187962360053,0.998519147883803,180,0.042904967278883675,0.5698676462129209,268,0.998519147883803,False
