sd_event_url,sd_event,date,sd_location
https://www.sherdog.com/events/UFC-331-Van-vs-Pantoja-2-113633,UFC 331 - Van vs. Pantoja 2,2026-09-19,"Crypto.com Arena, Los Angeles, California, United States"
https://www.sherdog.com/events/UFC-Fight-Night-289-Barcelos-vs-Rosas-Jr-113789,UFC Fight Night 289 - Barcelos vs. Rosas Jr.,2026-09-26,"UFC Apex, Las Vegas, Nevada, United States"
https://www.sherdog.com/events/UFC-332-Silva-vs-Wang-114123,UFC 332 - Silva vs. Wang,2026-10-03,"Delta Center, Salt Lake City, Utah, United States"
https://www.sherdog.com/events/UFC-Fight-Night-290-Allen-vs-Duncan-113919,UFC Fight Night 290 - Allen vs. Duncan,2026-10-10,"UFC Apex, Las Vegas, Nevada, United States"
https://www.sherdog.com/events/UFC-Fight-Night-291-Buckley-vs-Malott-113800,UFC Fight Night 291 - Buckley vs. Malott,2026-10-17,"Rogers Place, Edmonton, Alberta, Canada"
https://www.sherdog.com/events/UFC-333-Volkanovski-vs-Evloev-113863,UFC 333 - Volkanovski vs. Evloev,2026-10-24,"Etihad Arena, Yas Island, Abu Dhabi, United Arab Emirates"
https://www.sherdog.com/events/UFC-Fight-Night-292-TBA-114214,UFC Fight Night 292 - TBA,2026-10-31,"UFC Apex, Las Vegas, Nevada, United States"
https://www.sherdog.com/events/UFC-Fight-Night-293-Bonfim-vs-Brady-114213,UFC Fight Night 293 - Bonfim vs. Brady,2026-11-07,"UFC Apex, Las Vegas, Nevada, United States"
https://www.sherdog.com/events/UFC-334-TBA-114293,UFC 334 - TBA,2026-11-14,"Madison Square Garden, New York City, New York, United States"
https://www.sherdog.com/events/UFC-Qatar-TBA-114295,UFC Qatar - TBA,2026-11-21,"ABHA Arena, Doha, Qatar"
https://www.sherdog.com/events/UFC-335-TBA-114294,UFC 335 - TBA,2026-12-12,"T-Mobile Arena, Las Vegas, Nevada, United States"
https://www.sherdog.com/events/UFC-Fight-Night-288-Noche-UFC-4-113632,UFC Fight Night 288 - Noche UFC 4,2026-09-12,"Desert Diamond Arena, Glendale, Arizona, United States"
https://www.sherdog.com/events/UFC-Fight-Night-287-Hooker-vs-Parnasse-113189,UFC Fight Night 287 - Hooker vs. Parnasse,2026-09-05,"Accor Arena, Paris, France"
https://www.sherdog.com/events/UFC-Fight-Night-286-Nurmagomedov-vs-Song-113007,UFC Fight Night 286 - Nurmagomedov vs. Song,2026-08-29,"Shanghai Oriental Sports Center, Shanghai, China"
https://www.sherdog.com/events/UFC-Road-to-UFC-Season-5-Shanghai-Semifinals-113362,UFC - Road to UFC Season 5: Shanghai Semifinals,2026-08-28,"Shanghai Oriental Sports Center, Shanghai, China"
https://www.sherdog.com/events/UFC-Fight-Night-285-Hernandez-vs-Rodrigues-113260,UFC Fight Night 285 - Hernandez vs. Rodrigues,2026-08-22,"Golden 1 Center, Sacramento, California, United States"
https://www.sherdog.com/events/UFC-330-Makhachev-vs-Garry-112557,UFC 330 - Makhachev vs. Garry,2026-08-15,"Xfinity Mobile Arena, Philadelphia, Pennsylvania, United States"
https://www.sherdog.com/events/UFC-Fight-Night-284-Gamrot-vs-Salkilld-112957,UFC Fight Night 284 - Gamrot vs. Salkilld,2026-08-08,"UFC Apex, Las Vegas, Nevada, United States"
https://www.sherdog.com/events/UFC-Fight-Night-283-Medic-vs-Rodriguez-112723,UFC Fight Night 283 - Medic vs. Rodriguez,2026-08-01,"Belgrade Arena, Belgrade, Serbia"
https://www.sherdog.com/events/UFC-Fight-Night-282-Ankalaev-vs-Guskov-112908,UFC Fight Night 282 - Ankalaev vs. Guskov,2026-07-25,"Etihad Arena, Yas Island, Abu Dhabi, United Arab Emirates"
https://www.sherdog.com/events/UFC-Fight-Night-281-Du-Plessis-vs-Usman-112601,UFC Fight Night 281 - Du Plessis vs. Usman,2026-07-18,"Paycom Center, Oklahoma City, Oklahoma, United States"
https://www.sherdog.com/events/UFC-329-McGregor-vs-Holloway-2-111889,UFC 329 - McGregor vs. Holloway 2,2026-07-11,"T-Mobile Arena, Las Vegas, Nevada, United States"
https://www.sherdog.com/events/UFC-Fight-Night-280-Fiziev-vs-Torres-112205,UFC Fight Night 280 - Fiziev vs. Torres,2026-06-27,"National Gymnastics Arena, Baku, Azerbaijan"
https://www.sherdog.com/events/UFC-Fight-Night-279-Kape-vs-Horiguchi-2-112139,UFC Fight Night 279 - Kape vs. Horiguchi 2,2026-06-20,"UFC Apex, Las Vegas, Nevada, United States"
https://www.sherdog.com/events/UFC-White-House-Freedom-250-Topuria-vs-Gaethje-111990,UFC White House - Freedom 250: Topuria vs. Gaethje,2026-06-14,"The White House, Washington, D.C., United States"
https://www.sherdog.com/events/UFC-Fight-Night-278-Muhammad-vs-Bonfim-112060,UFC Fight Night 278 - Muhammad vs. Bonfim,2026-06-06,"UFC Apex, Las Vegas, Nevada, United States"
https://www.sherdog.com/events/UFC-Fight-Night-277-Song-vs-Figueiredo-111528,UFC Fight Night 277 - Song vs. Figueiredo,2026-05-30,"Galaxy Arena, Macau, China"
https://www.sherdog.com/events/UFC-Road-to-UFC-Season-5-Macau-Quarterfinals-2-112437,UFC - Road to UFC Season 5: Macau Quarterfinals 2,2026-05-29,"Galaxy Arena, Macau, China"
https://www.sherdog.com/events/UFC-Road-to-UFC-Season-5-Macau-Quarterfinals-1-112436,UFC - Road to UFC Season 5: Macau Quarterfinals 1,2026-05-28,"Galaxy Arena, Macau, China"
https://www.sherdog.com/events/UFC-Fight-Night-276-Allen-vs-Costa-111865,UFC Fight Night 276 - Allen vs. Costa,2026-05-16,"UFC Apex, Las Vegas, Nevada, United States"
https://www.sherdog.com/events/UFC-328-Chimaev-vs-Strickland-111957,UFC 328 - Chimaev vs. Strickland,2026-05-09,"Prudential Center, Newark, New Jersey, United States"
https://www.sherdog.com/events/UFC-Fight-Night-275-Della-Maddalena-vs-Prates-111890,UFC Fight Night 275 - Della Maddalena vs. Prates,2026-05-02,"RAC Arena, Perth, Western Australia, Australia"
https://www.sherdog.com/events/UFC-Fight-Night-274-Sterling-vs-Zalal-111715,UFC Fight Night 274 - Sterling vs. Zalal,2026-04-25,"UFC Apex, Las Vegas, Nevada, United States"
https://www.sherdog.com/events/UFC-Fight-Night-273-Burns-vs-Malott-111672,UFC Fight Night 273 - Burns vs. Malott,2026-04-18,"Canada Life Centre, Winnipeg, Manitoba, Canada"
https://www.sherdog.com/events/UFC-327-Prochazka-vs-Ulberg-111135,UFC 327 - Prochazka vs. Ulberg,2026-04-11,"Kaseya Center, Miami, Florida, United States"
https://www.sherdog.com/events/UFC-Fight-Night-272-Moicano-vs-Duncan-111271,UFC Fight Night 272 - Moicano vs. Duncan,2026-04-04,"UFC Apex, Las Vegas, Nevada, United States"
https://www.sherdog.com/events/UFC-Fight-Night-271-Adesanya-vs-Pyfer-110786,UFC Fight Night 271 - Adesanya vs. Pyfer,2026-03-28,"Climate Pledge Arena, Seattle, Washington, United States"
https://www.sherdog.com/events/UFC-Fight-Night-270-Evloev-vs-Murphy-110783,UFC Fight Night 270 - Evloev vs. Murphy,2026-03-21,"O2 Arena, London, Greater London, England"
https://www.sherdog.com/events/UFC-Fight-Night-269-Emmett-vs-Vallejos-110785,UFC Fight Night 269 - Emmett vs. Vallejos,2026-03-14,"UFC Apex, Las Vegas, Nevada, United States"
https://www.sherdog.com/events/UFC-326-Holloway-vs-Oliveira-2-110782,UFC 326 - Holloway vs. Oliveira 2,2026-03-07,"T-Mobile Arena, Las Vegas, Nevada, United States"
https://www.sherdog.com/events/UFC-Fight-Night-268-Moreno-vs-Kavanagh-110750,UFC Fight Night 268 - Moreno vs. Kavanagh,2026-02-28,"Arena CDMX, Mexico City, Federal District, Mexico"
https://www.sherdog.com/events/UFC-Fight-Night-267-Strickland-vs-Hernandez-110784,UFC Fight Night 267 - Strickland vs. Hernandez,2026-02-21,"Toyota Center, Houston, Texas, United States"
https://www.sherdog.com/events/UFC-Fight-Night-266-Bautista-vs-Oliveira-110753,UFC Fight Night 266 - Bautista vs. Oliveira,2026-02-07,"UFC Apex, Las Vegas, Nevada, United States"
https://www.sherdog.com/events/UFC-325-Volkanovski-vs-Lopes-2-110692,UFC 325 - Volkanovski vs. Lopes 2,2026-01-31,"Qudos Bank Arena, Sydney, New South Wales, Australia"
https://www.sherdog.com/events/UFC-324-Gaethje-vs-Pimblett-110614,UFC 324 - Gaethje vs. Pimblett,2026-01-24,"T-Mobile Arena, Las Vegas, Nevada, United States"
https://www.sherdog.com/events/UFC-on-ESPN-73-Royval-vs-Kape-109507,UFC on ESPN 73 - Royval vs. Kape,2025-12-13,"UFC Apex, Las Vegas, Nevada, United States"
https://www.sherdog.com/events/UFC-323-Dvalishvili-vs-Yan-2-109392,UFC 323 - Dvalishvili vs. Yan 2,2025-12-06,"T-Mobile Arena, Las Vegas, Nevada, United States"
https://www.sherdog.com/events/UFC-Fight-Night-265-Tsarukyan-vs-Hooker-108826,UFC Fight Night 265 - Tsarukyan vs. Hooker,2025-11-22,"ABHA Arena, Doha, Qatar"
https://www.sherdog.com/events/UFC-322-Della-Maddalena-vs-Makhachev-109394,UFC 322 - Della Maddalena vs. Makhachev,2025-11-15,"Madison Square Garden, New York City, New York, United States"
https://www.sherdog.com/events/UFC-Fight-Night-264-Bonfim-vs-Brown-109395,UFC Fight Night 264 - Bonfim vs. Brown,2025-11-08,"UFC Apex, Las Vegas, Nevada, United States"
https://www.sherdog.com/events/UFC-Fight-Night-263-Garcia-vs-Onama-109254,UFC Fight Night 263 - Garcia vs. Onama,2025-11-01,"UFC Apex, Las Vegas, Nevada, United States"
https://www.sherdog.com/events/UFC-321-Aspinall-vs-Gane-108759,UFC 321 - Aspinall vs. Gane,2025-10-25,"Etihad Arena, Yas Island, Abu Dhabi, United Arab Emirates"
https://www.sherdog.com/events/UFC-Fight-Night-262-De-Ridder-vs-Allen-108437,UFC Fight Night 262 - De Ridder vs. Allen,2025-10-18,"Rogers Arena, Vancouver, British Columbia, Canada"
https://www.sherdog.com/events/UFC-Fight-Night-261-Oliveira-vs-Gamrot-108929,UFC Fight Night 261 - Oliveira vs. Gamrot,2025-10-11,"Farmasi Arena, Rio de Janeiro, Rio de Janeiro, Brazil"
https://www.sherdog.com/events/UFC-320-Ankalaev-vs-Pereira-2-108436,UFC 320 - Ankalaev vs. Pereira 2,2025-10-04,"T-Mobile Arena, Las Vegas, Nevada, United States"
https://www.sherdog.com/events/UFC-Fight-Night-260-Ulberg-vs-Reyes-108827,UFC Fight Night 260 - Ulberg vs. Reyes,2025-09-27,"RAC Arena, Perth, Western Australia, Australia"
https://www.sherdog.com/events/UFC-Fight-Night-259-Noche-UFC-Lopes-vs-Silva-107492,UFC Fight Night 259 - Noche UFC: Lopes vs. Silva,2025-09-13,"Frost Bank Center, San Antonio, Texas, United States"
https://www.sherdog.com/events/UFC-Fight-Night-258-Imavov-vs-Borralho-108359,UFC Fight Night 258 - Imavov vs. Borralho,2025-09-06,"Accor Arena, Paris, France"
https://www.sherdog.com/events/UFC-Fight-Night-257-Walker-vs-Zhang-108195,UFC Fight Night 257 - Walker vs. Zhang,2025-08-23,"Shanghai Indoor Stadium, Shanghai, China"
https://www.sherdog.com/events/UFC-Road-to-UFC-Season-4-Shanghai-Semifinals-2-109246,UFC - Road to UFC Season 4: Shanghai Semifinals 2,2025-08-22,"Shanghai Indoor Stadium, Shanghai, China"
https://www.sherdog.com/events/UFC-Road-to-UFC-Season-4-Shanghai-Semifinals-1-108193,UFC - Road to UFC Season 4: Shanghai Semifinals 1,2025-08-22,"Shanghai Indoor Stadium, Shanghai, China"
https://www.sherdog.com/events/UFC-319-Du-Plessis-vs-Chimaev-108116,UFC 319 - Du Plessis vs. Chimaev,2025-08-16,"United Center, Chicago, Illinois, United States"
https://www.sherdog.com/events/UFC-on-ESPN-72-Dolidze-vs-Hernandez-108028,UFC on ESPN 72 - Dolidze vs. Hernandez,2025-08-09,"UFC Apex, Las Vegas, Nevada, United States"
https://www.sherdog.com/events/UFC-on-ESPN-71-Taira-vs-Park-108019,UFC on ESPN 71 - Taira vs. Park,2025-08-02,"UFC Apex, Las Vegas, Nevada, United States"
https://www.sherdog.com/events/UFC-on-ABC-9-Whittaker-vs-de-Ridder-107385,UFC on ABC 9 - Whittaker vs. de Ridder,2025-07-26,"Etihad Arena, Yas Island, Abu Dhabi, United Arab Emirates"
https://www.sherdog.com/events/UFC-318-Holloway-vs-Poirier-3-107850,UFC 318 - Holloway vs. Poirier 3,2025-07-19,"Smoothie King Center, New Orleans, Louisiana, United States"
https://www.sherdog.com/events/UFC-on-ESPN-70-Lewis-vs-Teixeira-107548,UFC on ESPN 70 - Lewis vs. Teixeira,2025-07-12,"Bridgestone Arena, Nashville, Tennessee, United States"
https://www.sherdog.com/events/UFC-317-Topuria-vs-Oliveira-107211,UFC 317 - Topuria vs. Oliveira,2025-06-28,"T-Mobile Arena, Las Vegas, Nevada, United States"
https://www.sherdog.com/events/UFC-on-ABC-8-Hill-vs-Rountree-107376,UFC on ABC 8 - Hill vs. Rountree,2025-06-21,"Baku Crystal Hall, Baku, Azerbaijan"
https://www.sherdog.com/events/UFC-on-ESPN-69-Usman-vs-Buckley-107390,UFC on ESPN 69 - Usman vs. Buckley,2025-06-14,"State Farm Arena, Atlanta, Georgia, United States"
https://www.sherdog.com/events/UFC-316-Dvalishvili-vs-OMalley-2-107105,UFC 316 - Dvalishvili vs. O'Malley 2,2025-06-07,"Prudential Center, Newark, New Jersey, United States"
https://www.sherdog.com/events/UFC-on-ESPN-68-Blanchfield-vs-Barber-106885,UFC on ESPN 68 - Blanchfield vs. Barber,2025-05-31,"UFC Apex, Las Vegas, Nevada, United States"
https://www.sherdog.com/events/UFC-Road-to-UFC-Season-4-Shanghai-Quarterfinals-4-107462,UFC - Road to UFC Season 4: Shanghai Quarterfinals 4,2025-05-23,"UFC Performance Institute, Shanghai, China"
https://www.sherdog.com/events/UFC-Road-to-UFC-Season-4-Shanghai-Quarterfinals-3-107461,UFC - Road to UFC Season 4: Shanghai Quarterfinals 3,2025-05-23,"UFC Performance Institute, Shanghai, China"
https://www.sherdog.com/events/UFC-Road-to-UFC-Season-4-Shanghai-Quarterfinals-2-107456,UFC - Road to UFC Season 4: Shanghai Quarterfinals 2,2025-05-22,"UFC Performance Institute, Shanghai, China"
https://www.sherdog.com/events/UFC-Road-to-UFC-Season-4-Shanghai-Quarterfinals-1-107457,UFC - Road to UFC Season 4: Shanghai Quarterfinals 1,2025-05-22,"UFC Performance Institute, Shanghai, China"
https://www.sherdog.com/events/UFC-Fight-Night-256-Burns-vs-Morales-107121,UFC Fight Night 256 - Burns vs. Morales,2025-05-17,"UFC Apex, Las Vegas, Nevada, United States"
https://www.sherdog.com/events/UFC-315-Muhammad-vs-Della-Maddalena-106942,UFC 315 - Muhammad vs. Della Maddalena,2025-05-10,"Bell Centre, Montreal, Quebec, Canada"
https://www.sherdog.com/events/UFC-on-ESPN-67-Sandhagen-vs-Figueiredo-106884,UFC on ESPN 67 - Sandhagen vs. Figueiredo,2025-05-03,"Wells Fargo Arena, Des Moines, Iowa, United States"
https://www.sherdog.com/events/UFC-on-ESPN-66-Garry-vs-Prates-106862,UFC on ESPN 66 - Garry vs. Prates,2025-04-26,"T-Mobile Center, Kansas City, Missouri, United States"
https://www.sherdog.com/events/UFC-314-Volkanovski-vs-Lopes-106606,UFC 314 - Volkanovski vs. Lopes,2025-04-12,"Kaseya Center, Miami, Florida, United States"
https://www.sherdog.com/events/UFC-on-ESPN-65-Emmett-vs-Murphy-106343,UFC on ESPN 65 - Emmett vs. Murphy,2025-04-05,"UFC Apex, Las Vegas, Nevada, United States"
https://www.sherdog.com/events/UFC-on-ESPN-64-Moreno-vs-Erceg-105790,UFC on ESPN 64 - Moreno vs. Erceg,2025-03-29,"Arena CDMX, Mexico City, Mexico City, Mexico"
https://www.sherdog.com/events/UFC-Fight-Night-255-Edwards-vs-Brady-105670,UFC Fight Night 255 - Edwards vs. Brady,2025-03-22,"O2 Arena, London, Greater London, England"
https://www.sherdog.com/events/UFC-Fight-Night-254-Vettori-vs-Dolidze-2-105789,UFC Fight Night 254 - Vettori vs. Dolidze 2,2025-03-15,"UFC Apex, Las Vegas, Nevada, United States"
https://www.sherdog.com/events/UFC-313-Pereira-vs-Ankalaev-105788,UFC 313 - Pereira vs. Ankalaev,2025-03-08,"T-Mobile Arena, Las Vegas, Nevada, United States"
https://www.sherdog.com/events/UFC-Fight-Night-253-Kape-vs-Almabayev-105575,UFC Fight Night 253 - Kape vs. Almabayev,2025-03-01,"UFC Apex, Las Vegas, Nevada, United States"
https://www.sherdog.com/events/UFC-Fight-Night-252-Cejudo-vs-Song-105576,UFC Fight Night 252 - Cejudo vs. Song,2025-02-22,"Climate Pledge Arena, Seattle, Washington, United States"
https://www.sherdog.com/events/UFC-Fight-Night-251-Cannonier-vs-Rodrigues-105577,UFC Fight Night 251 - Cannonier vs. Rodrigues,2025-02-15,"UFC Apex, Las Vegas, Nevada, United States"
https://www.sherdog.com/events/UFC-312-Du-Plessis-vs-Strickland-2-105092,UFC 312 - Du Plessis vs. Strickland 2,2025-02-08,"Qudos Bank Arena, Sydney, New South Wales, Australia"
https://www.sherdog.com/events/UFC-Fight-Night-250-Adesanya-vs-Imavov-105177,UFC Fight Night 250 - Adesanya vs. Imavov,2025-02-01,"anb Arena, Riyadh, Saudi Arabia"
https://www.sherdog.com/events/UFC-311-Makhachev-vs-Moicano-104927,UFC 311 - Makhachev vs. Moicano,2025-01-18,"Intuit Dome, Inglewood, California, United States"
https://www.sherdog.com/events/UFC-Fight-Night-249-Dern-vs-Ribas-2-104817,UFC Fight Night 249 - Dern vs. Ribas 2,2025-01-11,"UFC Apex, Las Vegas, Nevada, United States"
https://www.sherdog.com/events/UFC-on-ESPN-63-Covington-vs-Buckley-104113,UFC on ESPN 63 - Covington vs. Buckley,2024-12-14,"Amalie Arena, Tampa, Florida, United States"
https://www.sherdog.com/events/UFC-310-Pantoja-vs-Asakura-103714,UFC 310 - Pantoja vs. Asakura,2024-12-07,"T-Mobile Arena, Las Vegas, Nevada, United States"
https://www.sherdog.com/events/UFC-Fight-Night-248-Yan-vs-Figueiredo-104112,UFC Fight Night 248 - Yan vs. Figueiredo,2024-11-23,"Galaxy Arena, Macau, China"
https://www.sherdog.com/events/UFC-309-Jones-vs-Miocic-103896,UFC 309 - Jones vs. Miocic,2024-11-16,"Madison Square Garden, New York, New York, United States"
https://www.sherdog.com/events/UFC-Fight-Night-247-Magny-vs-Prates-103893,UFC Fight Night 247 - Magny vs. Prates,2024-11-09,"UFC Apex, Las Vegas, Nevada, United States"
https://www.sherdog.com/events/UFC-Fight-Night-246-Moreno-vs-Albazi-103864,UFC Fight Night 246 - Moreno vs. Albazi,2024-11-02,"Rogers Place, Edmonton, Alberta, Canada"
https://www.sherdog.com/events/UFC-308-Topuria-vs-Holloway-102482,UFC 308 - Topuria vs. Holloway,2024-10-26,"Etihad Arena, Yas Island, Abu Dhabi, United Arab Emirates"
https://www.sherdog.com/events/UFC-Fight-Night-245-Hernandez-vs-Pereira-103837,UFC Fight Night 245 - Hernandez vs. Pereira,2024-10-19,"UFC Apex, Las Vegas, Nevada, United States"
https://www.sherdog.com/events/UFC-Fight-Night-244-Royval-vs-Taira-103715,UFC Fight Night 244 - Royval vs. Taira,2024-10-12,"UFC Apex, Las Vegas, Nevada, United States"
https://www.sherdog.com/events/UFC-307-Pereira-vs-Rountree-103193,UFC 307 - Pereira vs. Rountree,2024-10-05,"Delta Center, Salt Lake City, Utah, United States"
https://www.sherdog.com/events/UFC-Fight-Night-243-Moicano-vs-St-Denis-102194,UFC Fight Night 243 - Moicano vs. St. Denis,2024-09-28,"Accor Arena, Paris, France"
https://www.sherdog.com/events/UFC-306-Noche-UFC-OMalley-vs-Dvalishvili-100837,UFC 306 - Noche UFC: O'Malley vs. Dvalishvili,2024-09-14,"The Sphere, Las Vegas, Nevada, United States"
https://www.sherdog.com/events/UFC-Fight-Night-242-Burns-vs-Brady-103192,UFC Fight Night 242 - Burns vs. Brady,2024-09-07,"UFC Apex, Las Vegas, Nevada, United States"
https://www.sherdog.com/events/UFC-on-ESPN-62-Cannonier-vs-Borralho-103286,UFC on ESPN 62 - Cannonier vs. Borralho,2024-08-24,"UFC Apex, Las Vegas, Nevada, United States"
https://www.sherdog.com/events/UFC-Road-to-UFC-Season-3-Las-Vegas-Semifinals-2-103685,UFC - Road to UFC Season 3: Las Vegas Semifinals 2,2024-08-23,"UFC Apex, Las Vegas, Nevada, United States"
https://www.sherdog.com/events/UFC-Road-to-UFC-Season-3-Las-Vegas-Semifinals-1-103684,UFC - Road to UFC Season 3: Las Vegas Semifinals 1,2024-08-23,"UFC Apex, Las Vegas, Nevada, United States"
https://www.sherdog.com/events/UFC-305-Du-Plessis-vs-Adesanya-102302,UFC 305 - Du Plessis vs. Adesanya,2024-08-17,"RAC Arena, Perth, Western Australia, Australia"
https://www.sherdog.com/events/UFC-on-ESPN-61-Tybura-vs-Spivac-2-102682,UFC on ESPN 61 - Tybura vs. Spivac 2,2024-08-10,"UFC Apex, Las Vegas, Nevada, United States"
https://www.sherdog.com/events/UFC-on-ABC-7-Sandhagen-vs-Nurmagomedov-101959,UFC on ABC 7 - Sandhagen vs. Nurmagomedov,2024-08-03,"Etihad Arena, Abu Dhabi, United Arab Emirates"
https://www.sherdog.com/events/UFC-304-Edwards-vs-Muhammad-2-102683,UFC 304 - Edwards vs. Muhammad 2,2024-07-27,"Co-op Live, Manchester, Greater Manchester, England"
https://www.sherdog.com/events/UFC-on-ESPN-60-Lemos-vs-Jandiroba-102684,UFC on ESPN 60 - Lemos vs. Jandiroba,2024-07-20,"UFC Apex, Las Vegas, Nevada, United States"
https://www.sherdog.com/events/UFC-on-ESPN-59-Namajunas-vs-Cortez-102307,UFC on ESPN 59 - Namajunas vs. Cortez,2024-07-13,"Ball Arena, Denver, Colorado, United States"
https://www.sherdog.com/events/UFC-303-Pereira-vs-Prochazka-2-101573,UFC 303 - Pereira vs. Prochazka 2,2024-06-29,"T-Mobile Arena, Las Vegas, Nevada, United States"
https://www.sherdog.com/events/UFC-on-ABC-6-Whittaker-vs-Aliskerov-101352,UFC on ABC 6 - Whittaker vs. Aliskerov,2024-06-22,"Kingdom Arena, Riyadh, Saudi Arabia"
https://www.sherdog.com/events/UFC-on-ESPN-58-Perez-vs-Taira-102196,UFC on ESPN 58 - Perez vs. Taira,2024-06-15,"UFC Apex, Las Vegas, Nevada, United States"
https://www.sherdog.com/events/UFC-on-ESPN-57-Cannonier-vs-Imavov-102220,UFC on ESPN 57 - Cannonier vs. Imavov,2024-06-08,"KFC Yum! Center, Louisville, Kentucky, United States"
https://www.sherdog.com/events/UFC-302-Makhachev-vs-Poirier-101617,UFC 302 - Makhachev vs. Poirier,2024-06-01,"Prudential Center, Newark, New Jersey, United States"
https://www.sherdog.com/events/UFC-Road-to-UFC-Season-3-Shanghai-Quarterfinals-4-102630,UFC - Road to UFC Season 3: Shanghai Quarterfinals 4,2024-05-19,"UFC Performance Institute, Shanghai, China"
https://www.sherdog.com/events/UFC-Road-to-UFC-Season-3-Shanghai-Quarterfinals-3-102629,UFC - Road to UFC Season 3: Shanghai Quarterfinals 3,2024-05-19,"UFC Performance Institute, Shanghai, China"
https://www.sherdog.com/events/UFC-Fight-Night-241-Barboza-vs-Murphy-101602,UFC Fight Night 241 - Barboza vs. Murphy,2024-05-18,"UFC Apex, Las Vegas, Nevada, United States"
https://www.sherdog.com/events/UFC-Road-to-UFC-Season-3-Shanghai-Quarterfinals-2-102628,UFC - Road to UFC Season 3: Shanghai Quarterfinals 2,2024-05-18,"UFC Performance Institute, Shanghai, China"
https://www.sherdog.com/events/UFC-Road-to-UFC-Season-3-Shanghai-Quarterfinals-1-102627,UFC - Road to UFC Season 3: Shanghai Quarterfinals 1,2024-05-18,"UFC Performance Institute, Shanghai, China"
https://www.sherdog.com/events/UFC-on-ESPN-56-Lewis-vs-Nascimento-101616,UFC on ESPN 56 - Lewis vs. Nascimento,2024-05-11,"Enterprise Center, St. Louis, Missouri, United States"
https://www.sherdog.com/events/UFC-301-Pantoja-vs-Erceg-101242,UFC 301 - Pantoja vs. Erceg,2024-05-04,"Farmasi Arena, Rio de Janeiro, Rio de Janeiro, Brazil"
https://www.sherdog.com/events/UFC-on-ESPN-55-Nicolau-vs-Perez-101241,UFC on ESPN 55 - Nicolau vs. Perez,2024-04-27,"UFC Apex, Las Vegas, Nevada, United States"
https://www.sherdog.com/events/UFC-300-Pereira-vs-Hill-100836,UFC 300 - Pereira vs. Hill,2024-04-13,"T-Mobile Arena, Las Vegas, Nevada, United States"
https://www.sherdog.com/events/UFC-Fight-Night-240-Allen-vs-Curtis-2-100903,UFC Fight Night 240 - Allen vs. Curtis 2,2024-04-06,"UFC Apex, Las Vegas, Nevada, United States"
https://www.sherdog.com/events/UFC-on-ESPN-54-Blanchfield-vs-Fiorot-100718,UFC on ESPN 54 - Blanchfield vs. Fiorot,2024-03-30,"Boardwalk Hall, Atlantic City, New Jersey, United States"
https://www.sherdog.com/events/UFC-on-ESPN-53-Ribas-vs-Namajunas-100735,UFC on ESPN 53 - Ribas vs. Namajunas,2024-03-23,"UFC Apex, Las Vegas, Nevada, United States"
https://www.sherdog.com/events/UFC-Fight-Night-239-Tuivasa-vs-Tybura-100734,UFC Fight Night 239 - Tuivasa vs. Tybura,2024-03-16,"UFC Apex, Las Vegas, Nevada, United States"
https://www.sherdog.com/events/UFC-299-OMalley-vs-Vera-2-100287,UFC 299 - O'Malley vs. Vera 2,2024-03-09,"Kaseya Center, Miami, Florida, United States"
https://www.sherdog.com/events/UFC-Fight-Night-238-Rozenstruik-vs-Gaziev-100072,UFC Fight Night 238 - Rozenstruik vs. Gaziev,2024-03-02,"UFC Apex, Las Vegas, Nevada, United States"
https://www.sherdog.com/events/UFC-Fight-Night-237-Moreno-vs-Royval-2-100468,UFC Fight Night 237 - Moreno vs. Royval 2,2024-02-24,"Mexico City Arena, Mexico City, Federal District, Mexico"
https://www.sherdog.com/events/UFC-298-Volkanovski-vs-Topuria-100286,UFC 298 - Volkanovski vs. Topuria,2024-02-17,"Honda Center, Anaheim, California, United States"
https://www.sherdog.com/events/UFC-Fight-Night-236-Hermansson-vs-Pyfer-100402,UFC Fight Night 236 - Hermansson vs. Pyfer,2024-02-10,"UFC Apex, Las Vegas, Nevada, United States"
https://www.sherdog.com/events/UFC-Road-to-UFC-Season-2-Las-Vegas-Finals-100833,UFC - Road to UFC Season 2: Las Vegas Finals,2024-02-03,"UFC Apex, Las Vegas, Nevada, United States"
https://www.sherdog.com/events/UFC-Fight-Night-235-Dolidze-vs-Imavov-100145,UFC Fight Night 235 - Dolidze vs. Imavov,2024-02-03,"UFC Apex, Las Vegas, Nevada, United States"
https://www.sherdog.com/events/UFC-297-Strickland-vs-Du-Plessis-99740,UFC 297 - Strickland vs. Du Plessis,2024-01-20,"Scotiabank Arena, Toronto, Ontario, Canada"
https://www.sherdog.com/events/UFC-Fight-Night-234-Ankalaev-vs-Walker-2-99605,UFC Fight Night 234 - Ankalaev vs. Walker 2,2024-01-13,"UFC Apex, Las Vegas, Nevada, United States"
https://www.sherdog.com/events/UFC-296-Edwards-vs-Covington-98050,UFC 296 - Edwards vs. Covington,2023-12-16,"T-Mobile Arena, Las Vegas, Nevada, United States"
https://www.sherdog.com/events/UFC-Fight-Night-233-Song-vs-Gutierrez-99468,UFC Fight Night 233 - Song vs. Gutierrez,2023-12-09,"UFC Apex, Las Vegas, Nevada, United States"
https://www.sherdog.com/events/UFC-on-ESPN-52-Dariush-vs-Tsarukyan-99135,UFC on ESPN 52 - Dariush vs. Tsarukyan,2023-12-02,"Moody Center, Austin, Texas, United States"
https://www.sherdog.com/events/UFC-Fight-Night-232-Allen-vs-Craig-98054,UFC Fight Night 232 - Allen vs. Craig,2023-11-18,"UFC Apex, Las Vegas, Nevada, United States"
https://www.sherdog.com/events/UFC-295-Prochazka-vs-Pereira-98494,UFC 295 - Prochazka vs. Pereira,2023-11-11,"Madison Square Garden, New York, New York, United States"
https://www.sherdog.com/events/UFC-Fight-Night-231-Almeida-vs-Lewis-98060,UFC Fight Night 231 - Almeida vs. Lewis,2023-11-04,"Ibirapuera Gymnasium, Sao Paulo, Sao Paulo, Brazil"
https://www.sherdog.com/events/UFC-294-Makhachev-vs-Volkanovski-2-97019,UFC 294 - Makhachev vs. Volkanovski 2,2023-10-21,"Etihad Arena, Yas Island, Abu Dhabi, United Arab Emirates"
https://www.sherdog.com/events/UFC-Fight-Night-230-Yusuff-vs-Barboza-98595,UFC Fight Night 230 - Yusuff vs. Barboza,2023-10-14,"UFC Apex, Las Vegas, Nevada, United States"
https://www.sherdog.com/events/UFC-Fight-Night-229-Dawson-vs-Green-98053,UFC Fight Night 229 - Dawson vs. Green,2023-10-07,"UFC Apex, Las Vegas, Nevada, United States"
https://www.sherdog.com/events/UFC-Fight-Night-228-Fiziev-vs-Gamrot-98052,UFC Fight Night 228 - Fiziev vs. Gamrot,2023-09-23,"UFC Apex, Las Vegas, Nevada, United States"
https://www.sherdog.com/events/UFC-Fight-Night-227-Grasso-vs-Shevchenko-2-98051,UFC Fight Night 227 - Grasso vs. Shevchenko 2,2023-09-16,"T-Mobile Arena, Las Vegas, Nevada, United States"
https://www.sherdog.com/events/UFC-293-Adesanya-vs-Strickland-98049,UFC 293 - Adesanya vs. Strickland,2023-09-09,"Qudos Bank Arena, Sydney, New South Wales, Australia"
https://www.sherdog.com/events/UFC-Fight-Night-226-Gane-vs-Spivak-98110,UFC Fight Night 226 - Gane vs. Spivak,2023-09-02,"Accor Arena, Paris, France"
https://www.sherdog.com/events/UFC-Road-to-UFC-Season-2-Singapore-Semifinals-2-98226,UFC - Road to UFC Season 2: Singapore Semifinals 2,2023-08-27,"Singapore Indoor Stadium, Kallang, Singapore"
https://www.sherdog.com/events/UFC-Road-to-UFC-Season-2-Singapore-Semifinals-1-98225,UFC - Road to UFC Season 2: Singapore Semifinals 1,2023-08-27,"Singapore Indoor Stadium, Kallang, Singapore"
https://www.sherdog.com/events/UFC-Fight-Night-225-Holloway-vs-Korean-Zombie-98155,UFC Fight Night 225 - Holloway vs. Korean Zombie,2023-08-26,"Singapore Indoor Stadium, Kallang, Singapore"
https://www.sherdog.com/events/UFC-292-Sterling-vs-OMalley-97584,UFC 292 - Sterling vs. O'Malley,2023-08-19,"TD Garden, Boston, Massachusetts, United States"
https://www.sherdog.com/events/UFC-on-ESPN-51-Luque-vs-dos-Anjos-97766,UFC on ESPN 51 - Luque vs. dos Anjos,2023-08-12,"UFC Apex, Las Vegas, Nevada, United States"
https://www.sherdog.com/events/UFC-on-ESPN-50-Sandhagen-vs-Font-97864,UFC on ESPN 50 - Sandhagen vs. Font,2023-08-05,"Bridgestone Arena, Nashville, Tennessee, United States"
https://www.sherdog.com/events/UFC-291-Poirier-vs-Gaethje-2-97463,UFC 291 - Poirier vs. Gaethje 2,2023-07-29,"Delta Center, Salt Lake City, Utah, United States"
https://www.sherdog.com/events/UFC-Fight-Night-224-Aspinall-vs-Tybura-97203,UFC Fight Night 224 - Aspinall vs. Tybura,2023-07-22,"O2 Arena, London, Greater London, England"
https://www.sherdog.com/events/UFC-on-ESPN-49-Holm-vs-Bueno-Silva-97533,UFC on ESPN 49 - Holm vs. Bueno Silva,2023-07-15,"UFC Apex, Las Vegas, Nevada, United States"
https://www.sherdog.com/events/UFC-290-Volkanovski-vs-Rodriguez-96757,UFC 290 - Volkanovski vs. Rodriguez,2023-07-08,"T-Mobile Arena, Las Vegas, Nevada, United States"
https://www.sherdog.com/events/UFC-on-ESPN-48-Strickland-vs-Magomedov-97462,UFC on ESPN 48 - Strickland vs. Magomedov,2023-07-01,"UFC Apex, Las Vegas, Nevada, United States"
https://www.sherdog.com/events/UFC-on-ABC-5-Emmett-vs-Topuria-97149,UFC on ABC 5 - Emmett vs. Topuria,2023-06-24,"Vystar Veterans Memorial Arena, Jacksonville, Florida, United States"
https://www.sherdog.com/events/UFC-on-ESPN-47-Vettori-vs-Cannonier-97116,UFC on ESPN 47 - Vettori vs. Cannonier,2023-06-17,"UFC Apex, Las Vegas, Nevada, United States"
https://www.sherdog.com/events/UFC-289-Nunes-vs-Aldana-97020,UFC 289 - Nunes vs. Aldana,2023-06-10,"Rogers Arena, Vancouver, British Columbia, Canada"
https://www.sherdog.com/events/UFC-on-ESPN-46-KaraFrance-vs-Albazi-96960,UFC on ESPN 46 - Kara-France vs. Albazi,2023-06-03,"UFC Apex, Las Vegas, Nevada, United States"
https://www.sherdog.com/events/UFC-Road-to-UFC-Season-2-Shanghai-Quarterfinals-4-97379,UFC - Road to UFC Season 2: Shanghai Quarterfinals 4,2023-05-28,"UFC Performance Institute, Shanghai, China"
https://www.sherdog.com/events/UFC-Road-to-UFC-Season-2-Shanghai-Quarterfinals-3-97378,UFC - Road to UFC Season 2: Shanghai Quarterfinals 3,2023-05-28,"UFC Performance Institute, Shanghai, China"
https://www.sherdog.com/events/UFC-Road-to-UFC-Season-2-Shanghai-Quarterfinals-2-97376,UFC - Road to UFC Season 2: Shanghai Quarterfinals 2,2023-05-27,"UFC Performance Institute, Shanghai, China"
https://www.sherdog.com/events/UFC-Road-to-UFC-Season-2-Shanghai-Quarterfinals-1-97375,UFC - Road to UFC Season 2: Shanghai Quarterfinals 1,2023-05-27,"UFC Performance Institute, Shanghai, China"
https://www.sherdog.com/events/UFC-Fight-Night-223-Dern-vs-Hill-96689,UFC Fight Night 223 - Dern vs. Hill,2023-05-20,"UFC Apex, Las Vegas, Nevada, United States"
https://www.sherdog.com/events/UFC-on-ABC-4-Rozenstruik-vs-Almeida-96527,UFC on ABC 4 - Rozenstruik vs. Almeida,2023-05-13,"Spectrum Center, Charlotte, North Carolina, United States"
https://www.sherdog.com/events/UFC-288-Sterling-vs-Cejudo-96351,UFC 288 - Sterling vs. Cejudo,2023-05-06,"Prudential Center, Newark, New Jersey, United States"
https://www.sherdog.com/events/UFC-on-ESPN-45-Song-vs-Simon-96350,UFC on ESPN 45 - Song vs. Simon,2023-04-29,"UFC Apex, Las Vegas, Nevada, United States"
https://www.sherdog.com/events/UFC-Fight-Night-222-Pavlovich-vs-Blaydes-96236,UFC Fight Night 222 - Pavlovich vs. Blaydes,2023-04-22,"UFC Apex, Las Vegas, Nevada, United States"
https://www.sherdog.com/events/UFC-on-ESPN-44-Holloway-vs-Allen-96235,UFC on ESPN 44 - Holloway vs. Allen,2023-04-15,"T-Mobile Center, Kansas City, Missouri, United States"
https://www.sherdog.com/events/UFC-287-Pereira-vs-Adesanya-2-96031,UFC 287 - Pereira vs. Adesanya 2,2023-04-08,"Kaseya Center, Miami, Florida, United States"
https://www.sherdog.com/events/UFC-on-ESPN-43-Vera-vs-Sandhagen-95704,UFC on ESPN 43 - Vera vs. Sandhagen,2023-03-25,"AT&T Center, San Antonio, Texas, United States"
https://www.sherdog.com/events/UFC-286-Edwards-vs-Usman-3-95795,UFC 286 - Edwards vs. Usman 3,2023-03-18,"O2 Arena, London, Greater London, England"
https://www.sherdog.com/events/UFC-Fight-Night-221-Yan-vs-Dvalishvili-95615,UFC Fight Night 221 - Yan vs. Dvalishvili,2023-03-11,"The Theater at Virgin Hotels, Las Vegas, Nevada, United States"
https://www.sherdog.com/events/UFC-285-Jones-vs-Gane-95232,UFC 285 - Jones vs. Gane,2023-03-04,"T-Mobile Arena, Las Vegas, Nevada, United States"
https://www.sherdog.com/events/UFC-Fight-Night-220-Muniz-vs-Allen-95560,UFC Fight Night 220 - Muniz vs. Allen,2023-02-25,"UFC Apex, Las Vegas, Nevada, United States"
https://www.sherdog.com/events/UFC-Fight-Night-219-Andrade-vs-Blanchfield-95326,UFC Fight Night 219 - Andrade vs. Blanchfield,2023-02-18,"UFC Apex, Las Vegas, Nevada, United States"
https://www.sherdog.com/events/UFC-284-Makhachev-vs-Volkanovski-95031,UFC 284 - Makhachev vs. Volkanovski,2023-02-11,"RAC Arena, Perth, Western Australia, Australia"
https://www.sherdog.com/events/UFC-Fight-Night-218-Lewis-vs-Spivak-95166,UFC Fight Night 218 - Lewis vs. Spivak,2023-02-04,"UFC Apex, Las Vegas, Nevada, United States"
https://www.sherdog.com/events/UFC-283-Teixeira-vs-Hill-94331,UFC 283 - Teixeira vs. Hill,2023-01-21,"Jeunesse Arena, Rio de Janeiro, Brazil"
https://www.sherdog.com/events/UFC-Fight-Night-217-Strickland-vs-Imavov-94946,UFC Fight Night 217 - Strickland vs. Imavov,2023-01-14,"UFC Apex, Las Vegas, Nevada, United States"
https://www.sherdog.com/events/UFC-Fight-Night-216-Cannonier-vs-Strickland-94047,UFC Fight Night 216 - Cannonier vs. Strickland,2022-12-17,"UFC Apex, Las Vegas, Nevada, United States"
https://www.sherdog.com/events/UFC-282-Blachowicz-vs-Ankalaev-94042,UFC 282 - Blachowicz vs. Ankalaev,2022-12-10,"T-Mobile Arena, Las Vegas, Nevada, United States"
https://www.sherdog.com/events/UFC-on-ESPN-42-Thompson-vs-Holland-94046,UFC on ESPN 42 - Thompson vs. Holland,2022-12-03,"Amway Center, Orlando, Florida, United States"
https://www.sherdog.com/events/UFC-Fight-Night-215-Nzechukwu-vs-Cutelaba-94045,UFC Fight Night 215 - Nzechukwu vs. Cutelaba,2022-11-19,"UFC Apex, Las Vegas, Nevada, United States"
https://www.sherdog.com/events/UFC-281-Adesanya-vs-Pereira-94041,UFC 281 - Adesanya vs. Pereira,2022-11-12,"Madison Square Garden, New York, New York, United States"
https://www.sherdog.com/events/UFC-Fight-Night-214-Rodriguez-vs-Lemos-94043,UFC Fight Night 214 - Rodriguez vs. Lemos,2022-11-05,"UFC Apex, Las Vegas, Nevada, United States"
https://www.sherdog.com/events/UFC-Fight-Night-213-Kattar-vs-Allen-94044,UFC Fight Night 213 - Kattar vs. Allen,2022-10-29,"UFC Apex, Las Vegas, Nevada, United States"
https://www.sherdog.com/events/UFC-Road-to-UFC-Abu-Dhabi-Semifinals-2-94742,UFC - Road to UFC: Abu Dhabi Semifinals 2,2022-10-23,"Etihad Arena, Yas Island, Abu Dhabi, United Arab Emirates"
https://www.sherdog.com/events/UFC-Road-to-UFC-Abu-Dhabi-Semifinals-1-94741,UFC - Road to UFC: Abu Dhabi Semifinals 1,2022-10-23,"Etihad Arena, Yas Island, Abu Dhabi, United Arab Emirates"
https://www.sherdog.com/events/UFC-280-Oliveira-vs-Makhachev-92490,UFC 280 - Oliveira vs. Makhachev,2022-10-22,"Etihad Arena, Yas Island, Abu Dhabi, United Arab Emirates"
https://www.sherdog.com/events/UFC-Fight-Night-212-Grasso-vs-Araujo-93809,UFC Fight Night 212 - Grasso vs. Araujo,2022-10-15,"UFC Apex, Las Vegas, Nevada, United States"
https://www.sherdog.com/events/UFC-Fight-Night-211-Dern-vs-Yan-93426,UFC Fight Night 211 - Dern vs. Yan,2022-10-01,"UFC Apex, Las Vegas, Nevada, United States"
https://www.sherdog.com/events/UFC-Fight-Night-210-Sandhagen-vs-Song-93612,UFC Fight Night 210 - Sandhagen vs. Song,2022-09-17,"UFC Apex, Las Vegas, Nevada, United States"
https://www.sherdog.com/events/UFC-279-Diaz-vs-Ferguson-93247,UFC 279 - Diaz vs. Ferguson,2022-09-10,"T-Mobile Arena, Las Vegas, Nevada, United States"
https://www.sherdog.com/events/UFC-Fight-Night-209-Gane-vs-Tuivasa-93036,UFC Fight Night 209 - Gane vs. Tuivasa,2022-09-03,"Accor Arena, Paris, France"
https://www.sherdog.com/events/UFC-278-Usman-vs-Edwards-2-93201,UFC 278 - Usman vs. Edwards 2,2022-08-20,"Vivint Arena, Salt Lake City, Utah, United States"
https://www.sherdog.com/events/UFC-on-ESPN-41-Vera-vs-Cruz-93192,UFC on ESPN 41 - Vera vs. Cruz,2022-08-13,"Pechanga Arena, San Diego, California, United States"
https://www.sherdog.com/events/UFC-on-ESPN-40-Santos-vs-Hill-93076,UFC on ESPN 40 - Santos vs. Hill,2022-08-06,"UFC Apex, Las Vegas, Nevada, United States"
https://www.sherdog.com/events/UFC-277-Pena-vs-Nunes-2-92633,UFC 277 - Pena vs. Nunes 2,2022-07-30,"American Airlines Center, Dallas, Texas, United States"
https://www.sherdog.com/events/UFC-Fight-Night-208-Blaydes-vs-Aspinall-92906,UFC Fight Night 208 - Blaydes vs. Aspinall,2022-07-23,"O2 Arena, London, Greater London, England"
https://www.sherdog.com/events/UFC-on-ABC-3-Ortega-vs-Rodriguez-92792,UFC on ABC 3 - Ortega vs. Rodriguez,2022-07-16,"UBS Arena, Elmont, New York, United States"
https://www.sherdog.com/events/UFC-on-ESPN-39-Dos-Anjos-vs-Fiziev-92738,UFC on ESPN 39 - Dos Anjos vs. Fiziev,2022-07-09,"UFC Apex, Las Vegas, Nevada, United States"
https://www.sherdog.com/events/UFC-276-Adesanya-vs-Cannonier-91882,UFC 276 - Adesanya vs. Cannonier,2022-07-02,"T-Mobile Arena, Las Vegas, Nevada, United States"
https://www.sherdog.com/events/UFC-on-ESPN-38-Tsarukyan-vs-Gamrot-92636,UFC on ESPN 38 - Tsarukyan vs. Gamrot,2022-06-25,"UFC Apex, Las Vegas, Nevada, United States"
https://www.sherdog.com/events/UFC-on-ESPN-37-Kattar-vs-Emmett-92670,UFC on ESPN 37 - Kattar vs. Emmett,2022-06-18,"Moody Center, Austin, Texas, United States"
https://www.sherdog.com/events/UFC-275-Teixeira-vs-Prochazka-92186,UFC 275 - Teixeira vs. Prochazka,2022-06-12,"Singapore Indoor Stadium, Kallang, Singapore"
https://www.sherdog.com/events/UFC-Road-to-UFC-Singapore-Quarterfinals-4-92929,UFC - Road to UFC: Singapore Quarterfinals 4,2022-06-10,"Singapore Indoor Stadium, Kallang, Singapore"
https://www.sherdog.com/events/UFC-Road-to-UFC-Singapore-Quarterfinals-3-92928,UFC - Road to UFC: Singapore Quarterfinals 3,2022-06-10,"Singapore Indoor Stadium, Kallang, Singapore"
https://www.sherdog.com/events/UFC-Road-to-UFC-Singapore-Quarterfinals-2-92919,UFC - Road to UFC: Singapore Quarterfinals 2,2022-06-09,"Singapore Indoor Stadium, Kallang, Singapore"
https://www.sherdog.com/events/UFC-Road-to-UFC-Singapore-Quarterfinals-1-92918,UFC - Road to UFC: Singapore Quarterfinals 1,2022-06-09,"Singapore Indoor Stadium, Kallang, Singapore"
https://www.sherdog.com/events/UFC-Fight-Night-207-Volkov-vs-Rozenstruik-92057,UFC Fight Night 207 - Volkov vs. Rozenstruik,2022-06-04,"UFC Apex, Las Vegas, Nevada, United States"
https://www.sherdog.com/events/UFC-Fight-Night-206-Holm-vs-Vieira-91978,UFC Fight Night 206 - Holm vs. Vieira,2022-05-21,"UFC Apex, Las Vegas, Nevada, United States"
https://www.sherdog.com/events/UFC-on-ESPN-36-Blachowicz-vs-Rakic-91795,UFC on ESPN 36 - Blachowicz vs. Rakic,2022-05-14,"UFC Apex, Las Vegas, Nevada, United States"
https://www.sherdog.com/events/UFC-274-Oliveira-vs-Gaethje-91512,UFC 274 - Oliveira vs. Gaethje,2022-05-07,"Footprint Center, Phoenix, Arizona, United States"
https://www.sherdog.com/events/UFC-on-ESPN-35-Font-vs-Vera-91854,UFC on ESPN 35 - Font vs. Vera,2022-04-30,"UFC Apex, Las Vegas, Nevada, United States"
https://www.sherdog.com/events/UFC-Fight-Night-205-Lemos-vs-Andrade-91797,UFC Fight Night 205 - Lemos vs. Andrade,2022-04-23,"UFC Apex, Las Vegas, Nevada, United States"
https://www.sherdog.com/events/UFC-on-ESPN-34-Luque-vs-Muhammad-2-91735,UFC on ESPN 34 - Luque vs. Muhammad 2,2022-04-16,"UFC Apex, Las Vegas, Nevada, United States"
https://www.sherdog.com/events/UFC-273-Volkanovski-vs-Korean-Zombie-91679,UFC 273 - Volkanovski vs. Korean Zombie,2022-04-09,"VyStar Veterans Memorial Arena, Jacksonville, Florida, United States"
https://www.sherdog.com/events/UFC-on-ESPN-33-Blaydes-vs-Daukaus-91130,UFC on ESPN 33 - Blaydes vs. Daukaus,2022-03-26,"Nationwide Arena, Columbus, Ohio, United States"
https://www.sherdog.com/events/UFC-Fight-Night-204-Volkov-vs-Aspinall-91036,UFC Fight Night 204 - Volkov vs. Aspinall,2022-03-19,"O2 Arena, London, Greater London, England"
https://www.sherdog.com/events/UFC-Fight-Night-203-Santos-vs-Ankalaev-91131,UFC Fight Night 203 - Santos vs. Ankalaev,2022-03-12,"UFC Apex, Las Vegas, Nevada, United States"
https://www.sherdog.com/events/UFC-272-Covington-vs-Masvidal-91278,UFC 272 - Covington vs. Masvidal,2022-03-05,"T-Mobile Arena, Las Vegas, Nevada, United States"
https://www.sherdog.com/events/UFC-Fight-Night-202-Makhachev-vs-Green-90846,UFC Fight Night 202 - Makhachev vs. Green,2022-02-26,"UFC Apex, Las Vegas, Nevada, United States"
https://www.sherdog.com/events/UFC-Fight-Night-201-Walker-vs-Hill-90843,UFC Fight Night 201 - Walker vs. Hill,2022-02-19,"UFC Apex, Las Vegas, Nevada, United States"
https://www.sherdog.com/events/UFC-271-Adesanya-vs-Whittaker-2-90742,UFC 271 - Adesanya vs. Whittaker 2,2022-02-12,"Toyota Center, Houston, Texas, United States"
https://www.sherdog.com/events/UFC-Fight-Night-200-Hermansson-vs-Strickland-90688,UFC Fight Night 200 - Hermansson vs. Strickland,2022-02-05,"UFC Apex, Las Vegas, Nevada, United States"
https://www.sherdog.com/events/UFC-270-Ngannou-vs-Gane-90612,UFC 270 - Ngannou vs. Gane,2022-01-22,"Honda Center, Anaheim, California, United States"
https://www.sherdog.com/events/UFC-on-ESPN-32-Kattar-vs-Chikadze-90552,UFC on ESPN 32 - Kattar vs. Chikadze,2022-01-15,"UFC Apex, Las Vegas, Nevada, United States"
https://www.sherdog.com/events/UFC-Fight-Night-199-Lewis-vs-Daukaus-90256,UFC Fight Night 199 - Lewis vs. Daukaus,2021-12-18,"UFC Apex, Las Vegas, Nevada, United States"
https://www.sherdog.com/events/UFC-269-Oliveira-vs-Poirier-90120,UFC 269 - Oliveira vs. Poirier,2021-12-11,"T-Mobile Arena, Las Vegas, Nevada, United States"
https://www.sherdog.com/events/UFC-on-ESPN-31-Font-vs-Aldo-90320,UFC on ESPN 31 - Font vs. Aldo,2021-12-04,"UFC Apex, Las Vegas, Nevada, United States"
https://www.sherdog.com/events/UFC-Fight-Night-198-Vieira-vs-Tate-90119,UFC Fight Night 198 - Vieira vs. Tate,2021-11-20,"UFC Apex, Las Vegas, Nevada, United States"
https://www.sherdog.com/events/UFC-Fight-Night-197-Holloway-vs-Rodriguez-90118,UFC Fight Night 197 - Holloway vs. Rodriguez,2021-11-13,"UFC Apex, Las Vegas, Nevada, United States"
https://www.sherdog.com/events/UFC-268-Usman-vs-Covington-2-90043,UFC 268 - Usman vs. Covington 2,2021-11-06,"Madison Square Garden, New York, New York, United States"
https://www.sherdog.com/events/UFC-267-Blachowicz-vs-Teixeira-89819,UFC 267 - Blachowicz vs. Teixeira,2021-10-30,"Etihad Arena, Yas Island, Abu Dhabi, United Arab Emirates"
https://www.sherdog.com/events/UFC-Fight-Night-196-Costa-vs-Vettori-89999,UFC Fight Night 196 - Costa vs. Vettori,2021-10-23,"UFC Apex, Las Vegas, Nevada, United States"
https://www.sherdog.com/events/UFC-Fight-Night-195-Ladd-vs-Dumont-89887,UFC Fight Night 195 - Ladd vs. Dumont,2021-10-16,"UFC Apex, Las Vegas, Nevada, United States"
https://www.sherdog.com/events/UFC-Fight-Night-194-Dern-vs-Rodriguez-89818,UFC Fight Night 194 - Dern vs. Rodriguez,2021-10-09,"UFC Apex, Las Vegas, Nevada, United States"
https://www.sherdog.com/events/UFC-Fight-Night-193-Santos-vs-Walker-89377,UFC Fight Night 193 - Santos vs. Walker,2021-10-02,"UFC Apex, Las Vegas, Nevada, United States"
https://www.sherdog.com/events/UFC-266-Volkanovski-vs-Ortega-89141,UFC 266 - Volkanovski vs. Ortega,2021-09-25,"T-Mobile Arena, Las Vegas, Nevada, United States"
https://www.sherdog.com/events/UFC-Fight-Night-192-Smith-vs-Spann-89440,UFC Fight Night 192 - Smith vs. Spann,2021-09-18,"UFC Apex, Las Vegas, Nevada, United States"
https://www.sherdog.com/events/UFC-Fight-Night-191-Brunson-vs-Till-89657,UFC Fight Night 191 - Brunson vs. Till,2021-09-04,"UFC Apex, Las Vegas, Nevada, United States"
https://www.sherdog.com/events/UFC-on-ESPN-30-Barboza-vs-Chikadze-89337,UFC on ESPN 30 - Barboza vs. Chikadze,2021-08-28,"UFC Apex, Las Vegas, Nevada, United States"
https://www.sherdog.com/events/UFC-on-ESPN-29-Cannonier-vs-Gastelum-89378,UFC on ESPN 29 - Cannonier vs. Gastelum,2021-08-21,"UFC Apex, Las Vegas, Nevada, United States"
https://www.sherdog.com/events/UFC-265-Lewis-vs-Gane-89140,UFC 265 - Lewis vs. Gane,2021-08-07,"Toyota Center, Houston, Texas, United States"
https://www.sherdog.com/events/UFC-on-ESPN-28-Hall-vs-Strickland-89161,UFC on ESPN 28 - Hall vs. Strickland,2021-07-31,"UFC Apex, Las Vegas, Nevada, United States"
https://www.sherdog.com/events/UFC-on-ESPN-27-Sandhagen-vs-Dillashaw-89119,UFC on ESPN 27 - Sandhagen vs. Dillashaw,2021-07-24,"UFC Apex, Las Vegas, Nevada, United States"
https://www.sherdog.com/events/UFC-on-ESPN-26-Makhachev-vs-Moises-88983,UFC on ESPN 26 - Makhachev vs. Moises,2021-07-17,"UFC Apex, Las Vegas, Nevada, United States"
https://www.sherdog.com/events/UFC-264-Poirier-vs-McGregor-3-88969,UFC 264 - Poirier vs. McGregor 3,2021-07-10,"T-Mobile Arena, Las Vegas, Nevada, United States"
https://www.sherdog.com/events/UFC-Fight-Night-190-Gane-vs-Volkov-88824,UFC Fight Night 190 - Gane vs. Volkov,2021-06-26,"UFC Apex, Las Vegas, Nevada, United States"
https://www.sherdog.com/events/UFC-on-ESPN-25-Korean-Zombie-vs-Ige-88795,UFC on ESPN 25 - Korean Zombie vs. Ige,2021-06-19,"UFC Apex, Las Vegas, Nevada, United States"
https://www.sherdog.com/events/UFC-263-Adesanya-vs-Vettori-2-88760,UFC 263 - Adesanya vs. Vettori 2,2021-06-12,"Gila River Arena, Glendale, Arizona, United States"
https://www.sherdog.com/events/UFC-Fight-Night-189-Rozenstruik-vs-Sakai-88821,UFC Fight Night 189 - Rozenstruik vs. Sakai,2021-06-05,"UFC Apex, Las Vegas, Nevada, United States"
https://www.sherdog.com/events/UFC-Fight-Night-188-Font-vs-Garbrandt-88695,UFC Fight Night 188 - Font vs. Garbrandt,2021-05-22,"UFC Apex, Las Vegas, Nevada, United States"
https://www.sherdog.com/events/UFC-262-Oliveira-vs-Chandler-88694,UFC 262 - Oliveira vs. Chandler,2021-05-15,"Toyota Center, Houston, Texas, United States"
https://www.sherdog.com/events/UFC-on-ESPN-24-Rodriguez-vs-Waterson-88639,UFC on ESPN 24 - Rodriguez vs. Waterson,2021-05-08,"UFC Apex, Las Vegas, Nevada, United States"
https://www.sherdog.com/events/UFC-on-ESPN-23-Reyes-vs-Prochazka-88625,UFC on ESPN 23 - Reyes vs. Prochazka,2021-05-01,"UFC Apex, Las Vegas, Nevada, United States"
https://www.sherdog.com/events/UFC-261-Usman-vs-Masvidal-2-88587,UFC 261 - Usman vs. Masvidal 2,2021-04-24,"VyStar Veterans Memorial Arena, Jacksonville, Florida, United States"
https://www.sherdog.com/events/UFC-on-ESPN-22-Whittaker-vs-Gastelum-88505,UFC on ESPN 22 - Whittaker vs. Gastelum,2021-04-17,"UFC Apex, Las Vegas, Nevada, United States"
https://www.sherdog.com/events/UFC-on-ABC-2-Vettori-vs-Holland-88319,UFC on ABC 2 - Vettori vs. Holland,2021-04-10,"UFC Apex, Las Vegas, Nevada, United States"
https://www.sherdog.com/events/UFC-260-Miocic-vs-Ngannou-2-88377,UFC 260 - Miocic vs. Ngannou 2,2021-03-27,"UFC Apex, Las Vegas, Nevada, United States"
https://www.sherdog.com/events/UFC-on-ESPN-21-Brunson-vs-Holland-88172,UFC on ESPN 21 - Brunson vs. Holland,2021-03-20,"UFC Apex, Las Vegas, Nevada, United States"
https://www.sherdog.com/events/UFC-Fight-Night-187-Edwards-vs-Muhammad-88284,UFC Fight Night 187 - Edwards vs. Muhammad,2021-03-13,"UFC Apex, Las Vegas, Nevada, United States"
https://www.sherdog.com/events/UFC-259-Blachowicz-vs-Adesanya-88003,UFC 259 - Blachowicz vs. Adesanya,2021-03-06,"UFC Apex, Las Vegas, Nevada, United States"
https://www.sherdog.com/events/UFC-Fight-Night-186-Rozenstruik-vs-Gane-87903,UFC Fight Night 186 - Rozenstruik vs. Gane,2021-02-27,"UFC Apex, Las Vegas, Nevada, United States"
https://www.sherdog.com/events/UFC-Fight-Night-185-Blaydes-vs-Lewis-88022,UFC Fight Night 185 - Blaydes vs. Lewis,2021-02-20,"UFC Apex, Las Vegas, Nevada, United States"
https://www.sherdog.com/events/UFC-258-Usman-vs-Burns-87797,UFC 258 - Usman vs. Burns,2021-02-13,"UFC Apex, Las Vegas, Nevada, United States"
https://www.sherdog.com/events/UFC-Fight-Night-184-Overeem-vs-Volkov-87802,UFC Fight Night 184 - Overeem vs. Volkov,2021-02-06,"UFC Apex, Las Vegas, Nevada, United States"
https://www.sherdog.com/events/UFC-257-Poirier-vs-McGregor-2-87798,UFC 257 - Poirier vs. McGregor 2,2021-01-23,"Etihad Arena, Yas Island, Abu Dhabi, United Arab Emirates"
https://www.sherdog.com/events/UFC-on-ESPN-20-Chiesa-vs-Magny-88171,UFC on ESPN 20 - Chiesa vs. Magny,2021-01-20,"Etihad Arena, Yas Island, Abu Dhabi, United Arab Emirates"
https://www.sherdog.com/events/UFC-on-ABC-1-Holloway-vs-Kattar-87759,UFC on ABC 1 - Holloway vs. Kattar,2021-01-16,"Etihad Arena, Yas Island, Abu Dhabi, United Arab Emirates"
https://www.sherdog.com/events/UFC-Fight-Night-183-Thompson-vs-Neal-87646,UFC Fight Night 183 - Thompson vs. Neal,2020-12-19,"UFC Apex, Las Vegas, Nevada, United States"
https://www.sherdog.com/events/UFC-256-Figueiredo-vs-Moreno-87401,UFC 256 - Figueiredo vs. Moreno,2020-12-12,"UFC Apex, Las Vegas, Nevada, United States"
https://www.sherdog.com/events/UFC-on-ESPN-19-Hermansson-vs-Vettori-87402,UFC on ESPN 19 - Hermansson vs. Vettori,2020-12-05,"UFC Apex, Las Vegas, Nevada, United States"
https://www.sherdog.com/events/UFC-on-ESPN-18-Smith-vs-Clark-87392,UFC on ESPN 18 - Smith vs. Clark,2020-11-28,"UFC Apex, Las Vegas, Nevada, United States"
https://www.sherdog.com/events/UFC-255-Figueiredo-vs-Perez-87312,UFC 255 - Figueiredo vs. Perez,2020-11-21,"UFC Apex, Las Vegas, Nevada, United States"
https://www.sherdog.com/events/UFC-Fight-Night-182-Felder-vs-dos-Anjos-87393,UFC Fight Night 182 - Felder vs. dos Anjos,2020-11-14,"UFC Apex, Las Vegas, Nevada, United States"
https://www.sherdog.com/events/UFC-on-ESPN-17-Santos-vs-Teixeira-87362,UFC on ESPN 17 - Santos vs. Teixeira,2020-11-07,"UFC Apex, Las Vegas, Nevada, United States"
https://www.sherdog.com/events/UFC-Fight-Night-181-Hall-vs-Silva-87364,UFC Fight Night 181 - Hall vs. Silva,2020-10-31,"UFC Apex, Las Vegas, Nevada, United States"
https://www.sherdog.com/events/UFC-254-Nurmagomedov-vs-Gaethje-87041,UFC 254 - Nurmagomedov vs. Gaethje,2020-10-24,"Flash Forum, Yas Island, Abu Dhabi, United Arab Emirates"
https://www.sherdog.com/events/UFC-Fight-Night-180-Ortega-vs-Korean-Zombie-87277,UFC Fight Night 180 - Ortega vs. Korean Zombie,2020-10-17,"Flash Forum, Yas Island, Abu Dhabi, United Arab Emirates"
https://www.sherdog.com/events/UFC-Fight-Night-179-Moraes-vs-Sandhagen-87307,UFC Fight Night 179 - Moraes vs. Sandhagen,2020-10-10,"Flash Forum, Yas Island, Abu Dhabi, United Arab Emirates"
https://www.sherdog.com/events/UFC-on-ESPN-16-Holm-vs-Aldana-87223,UFC on ESPN 16 - Holm vs. Aldana,2020-10-03,"Flash Forum, Yas Island, Abu Dhabi, United Arab Emirates"
https://www.sherdog.com/events/UFC-253-Adesanya-vs-Costa-86797,UFC 253 - Adesanya vs. Costa,2020-09-26,"Flash Forum, Yas Island, Abu Dhabi, United Arab Emirates"
https://www.sherdog.com/events/UFC-Fight-Night-178-Covington-vs-Woodley-87021,UFC Fight Night 178 - Covington vs. Woodley,2020-09-19,"UFC Apex, Las Vegas, Nevada, United States"
https://www.sherdog.com/events/UFC-Fight-Night-177-Waterson-vs-Hill-86969,UFC Fight Night 177 - Waterson vs. Hill,2020-09-12,"UFC Apex, Las Vegas, Nevada, United States"
https://www.sherdog.com/events/UFC-Fight-Night-176-Overeem-vs-Sakai-87045,UFC Fight Night 176 - Overeem vs. Sakai,2020-09-05,"UFC Apex, Las Vegas, Nevada, United States"
https://www.sherdog.com/events/UFC-Fight-Night-175-Smith-vs-Rakic-86829,UFC Fight Night 175 - Smith vs. Rakic,2020-08-29,"UFC Apex, Las Vegas, Nevada, United States"
https://www.sherdog.com/events/UFC-on-ESPN-15-Munhoz-vs-Edgar-86802,UFC on ESPN 15 - Munhoz vs. Edgar,2020-08-22,"UFC Apex, Las Vegas, Nevada, United States"
https://www.sherdog.com/events/UFC-252-Miocic-vs-Cormier-3-85053,UFC 252 - Miocic vs. Cormier 3,2020-08-15,"UFC Apex, Las Vegas, Nevada, United States"
https://www.sherdog.com/events/UFC-Fight-Night-174-Lewis-vs-Oleynik-86828,UFC Fight Night 174 - Lewis vs. Oleynik,2020-08-08,"UFC Apex, Las Vegas, Nevada, United States"
https://www.sherdog.com/events/UFC-Fight-Night-173-Brunson-vs-Shahbazyan-86792,UFC Fight Night 173 - Brunson vs. Shahbazyan,2020-08-01,"UFC Apex, Las Vegas, Nevada, United States"
https://www.sherdog.com/events/UFC-on-ESPN-14-Whittaker-vs-Till-86682,UFC on ESPN 14 - Whittaker vs. Till,2020-07-25,"Flash Forum, Yas Island, Abu Dhabi, United Arab Emirates"
https://www.sherdog.com/events/UFC-Fight-Night-172-Figueiredo-vs-Benavidez-2-86639,UFC Fight Night 172 - Figueiredo vs. Benavidez 2,2020-07-18,"Flash Forum, Yas Island, Abu Dhabi, United Arab Emirates"
https://www.sherdog.com/events/UFC-on-ESPN-13-Kattar-vs-Ige-86749,UFC on ESPN 13 - Kattar vs. Ige,2020-07-15,"Flash Forum, Yas Island, Abu Dhabi, United Arab Emirates"
https://www.sherdog.com/events/UFC-251-Usman-vs-Masvidal-86573,UFC 251 - Usman vs. Masvidal,2020-07-11,"Flash Forum, Yas Island, Abu Dhabi, United Arab Emirates"
https://www.sherdog.com/events/UFC-on-ESPN-12-Poirier-vs-Hooker-85439,UFC on ESPN 12 - Poirier vs. Hooker,2020-06-27,"UFC Apex, Las Vegas, Nevada, United States"
https://www.sherdog.com/events/UFC-on-ESPN-11-Blaydes-vs-Volkov-85753,UFC on ESPN 11 - Blaydes vs. Volkov,2020-06-20,"UFC Apex, Las Vegas, Nevada, United States"
https://www.sherdog.com/events/UFC-on-ESPN-10-Eye-vs-Calvillo-85485,UFC on ESPN 10 - Eye vs. Calvillo,2020-06-13,"UFC Apex, Las Vegas, Nevada, United States"
https://www.sherdog.com/events/UFC-250-Nunes-vs-Spencer-85345,UFC 250 - Nunes vs. Spencer,2020-06-06,"UFC Apex, Las Vegas, Nevada, United States"
https://www.sherdog.com/events/UFC-on-ESPN-9-Woodley-vs-Burns-86414,UFC on ESPN 9 - Woodley vs. Burns,2020-05-30,"UFC Apex, Las Vegas, Nevada, United States"
https://www.sherdog.com/events/UFC-on-ESPN-8-Overeem-vs-Harris-85255,UFC on ESPN 8 - Overeem vs. Harris,2020-05-16,"VyStar Veterans Memorial Arena, Jacksonville, Florida, United States"
https://www.sherdog.com/events/UFC-Fight-Night-171-Smith-vs-Teixeira-86413,UFC Fight Night 171 - Smith vs. Teixeira,2020-05-13,"VyStar Veterans Memorial Arena, Jacksonville, Florida, United States"
https://www.sherdog.com/events/UFC-249-Ferguson-vs-Gaethje-84357,UFC 249 - Ferguson vs. Gaethje,2020-05-09,"VyStar Veterans Memorial Arena, Jacksonville, Florida, United States"
https://www.sherdog.com/events/UFC-Fight-Night-170-Lee-vs-Oliveira-82429,UFC Fight Night 170 - Lee vs. Oliveira,2020-03-14,"Nilson Nelson Gymnasium, Brasilia, Federal District, Brazil"
https://www.sherdog.com/events/UFC-248-Adesanya-vs-Romero-83251,UFC 248 - Adesanya vs. Romero,2020-03-07,"T-Mobile Arena, Las Vegas, Nevada, United States"
https://www.sherdog.com/events/UFC-Fight-Night-169-Benavidez-vs-Figueiredo-83479,UFC Fight Night 169 - Benavidez vs. Figueiredo,2020-02-29,"Chartway Arena, Norfolk, Virginia, United States"
https://www.sherdog.com/events/UFC-Fight-Night-168-Felder-vs-Hooker-82983,UFC Fight Night 168 - Felder vs. Hooker,2020-02-23,"Spark Arena, Auckland, New Zealand"
https://www.sherdog.com/events/UFC-Fight-Night-167-Anderson-vs-Blachowicz-2-82977,UFC Fight Night 167 - Anderson vs. Blachowicz 2,2020-02-15,"Santa Ana Star Center, Rio Rancho, New Mexico, United States"
https://www.sherdog.com/events/UFC-247-Jones-vs-Reyes-82427,UFC 247 - Jones vs. Reyes,2020-02-08,"Toyota Center, Houston, Texas, United States"
https://www.sherdog.com/events/UFC-Fight-Night-166-Blaydes-vs-dos-Santos-82247,UFC Fight Night 166 - Blaydes vs. dos Santos,2020-01-25,"PNC Arena, Raleigh, North Carolina, United States"
https://www.sherdog.com/events/UFC-246-McGregor-vs-Cerrone-82425,UFC 246 - McGregor vs. Cerrone,2020-01-18,"T-Mobile Arena, Las Vegas, Nevada, United States"
https://www.sherdog.com/events/UFC-Fight-Night-165-Edgar-vs-Korean-Zombie-76609,UFC Fight Night 165 - Edgar vs. Korean Zombie,2019-12-21,"Sajik Arena, Busan, South Korea"
https://www.sherdog.com/events/UFC-245-Usman-vs-Covington-76607,UFC 245 - Usman vs. Covington,2019-12-14,"T-Mobile Arena, Las Vegas, Nevada, United States"
https://www.sherdog.com/events/UFC-on-ESPN-7-Overeem-vs-Rozenstruik-76605,UFC on ESPN 7 - Overeem vs. Rozenstruik,2019-12-07,"Capital One Arena, Washington, D.C., United States"
https://www.sherdog.com/events/UFC-Fight-Night-164-Blachowicz-vs-Jacare-76601,UFC Fight Night 164 - Blachowicz vs. Jacare,2019-11-16,"Ibirapuera Gymnasium, Sao Paulo, Sao Paulo, Brazil"
https://www.sherdog.com/events/UFC-Fight-Night-163-Magomedsharipov-vs-Kattar-79823,UFC Fight Night 163 - Magomedsharipov vs. Kattar,2019-11-09,"CSKA Arena, Moscow, Russia"
https://www.sherdog.com/events/UFC-244-Masvidal-vs-Diaz-76599,UFC 244 - Masvidal vs. Diaz,2019-11-02,"Madison Square Garden, New York, New York, United States"
https://www.sherdog.com/events/UFC-Fight-Night-162-Maia-vs-Askren-76597,UFC Fight Night 162 - Maia vs. Askren,2019-10-26,"Singapore Indoor Stadium, Kallang, Singapore"
https://www.sherdog.com/events/UFC-on-ESPN-6-Reyes-vs-Weidman-76595,UFC on ESPN 6 - Reyes vs. Weidman,2019-10-18,"TD Garden, Boston, Massachusetts, United States"
https://www.sherdog.com/events/UFC-Fight-Night-161-Jedrzejczyk-vs-Waterson-76593,UFC Fight Night 161 - Jedrzejczyk vs. Waterson,2019-10-12,"Amalie Arena, Tampa, Florida, United States"
https://www.sherdog.com/events/UFC-243-Whittaker-vs-Adesanya-76591,UFC 243 - Whittaker vs. Adesanya,2019-10-05,"Docklands Stadium, Melbourne, Victoria, Australia"
https://www.sherdog.com/events/UFC-Fight-Night-160-Hermansson-vs-Cannonier-76589,UFC Fight Night 160 - Hermansson vs. Cannonier,2019-09-28,"Royal Arena, Copenhagen, Denmark"
https://www.sherdog.com/events/UFC-Fight-Night-159-Rodriguez-vs-Stephens-76587,UFC Fight Night 159 - Rodriguez vs. Stephens,2019-09-21,"Mexico City Arena, Mexico City, Federal District, Mexico"
https://www.sherdog.com/events/UFC-Fight-Night-158-Cowboy-vs-Gaethje-76585,UFC Fight Night 158 - Cowboy vs. Gaethje,2019-09-14,"Rogers Arena, Vancouver, British Columbia, Canada"
https://www.sherdog.com/events/UFC-242-Khabib-vs-Poirier-76401,UFC 242 - Khabib vs. Poirier,2019-09-07,"Du Arena, Yas Island, Abu Dhabi, United Arab Emirates"
https://www.sherdog.com/events/UFC-Fight-Night-157-Andrade-vs-Zhang-76583,UFC Fight Night 157 - Andrade vs. Zhang,2019-08-31,"Shenzhen Universiade Sports Centre, Shenzhen, Guangdong, China"
https://www.sherdog.com/events/UFC-241-Cormier-vs-Miocic-2-76383,UFC 241 - Cormier vs. Miocic 2,2019-08-17,"Honda Center, Anaheim, California, United States"
https://www.sherdog.com/events/UFC-Fight-Night-156-Shevchenko-vs-Carmouche-2-76581,UFC Fight Night 156 - Shevchenko vs. Carmouche 2,2019-08-10,"Antel Arena, Montevideo, Uruguay"
https://www.sherdog.com/events/UFC-on-ESPN-5-Covington-vs-Lawler-76579,UFC on ESPN 5 - Covington vs. Lawler,2019-08-03,"Prudential Center, Newark, New Jersey, United States"
https://www.sherdog.com/events/UFC-240-Holloway-vs-Edgar-76577,UFC 240 - Holloway vs. Edgar,2019-07-27,"Rogers Place, Edmonton, Alberta, Canada"
https://www.sherdog.com/events/UFC-on-ESPN-4-Dos-Anjos-vs-Edwards-76575,UFC on ESPN 4 - Dos Anjos vs. Edwards,2019-07-20,"AT&T Center, San Antonio, Texas, United States"
https://www.sherdog.com/events/UFC-Fight-Night-155-De-Randamie-vs-Ladd-76573,UFC Fight Night 155 - De Randamie vs. Ladd,2019-07-13,"Golden 1 Center, Sacramento, California, United States"
https://www.sherdog.com/events/UFC-239-Jones-vs-Santos-75113,UFC 239 - Jones vs. Santos,2019-07-06,"T-Mobile Arena, Las Vegas, Nevada, United States"
https://www.sherdog.com/events/UFC-on-ESPN-3-Ngannou-vs-Dos-Santos-73351,UFC on ESPN 3 - Ngannou vs. Dos Santos,2019-06-29,"Target Center, Minneapolis, Minnesota, United States"
https://www.sherdog.com/events/UFC-Fight-Night-154-Moicano-vs-The-Korean-Zombie-73349,UFC Fight Night 154 - Moicano vs. The Korean Zombie,2019-06-22,"Bon Secours Wellness Arena, Greenville, South Carolina, United States"
https://www.sherdog.com/events/UFC-238-Cejudo-vs-Moraes-73347,UFC 238 - Cejudo vs. Moraes,2019-06-08,"United Center, Chicago, Illinois, United States"
https://www.sherdog.com/events/UFC-Fight-Night-153-Gustafsson-vs-Smith-73345,UFC Fight Night 153 - Gustafsson vs. Smith,2019-06-01,"Ericsson Globe, Stockholm, Sweden"
https://www.sherdog.com/events/UFC-Fight-Night-152-Dos-Anjos-vs-Lee-73343,UFC Fight Night 152 - Dos Anjos vs. Lee,2019-05-18,"Blue Cross Arena, Rochester, New York, United States"
https://www.sherdog.com/events/UFC-237-Namajunas-vs-Andrade-73341,UFC 237 - Namajunas vs. Andrade,2019-05-11,"Jeunesse Arena, Rio de Janeiro, Brazil"
https://www.sherdog.com/events/UFC-Fight-Night-151-Iaquinta-vs-Cowboy-73339,UFC Fight Night 151 - Iaquinta vs. Cowboy,2019-05-04,"Canadian Tire Centre, Ottawa, Ontario, Canada"
https://www.sherdog.com/events/UFC-Fight-Night-150-Jacare-vs-Hermansson-73337,UFC Fight Night 150 - Jacare vs. Hermansson,2019-04-27,"BB&T Center, Sunrise, Florida, United States"
https://www.sherdog.com/events/UFC-Fight-Night-149-Overeem-vs-Oleynik-73335,UFC Fight Night 149 - Overeem vs. Oleynik,2019-04-20,"Yubileyny Sports Complex, St. Petersburg, Russia"
https://www.sherdog.com/events/UFC-236-Holloway-vs-Poirier-73333,UFC 236 - Holloway vs. Poirier,2019-04-13,"State Farm Arena, Atlanta, Georgia, United States"
https://www.sherdog.com/events/UFC-on-ESPN-2-Barboza-vs-Gaethje-72035,UFC on ESPN 2 - Barboza vs. Gaethje,2019-03-30,"Wells Fargo Center, Philadelphia, Pennsylvania, United States"
https://www.sherdog.com/events/UFC-Fight-Night-148-Thompson-vs-Pettis-72033,UFC Fight Night 148 - Thompson vs. Pettis,2019-03-23,"Bridgestone Arena, Nashville, Tennessee, United States"
https://www.sherdog.com/events/UFC-Fight-Night-147-Till-vs-Masvidal-72031,UFC Fight Night 147 - Till vs. Masvidal,2019-03-16,"O2 Arena, London, Greater London, England"
https://www.sherdog.com/events/UFC-Fight-Night-146-Lewis-vs-Dos-Santos-72029,UFC Fight Night 146 - Lewis vs. Dos Santos,2019-03-09,"Intrust Bank Arena, Wichita, Kansas, United States"
https://www.sherdog.com/events/UFC-235-Jones-vs-Smith-72027,UFC 235 - Jones vs. Smith,2019-03-02,"T-Mobile Arena, Las Vegas, Nevada, United States"
https://www.sherdog.com/events/UFC-Fight-Night-145-Blachowicz-vs-Santos-72051,UFC Fight Night 145 - Blachowicz vs. Santos,2019-02-23,"O2 Arena, Prague, Czech Republic"
https://www.sherdog.com/events/UFC-on-ESPN-1-Ngannou-vs-Velasquez-72025,UFC on ESPN 1 - Ngannou vs. Velasquez,2019-02-17,"Talking Stick Resort Arena, Phoenix, Arizona, United States"
https://www.sherdog.com/events/UFC-234-Adesanya-vs-Silva-72011,UFC 234 - Adesanya vs. Silva,2019-02-09,"Rod Laver Arena, Melbourne, Victoria, Australia"
https://www.sherdog.com/events/UFC-Fight-Night-144-Assuncao-vs-Moraes-2-72023,UFC Fight Night 144 - Assuncao vs. Moraes 2,2019-02-02,"Centro de Formacao Olimpica do Nordeste, Fortaleza, Ceara, Brazil"
https://www.sherdog.com/events/UFC-233-Ultimate-Fighting-Championship-233-72021,UFC 233 - Ultimate Fighting Championship 233,2019-01-26,"EVENT CANCELED - Honda Center, Anaheim, California, United States"
https://www.sherdog.com/events/UFC-Fight-Night-143-Cejudo-vs-Dillashaw-72019,UFC Fight Night 143 - Cejudo vs. Dillashaw,2019-01-19,"Barclays Center, Brooklyn, New York, United States"
https://www.sherdog.com/events/UFC-232-Jones-vs-Gustafsson-2-69297,UFC 232 - Jones vs. Gustafsson 2,2018-12-29,"The Forum, Inglewood, California, United States"
https://www.sherdog.com/events/UFC-on-Fox-31-Iaquinta-vs-Lee-2-69295,UFC on Fox 31 - Iaquinta vs. Lee 2,2018-12-15,"Fiserv Forum, Milwaukee, Wisconsin, United States"
https://www.sherdog.com/events/UFC-231-Holloway-vs-Ortega-69293,UFC 231 - Holloway vs. Ortega,2018-12-08,"Scotiabank Arena, Toronto, Ontario, Canada"
https://www.sherdog.com/events/UFC-Fight-Night-142-Dos-Santos-vs-Tuivasa-69291,UFC Fight Night 142 - Dos Santos vs. Tuivasa,2018-12-01,"Adelaide Entertainment Centre, Adelaide, South Australia, Australia"
https://www.sherdog.com/events/UFC-The-Ultimate-Fighter-28-Finale-69289,UFC - The Ultimate Fighter 28 Finale,2018-11-30,"Pearl Concert Theater at Palms Casino Resort, Las Vegas, Nevada, United States"
https://www.sherdog.com/events/UFC-Fight-Night-141-Blaydes-vs-Ngannou-2-69287,UFC Fight Night 141 - Blaydes vs. Ngannou 2,2018-11-24,"Cadillac Arena, Beijing, China"
https://www.sherdog.com/events/UFC-Fight-Night-140-Magny-vs-Ponzinibbio-69285,UFC Fight Night 140 - Magny vs. Ponzinibbio,2018-11-17,"Parque Roca Arena, Buenos Aires, Argentina"
https://www.sherdog.com/events/UFC-Fight-Night-139-Korean-Zombie-vs-Rodriguez-69283,UFC Fight Night 139 - Korean Zombie vs. Rodriguez,2018-11-10,"Pepsi Center, Denver, Colorado, United States"
https://www.sherdog.com/events/UFC-230-Cormier-vs-Lewis-69281,UFC 230 - Cormier vs. Lewis,2018-11-03,"Madison Square Garden, New York, New York, United States"
https://www.sherdog.com/events/UFC-Fight-Night-138-Oezdemir-vs-Smith-69279,UFC Fight Night 138 - Oezdemir vs. Smith,2018-10-27,"Moncton Events Centre, Moncton, New Brunswick, Canada"
https://www.sherdog.com/events/UFC-229-Nurmagomedov-vs-McGregor-69277,UFC 229 - Nurmagomedov vs. McGregor,2018-10-06,"T-Mobile Arena, Las Vegas, Nevada, United States"
https://www.sherdog.com/events/UFC-Fight-Night-137-Santos-vs-Anders-69275,UFC Fight Night 137 - Santos vs. Anders,2018-09-22,"Geraldo Jose de Almeida (Ibirapuera) Gymnasium, Sao Paulo, Sao Paulo, Brazil"
https://www.sherdog.com/events/UFC-Fight-Night-136-Hunt-vs-Oleynik-68195,UFC Fight Night 136 - Hunt vs. Oleynik,2018-09-15,"Olimpiysky Arena, Moscow, Russia"
https://www.sherdog.com/events/UFC-228-Woodley-vs-Till-69273,UFC 228 - Woodley vs. Till,2018-09-08,"American Airlines Center, Dallas, Texas, United States"
https://www.sherdog.com/events/UFC-Fight-Night-135-Gaethje-vs-Vick-66979,UFC Fight Night 135 - Gaethje vs. Vick,2018-08-25,"Pinnacle Bank Arena, Lincoln, Nebraska, United States"
https://www.sherdog.com/events/UFC-227-Dillashaw-vs-Garbrandt-2-66977,UFC 227 - Dillashaw vs. Garbrandt 2,2018-08-04,"Staples Center, Los Angeles, California, United States"
https://www.sherdog.com/events/UFC-on-Fox-30-Alvarez-vs-Poirier-2-66975,UFC on Fox 30 - Alvarez vs. Poirier 2,2018-07-28,"Scotiabank Saddledome, Calgary, Alberta, Canada"
https://www.sherdog.com/events/UFC-Fight-Night-134-Shogun-vs-Smith-66973,UFC Fight Night 134 - Shogun vs. Smith,2018-07-22,"Barclaycard Arena, Hamburg, Germany"
https://www.sherdog.com/events/UFC-Fight-Night-133-Dos-Santos-vs-Ivanov-66971,UFC Fight Night 133 - Dos Santos vs. Ivanov,2018-07-14,"CenturyLink Arena, Boise, Idaho, United States"
https://www.sherdog.com/events/UFC-226-Miocic-vs-Cormier-65367,UFC 226 - Miocic vs. Cormier,2018-07-07,"T-Mobile Arena, Las Vegas, Nevada, United States"
https://www.sherdog.com/events/UFC-The-Ultimate-Fighter-27-Finale-65583,UFC - The Ultimate Fighter 27 Finale,2018-07-06,"Pearl Concert Theater at Palms Casino Resort, Las Vegas, Nevada, United States"
https://www.sherdog.com/events/UFC-Fight-Night-132-Cerrone-vs-Edwards-67121,UFC Fight Night 132 - Cerrone vs. Edwards,2018-06-23,"Singapore Indoor Stadium, Kallang, Singapore"
https://www.sherdog.com/events/UFC-225-Whittaker-vs-Romero-2-65421,UFC 225 - Whittaker vs. Romero 2,2018-06-09,"United Center, Chicago, Illinois, United States"
https://www.sherdog.com/events/UFC-Fight-Night-131-Rivera-vs-Moraes-65423,UFC Fight Night 131 - Rivera vs. Moraes,2018-06-01,"Adirondack Bank Center, Utica, New York, United States"
https://www.sherdog.com/events/UFC-Fight-Night-130-Thompson-vs-Till-66253,UFC Fight Night 130 - Thompson vs. Till,2018-05-27,"Echo Arena, Liverpool, Merseyside, England"
https://www.sherdog.com/events/UFC-Fight-Night-129-Maia-vs-Usman-65581,UFC Fight Night 129 - Maia vs. Usman,2018-05-19,"Movistar Arena, Santiago, Chile"
https://www.sherdog.com/events/UFC-224-Nunes-vs-Pennington-65419,UFC 224 - Nunes vs. Pennington,2018-05-12,"Jeunesse Arena, Rio de Janeiro, Brazil"
https://www.sherdog.com/events/UFC-Fight-Night-128-Barboza-vs-Lee-65387,UFC Fight Night 128 - Barboza vs. Lee,2018-04-21,"Jim Whelan Boardwalk Hall, Atlantic City, New Jersey, United States"
https://www.sherdog.com/events/UFC-on-Fox-29-Poirier-vs-Gaethje-65327,UFC on Fox 29 - Poirier vs. Gaethje,2018-04-14,"Gila River Arena, Glendale, Arizona, United States"
https://www.sherdog.com/events/UFC-223-Khabib-vs-Iaquinta-65291,UFC 223 - Khabib vs. Iaquinta,2018-04-07,"Barclays Center, Brooklyn, New York, United States"
https://www.sherdog.com/events/UFC-Fight-Night-127-Werdum-vs-Volkov-63975,UFC Fight Night 127 - Werdum vs. Volkov,2018-03-17,"O2 Arena, London, Greater London, England"
https://www.sherdog.com/events/UFC-222-Cyborg-vs-Kunitskaya-63771,UFC 222 - Cyborg vs. Kunitskaya,2018-03-03,"T-Mobile Arena, Las Vegas, Nevada, United States"
https://www.sherdog.com/events/UFC-on-Fox-28-Emmett-vs-Stephens-63973,UFC on Fox 28 - Emmett vs. Stephens,2018-02-24,"Amway Center, Orlando, Florida, United States"
https://www.sherdog.com/events/UFC-Fight-Night-126-Cerrone-vs-Medeiros-63971,UFC Fight Night 126 - Cerrone vs. Medeiros,2018-02-18,"Frank Erwin Center, Austin, Texas, United States"
https://www.sherdog.com/events/UFC-221-Romero-vs-Rockhold-63769,UFC 221 - Romero vs. Rockhold,2018-02-10,"Perth Arena, Perth, Western Australia, Australia"
https://www.sherdog.com/events/UFC-Fight-Night-125-Machida-vs-Anders-63767,UFC Fight Night 125 - Machida vs. Anders,2018-02-03,"Guilherme Paraense (Mangueirinho) Arena, Belem, Para, Brazil"
https://www.sherdog.com/events/UFC-on-Fox-27-Jacare-vs-Brunson-2-63969,UFC on Fox 27 - Jacare vs. Brunson 2,2018-01-27,"Spectrum Center, Charlotte, North Carolina, United States"
https://www.sherdog.com/events/UFC-220-Miocic-vs-Ngannou-63763,UFC 220 - Miocic vs. Ngannou,2018-01-20,"TD Garden, Boston, Massachusetts, United States"
https://www.sherdog.com/events/UFC-Fight-Night-124-Stephens-vs-Choi-63765,UFC Fight Night 124 - Stephens vs. Choi,2018-01-14,"Scottrade Center, St. Louis, Missouri, United States"
https://www.sherdog.com/events/UFC-219-Cyborg-vs-Holm-61993,UFC 219 - Cyborg vs. Holm,2017-12-30,"T-Mobile Arena, Las Vegas, Nevada, United States"
https://www.sherdog.com/events/UFC-on-Fox-26-Lawler-vs-dos-Anjos-62621,UFC on Fox 26 - Lawler vs. dos Anjos,2017-12-16,"MTS Centre, Winnipeg, Manitoba, Canada"
https://www.sherdog.com/events/UFC-Fight-Night-123-Swanson-vs-Ortega-62623,UFC Fight Night 123 - Swanson vs. Ortega,2017-12-09,"Save Mart Center, Fresno, California, United States"
https://www.sherdog.com/events/UFC-218-Holloway-vs-Aldo-2-61991,UFC 218 - Holloway vs. Aldo 2,2017-12-02,"Little Caesars Arena, Detroit, Michigan, United States"
https://www.sherdog.com/events/UFC-The-Ultimate-Fighter-26-Finale-61987,UFC - The Ultimate Fighter 26 Finale,2017-12-01,"Park Theater, Las Vegas, Nevada, United States"
https://www.sherdog.com/events/UFC-Fight-Night-122-Bisping-vs-Gastelum-62001,UFC Fight Night 122 - Bisping vs. Gastelum,2017-11-25,"Mercedez-Benz Arena, Shanghai, China"
https://www.sherdog.com/events/UFC-Fight-Night-121-Werdum-vs-Tybura-61985,UFC Fight Night 121 - Werdum vs. Tybura,2017-11-18,"Qudos Bank Arena, Sydney, New South Wales, Australia"
https://www.sherdog.com/events/UFC-Fight-Night-120-Poirier-vs-Pettis-62649,UFC Fight Night 120 - Poirier vs. Pettis,2017-11-11,"Ted Constant Convocation Center, Norfolk, Virginia, United States"
https://www.sherdog.com/events/UFC-217-Bisping-vs-St-Pierre-61989,UFC 217 - Bisping vs. St. Pierre,2017-11-04,"Madison Square Garden, New York, New York, United States"
https://www.sherdog.com/events/UFC-Fight-Night-119-Brunson-vs-Machida-61997,UFC Fight Night 119 - Brunson vs. Machida,2017-10-28,"Geraldo Jose de Almeida (Ibirapuera) Gymnasium, Sao Paulo, Sao Paulo, Brazil"
https://www.sherdog.com/events/UFC-Fight-Night-118-Cerrone-vs-Till-58753,UFC Fight Night 118 - Cerrone vs. Till,2017-10-21,"Ergo Arena, Gdansk, Poland"
https://www.sherdog.com/events/UFC-216-Ferguson-vs-Lee-61983,UFC 216 - Ferguson vs. Lee,2017-10-07,"T-Mobile Arena, Las Vegas, Nevada, United States"
https://www.sherdog.com/events/UFC-Fight-Night-117-St-Preux-vs-Okami-60113,UFC Fight Night 117 - St. Preux vs. Okami,2017-09-22,"Saitama Super Arena, Saitama, Saitama, Japan"
https://www.sherdog.com/events/UFC-Fight-Night-116-Rockhold-vs-Branch-61995,UFC Fight Night 116 - Rockhold vs. Branch,2017-09-16,"PPG Paints Arena, Pittsburgh, Pennsylvania, United States"
https://www.sherdog.com/events/UFC-215-Nunes-vs-Shevchenko-2-59759,UFC 215 - Nunes vs. Shevchenko 2,2017-09-09,"Rogers Place, Edmonton, Alberta, Canada"
https://www.sherdog.com/events/UFC-Fight-Night-115-Volkov-vs-Struve-58751,UFC Fight Night 115 - Volkov vs. Struve,2017-09-02,"Ahoy Rotterdam, Rotterdam, South Holland, Netherlands"
https://www.sherdog.com/events/UFC-Fight-Night-114-Pettis-vs-Moreno-60029,UFC Fight Night 114 - Pettis vs. Moreno,2017-08-05,"Mexico City Arena, Mexico City, Federal District, Mexico"
https://www.sherdog.com/events/UFC-214-Cormier-vs-Jones-2-57825,UFC 214 - Cormier vs. Jones 2,2017-07-29,"Honda Center, Anaheim, California, United States"
https://www.sherdog.com/events/UFC-on-Fox-25-Weidman-vs-Gastelum-59505,UFC on Fox 25 - Weidman vs. Gastelum,2017-07-22,"Nassau Coliseum, Uniondale, New York, United States"
https://www.sherdog.com/events/UFC-Fight-Night-113-Nelson-vs-Ponzinibbio-58749,UFC Fight Night 113 - Nelson vs. Ponzinibbio,2017-07-16,"SSE Hydro Arena, Glasgow, Scotland"
https://www.sherdog.com/events/UFC-213-Romero-vs-Whittaker-59011,UFC 213 - Romero vs. Whittaker,2017-07-08,"T-Mobile Arena, Las Vegas, Nevada, United States"
https://www.sherdog.com/events/UFC-The-Ultimate-Fighter-25-Finale-59007,UFC - The Ultimate Fighter 25 Finale,2017-07-07,"T-Mobile Arena, Las Vegas, Nevada, United States"
https://www.sherdog.com/events/UFC-Fight-Night-112-Chiesa-vs-Lee-58847,UFC Fight Night 112 - Chiesa vs. Lee,2017-06-25,"Chesapeake Energy Arena, Oklahoma City, Oklahoma, United States"
https://www.sherdog.com/events/UFC-Fight-Night-111-Holm-vs-Correia-58241,UFC Fight Night 111 - Holm vs. Correia,2017-06-17,"Singapore Indoor Stadium, Kallang, Singapore"
https://www.sherdog.com/events/UFC-Fight-Night-110-Hunt-vs-Lewis-58411,UFC Fight Night 110 - Hunt vs. Lewis,2017-06-10,"Vector Arena, Auckland, New Zealand"
https://www.sherdog.com/events/UFC-212-Aldo-vs-Holloway-57993,UFC 212 - Aldo vs. Holloway,2017-06-03,"HSBC Arena, Rio de Janeiro, Brazil"
https://www.sherdog.com/events/UFC-Fight-Night-109-Gustafsson-vs-Teixeira-58405,UFC Fight Night 109 - Gustafsson vs. Teixeira,2017-05-28,"Ericsson Globe Arena, Stockholm, Sweden"
https://www.sherdog.com/events/UFC-211-Miocic-vs-Dos-Santos-2-57823,UFC 211 - Miocic vs. Dos Santos 2,2017-05-13,"American Airlines Center, Dallas, Texas, United States"
https://www.sherdog.com/events/UFC-Fight-Night-108-Swanson-vs-Lobov-57969,UFC Fight Night 108 - Swanson vs. Lobov,2017-04-22,"Bridgestone Arena, Nashville, Tennessee, United States"
https://www.sherdog.com/events/UFC-on-Fox-24-Johnson-vs-Reis-57971,UFC on Fox 24 - Johnson vs. Reis,2017-04-15,"Sprint Center, Kansas City, Missouri, United States"
https://www.sherdog.com/events/UFC-210-Cormier-vs-Johnson-2-57531,UFC 210 - Cormier vs. Johnson 2,2017-04-08,"KeyBank Center, Buffalo, New York, United States"
https://www.sherdog.com/events/UFC-Fight-Night-107-Manuwa-vs-Anderson-56259,UFC Fight Night 107 - Manuwa vs. Anderson,2017-03-18,"O2 Arena, London, England, United Kingdom"
https://www.sherdog.com/events/UFC-Fight-Night-106-Belfort-vs-Gastelum-56257,UFC Fight Night 106 - Belfort vs. Gastelum,2017-03-11,"Northeast Olympic Training Center, Fortaleza, Ceara, Brazil"
https://www.sherdog.com/events/UFC-209-Woodley-vs-Thompson-2-56255,UFC 209 - Woodley vs. Thompson 2,2017-03-04,"T-Mobile Arena, Las Vegas, Nevada, United States"
https://www.sherdog.com/events/UFC-Fight-Night-105-Lewis-vs-Browne-56251,UFC Fight Night 105 - Lewis vs. Browne,2017-02-19,"Scotiabank Centre, Halifax, Nova Scotia, Canada"
https://www.sherdog.com/events/UFC-208-Holm-vs-De-Randamie-56249,UFC 208 - Holm vs. De Randamie,2017-02-11,"Barclays Center, Brooklyn, New York, United States"
https://www.sherdog.com/events/UFC-Fight-Night-104-Bermudez-vs-Korean-Zombie-56247,UFC Fight Night 104 - Bermudez vs. Korean Zombie,2017-02-04,"Toyota Center, Houston, Texas, United States"
https://www.sherdog.com/events/UFC-on-Fox-23-Shevchenko-vs-Pena-56245,UFC on Fox 23 - Shevchenko vs. Pena,2017-01-28,"Pepsi Center, Denver, Colorado, United States"
https://www.sherdog.com/events/UFC-Fight-Night-103-Rodriguez-vs-Penn-56239,UFC Fight Night 103 - Rodriguez vs. Penn,2017-01-15,"Talking Stick Arena, Phoenix, Arizona, United States"
https://www.sherdog.com/events/UFC-207-Nunes-vs-Rousey-55005,UFC 207 - Nunes vs. Rousey,2016-12-30,"T-Mobile Arena, Las Vegas, Nevada, United States"
https://www.sherdog.com/events/UFC-on-Fox-22-VanZant-vs-Waterson-55003,UFC on Fox 22 - VanZant vs. Waterson,2016-12-17,"Golden 1 Center, Sacramento, California, United States"
https://www.sherdog.com/events/UFC-206-Holloway-vs-Pettis-55001,UFC 206 - Holloway vs. Pettis,2016-12-10,"Air Canada Centre, Toronto, Ontario, Canada"
https://www.sherdog.com/events/UFC-Fight-Night-102-Lewis-vs-Abdurakhimov-54999,UFC Fight Night 102 - Lewis vs. Abdurakhimov,2016-12-09,"Times Union Center, Albany, New York, United States"
https://www.sherdog.com/events/UFC-The-Ultimate-Fighter-24-Finale-54997,UFC - The Ultimate Fighter 24 Finale,2016-12-03,"Palms Casino Resort, Las Vegas, Nevada, United States"
https://www.sherdog.com/events/UFC-Fight-Night-101-Whittaker-vs-Brunson-54995,UFC Fight Night 101 - Whittaker vs. Brunson,2016-11-26,"Rod Laver Arena, Melbourne, Victoria, Australia"
https://www.sherdog.com/events/UFC-Fight-Night-100-Bader-vs-Nogueira-2-54993,UFC Fight Night 100 - Bader vs. Nogueira 2,2016-11-19,"Ibirapuera Gymnasium, Sao Paulo, Sao Paulo, Brazil"
https://www.sherdog.com/events/UFC-Fight-Night-99-Mousasi-vs-Hall-2-54983,UFC Fight Night 99 - Mousasi vs. Hall 2,2016-11-19,"SSE Arena, Belfast, Northern Ireland"
https://www.sherdog.com/events/UFC-205-Alvarez-vs-McGregor-52249,UFC 205 - Alvarez vs. McGregor,2016-11-12,"Madison Square Garden, New York, New York, United States"
https://www.sherdog.com/events/UFC-Fight-Night-98-Dos-Anjos-vs-Ferguson-51653,UFC Fight Night 98 - Dos Anjos vs. Ferguson,2016-11-05,"Mexico City Arena, Mexico City, Federal District, Mexico"
https://www.sherdog.com/events/UFC-Fight-Night-97-Lamas-vs-Penn-90890,UFC Fight Night 97 - Lamas vs. Penn,2016-10-15,"EVENT CANCELED - Mall of Asia Arena, Pasay, Metro Manila, Philippines"
https://www.sherdog.com/events/UFC-204-Bisping-vs-Henderson-2-54381,UFC 204 - Bisping vs. Henderson 2,2016-10-08,"Manchester Arena, Manchester, Greater Manchester, England"
https://www.sherdog.com/events/UFC-Fight-Night-96-Lineker-vs-Dodson-54089,UFC Fight Night 96 - Lineker vs. Dodson,2016-10-01,"Moda Center, Portland, Oregon, United States"
https://www.sherdog.com/events/UFC-Fight-Night-95-Cyborg-vs-Lansberg-53641,UFC Fight Night 95 - Cyborg vs. Lansberg,2016-09-24,"Nilson Nelson Gymnasium, Brasilia, Federal District, Brazil"
https://www.sherdog.com/events/UFC-Fight-Night-94-Poirier-vs-Johnson-53639,UFC Fight Night 94 - Poirier vs. Johnson,2016-09-17,"State Farm Arena, Hidalgo, Texas, United States"
https://www.sherdog.com/events/UFC-203-Miocic-vs-Overeem-52565,UFC 203 - Miocic vs. Overeem,2016-09-10,"Quicken Loans Arena, Cleveland, Ohio, United States"
https://www.sherdog.com/events/UFC-Fight-Night-93-Arlovski-vs-Barnett-52185,UFC Fight Night 93 - Arlovski vs. Barnett,2016-09-03,"Barclaycard Arena, Hamburg, Germany"
https://www.sherdog.com/events/UFC-on-Fox-21-Maia-vs-Condit-52945,UFC on Fox 21 - Maia vs. Condit,2016-08-27,"Rogers Arena, Vancouver, British Columbia, Canada"
https://www.sherdog.com/events/UFC-202-Diaz-vs-McGregor-2-52567,UFC 202 - Diaz vs. McGregor 2,2016-08-20,"T-Mobile Arena, Las Vegas, Nevada, United States"
https://www.sherdog.com/events/UFC-Fight-Night-92-Rodriguez-vs-Caceres-52851,UFC Fight Night 92 - Rodriguez vs. Caceres,2016-08-06,"Vivint Smart Home Arena, Salt Lake City, Utah, United States"
https://www.sherdog.com/events/UFC-201-Lawler-vs-Woodley-52199,UFC 201 - Lawler vs. Woodley,2016-07-30,"Philips Arena, Atlanta, Georgia, United States"
https://www.sherdog.com/events/UFC-on-Fox-20-Holm-vs-Shevchenko-51563,UFC on Fox 20 - Holm vs. Shevchenko,2016-07-23,"United Center, Chicago, Illinois, United States"
https://www.sherdog.com/events/UFC-Fight-Night-91-McDonald-vs-Lineker-51841,UFC Fight Night 91 - McDonald vs. Lineker,2016-07-13,"Denny Sanford Premier Center, Sioux Falls, South Dakota, United States"
https://www.sherdog.com/events/UFC-200-Tate-vs-Nunes-47285,UFC 200 - Tate vs. Nunes,2016-07-09,"T-Mobile Arena, Las Vegas, Nevada, United States"
https://www.sherdog.com/events/UFC-The-Ultimate-Fighter-23-Finale-50075,UFC  - The Ultimate Fighter 23 Finale,2016-07-08,"MGM Grand Garden Arena, Las Vegas, Nevada, United States"
https://www.sherdog.com/events/UFC-Fight-Night-90-Dos-Anjos-vs-Alvarez-50943,UFC Fight Night 90 - Dos Anjos vs. Alvarez,2016-07-07,"MGM Grand Garden Arena, Las Vegas, Nevada, United States"
https://www.sherdog.com/events/UFC-Fight-Night-89-MacDonald-vs-Thompson-50939,UFC Fight Night 89 - MacDonald vs. Thompson,2016-06-18,"TD Place Arena, Ottawa, Ontario, Canada"
https://www.sherdog.com/events/UFC-199-Rockhold-vs-Bisping-2-50937,UFC 199 - Rockhold vs. Bisping 2,2016-06-04,"The Forum, Inglewood, California, United States"
https://www.sherdog.com/events/UFC-Fight-Night-88-Almeida-vs-Garbrandt-50941,UFC Fight Night 88 - Almeida vs. Garbrandt,2016-05-29,"Mandalay Bay Events Center, Las Vegas, Nevada, United States"
https://www.sherdog.com/events/UFC-198-Werdum-vs-Miocic-50217,UFC 198 - Werdum vs. Miocic,2016-05-14,"Arena da Baixada, Curitiba, Parana, Brazil"
https://www.sherdog.com/events/UFC-Fight-Night-87-Overeem-vs-Arlovski-50621,UFC Fight Night 87 - Overeem vs. Arlovski,2016-05-08,"Ahoy Rotterdam, Rotterdam, South Holland, Netherlands"
https://www.sherdog.com/events/UFC-197-Jones-vs-St-Preux-50485,UFC 197 - Jones vs. St. Preux,2016-04-23,"MGM Grand Garden Arena, Las Vegas, Nevada, United States"
https://www.sherdog.com/events/UFC-on-Fox-19-Teixeira-vs-Evans-50261,UFC on Fox 19 - Teixeira vs. Evans,2016-04-16,"Amalie Arena, Tampa, Florida, United States"
https://www.sherdog.com/events/UFC-Fight-Night-86-Rothwell-vs-Dos-Santos-50295,UFC Fight Night 86 - Rothwell vs. Dos Santos,2016-04-10,"Zagreb Arena, Zagreb, Croatia"
https://www.sherdog.com/events/UFC-Fight-Night-85-Hunt-vs-Mir-47939,UFC Fight Night 85 - Hunt vs. Mir,2016-03-19,"Brisbane Entertainment Centre, Brisbane, Queensland, Australia"
https://www.sherdog.com/events/UFC-196-McGregor-vs-Diaz-47931,UFC 196 - McGregor vs. Diaz,2016-03-05,"MGM Grand Garden Arena, Las Vegas, Nevada, United States"
https://www.sherdog.com/events/UFC-Fight-Night-84-Silva-vs-Bisping-47937,UFC Fight Night 84 - Silva vs. Bisping,2016-02-27,"O2 Arena, London, Greater London, England"
https://www.sherdog.com/events/UFC-Fight-Night-83-Cerrone-vs-Oliveira-47935,UFC Fight Night 83 - Cerrone vs. Oliveira,2016-02-21,"Consol Energy Center, Pittsburgh, Pennsylvania, United States"
https://www.sherdog.com/events/UFC-Fight-Night-82-Hendricks-vs-Thompson-47929,UFC Fight Night 82 - Hendricks vs. Thompson,2016-02-06,"MGM Grand Garden Arena, Las Vegas, Nevada, United States"
https://www.sherdog.com/events/UFC-on-Fox-18-Johnson-vs-Bader-47933,UFC on Fox 18 - Johnson vs. Bader,2016-01-30,"Prudential Center, Newark, New Jersey, United States"
https://www.sherdog.com/events/UFC-Fight-Night-81-Dillashaw-vs-Cruz-47783,UFC Fight Night 81 - Dillashaw vs. Cruz,2016-01-17,"TD Garden, Boston, Massachusetts, United States"
https://www.sherdog.com/events/UFC-195-Lawler-vs-Condit-47465,UFC 195 - Lawler vs. Condit,2016-01-02,"MGM Grand Garden Arena, Las Vegas, Nevada, United States"
https://www.sherdog.com/events/UFC-on-Fox-17-Dos-Anjos-vs-Cerrone-2-42249,UFC on Fox 17 - Dos Anjos vs. Cerrone 2,2015-12-19,"Amway Center, Orlando, Florida, United States"
https://www.sherdog.com/events/UFC-194-Aldo-vs-McGregor-42245,UFC 194 - Aldo vs. McGregor,2015-12-12,"MGM Grand Garden Arena, Las Vegas, Nevada, United States"
https://www.sherdog.com/events/UFC-The-Ultimate-Fighter-22-Finale-47439,UFC - The Ultimate Fighter 22 Finale,2015-12-11,"The Chelsea at the Cosmopolitan, Las Vegas, Nevada, United States"
https://www.sherdog.com/events/UFC-Fight-Night-80-Namajunas-vs-VanZant-47669,UFC Fight Night 80 - Namajunas vs. VanZant,2015-12-10,"The Chelsea at the Cosmopolitan, Las Vegas, Nevada, United States"
https://www.sherdog.com/events/UFC-Fight-Night-79-Henderson-vs-Masvidal-42243,UFC Fight Night 79 - Henderson vs. Masvidal,2015-11-28,"Olympic Gymnastics Arena, Seoul, South Korea"
https://www.sherdog.com/events/UFC-Fight-Night-78-Magny-vs-Gastelum-42241,UFC Fight Night 78 - Magny vs. Gastelum,2015-11-21,"Monterrey Arena, Monterrey, Nuevo Leon, Mexico"
https://www.sherdog.com/events/UFC-193-Rousey-vs-Holm-42239,UFC 193 - Rousey vs. Holm,2015-11-14,"Etihad Stadium, Melbourne, Victoria, Australia"
https://www.sherdog.com/events/UFC-Fight-Night-77-Belfort-vs-Henderson-3-42237,UFC Fight Night 77 - Belfort vs. Henderson 3,2015-11-07,"Geraldo Jose de Almeida (Ibirapuera) State Gymnasium, Sao Paulo, Sao Paulo, Brazil"
https://www.sherdog.com/events/UFC-Fight-Night-76-Holohan-vs-Smolka-47107,UFC Fight Night 76 - Holohan vs. Smolka,2015-10-24,"3Arena, Dublin, Leinster, Ireland"
https://www.sherdog.com/events/UFC-192-Cormier-vs-Gustafsson-42235,UFC 192 - Cormier vs. Gustafsson,2015-10-03,"Toyota Center, Houston, Texas, United States"
https://www.sherdog.com/events/UFC-Fight-Night-75-Barnett-vs-Nelson-45847,UFC Fight Night 75 - Barnett vs. Nelson,2015-09-26,"Saitama Super Arena, Saitama, Japan"
https://www.sherdog.com/events/UFC-191-Johnson-vs-Dodson-2-42229,UFC 191 - Johnson vs. Dodson 2,2015-09-05,"MGM Grand Garden Arena, Las Vegas, Nevada, United States"
https://www.sherdog.com/events/UFC-Fight-Night-74-Holloway-vs-Oliveira-42225,UFC Fight Night 74 - Holloway vs. Oliveira,2015-08-23,"SaskTel Centre, Saskatoon, Saskatchewan, Canada"
https://www.sherdog.com/events/UFC-Fight-Night-73-Teixeira-vs-St-Preux-42223,UFC Fight Night 73 - Teixeira vs. St. Preux,2015-08-08,"Bridgestone Arena, Nashville, Tennessee, United States"
https://www.sherdog.com/events/UFC-190-Rousey-vs-Correia-42221,UFC 190 - Rousey vs. Correia,2015-08-01,"HSBC Arena, Rio de Janeiro, Rio de Janeiro, Brazil"
https://www.sherdog.com/events/UFC-on-Fox-16-Dillashaw-vs-Barao-2-42219,UFC on Fox 16 - Dillashaw vs. Barao 2,2015-07-25,"United Center, Chicago, Illinois, United States"
https://www.sherdog.com/events/UFC-Fight-Night-72-Bisping-vs-Leites-42217,UFC Fight Night 72 - Bisping vs. Leites,2015-07-18,"SSE Hydro Arena, Glasgow, Scotland"
https://www.sherdog.com/events/UFC-Fight-Night-71-Mir-vs-Duffee-42215,UFC Fight Night 71 - Mir vs. Duffee,2015-07-15,"Valley View Casino Center, San Diego, California, United States"
https://www.sherdog.com/events/UFC-The-Ultimate-Fighter-21-Finale-42213,UFC - The Ultimate Fighter 21 Finale,2015-07-12,"MGM Grand Garden Arena, Las Vegas, Nevada, United States"
https://www.sherdog.com/events/UFC-189-Mendes-vs-McGregor-42211,UFC 189 - Mendes vs. McGregor,2015-07-11,"MGM Grand Garden Arena, Las Vegas, Nevada, United States"
https://www.sherdog.com/events/UFC-Fight-Night-70-Machida-vs-Romero-42209,UFC Fight Night 70 - Machida vs. Romero,2015-06-27,"Seminole Hard Rock Hotel and Casino, Hollywood, Florida, United States"
https://www.sherdog.com/events/UFC-Fight-Night-69-Jedrzejczyk-vs-Penne-42207,UFC Fight Night 69 - Jedrzejczyk vs. Penne,2015-06-20,"O2 World, Berlin, Germany"
https://www.sherdog.com/events/UFC-188-Velasquez-vs-Werdum-42205,UFC 188 - Velasquez vs. Werdum,2015-06-13,"Mexico City Arena, Mexico City, Federal District, Mexico"
https://www.sherdog.com/events/UFC-Fight-Night-68-Boetsch-vs-Henderson-42203,UFC Fight Night 68 - Boetsch vs. Henderson,2015-06-06,"Smoothie King Center, New Orleans, Louisiana, United States"
https://www.sherdog.com/events/UFC-Fight-Night-67-Condit-vs-Alves-42201,UFC Fight Night 67 - Condit vs. Alves,2015-05-30,"Goiania Arena, Goiania, Goias, Brazil"
https://www.sherdog.com/events/UFC-187-Johnson-vs-Cormier-42199,UFC 187 - Johnson vs. Cormier,2015-05-23,"MGM Grand Garden Arena, Las Vegas, Nevada, United States"
https://www.sherdog.com/events/UFC-Fight-Night-66-Edgar-vs-Faber-42197,UFC Fight Night 66 - Edgar vs. Faber,2015-05-16,"Mall of Asia Arena, Pasay, Metro Manila, Philippines"
https://www.sherdog.com/events/UFC-Fight-Night-65-Miocic-vs-Hunt-42195,UFC Fight Night 65 - Miocic vs. Hunt,2015-05-10,"Adelaide Entertainment Centre, Adelaide, South Australia, Australia"
https://www.sherdog.com/events/UFC-186-Johnson-vs-Horiguchi-42193,UFC 186 - Johnson vs. Horiguchi,2015-04-25,"Bell Centre, Montreal, Quebec, Canada"
https://www.sherdog.com/events/UFC-on-Fox-15-Machida-vs-Rockhold-42191,UFC on Fox 15 - Machida vs. Rockhold,2015-04-18,"Prudential Center, Newark, New Jersey, United States"
https://www.sherdog.com/events/UFC-Fight-Night-64-Gonzaga-vs-Cro-Cop-2-42189,UFC Fight Night 64 - Gonzaga vs. Cro Cop 2,2015-04-11,"Krakow Arena, Krakow, Lesser Poland, Poland"
https://www.sherdog.com/events/UFC-Fight-Night-63-Mendes-vs-Lamas-42187,UFC Fight Night 63 - Mendes vs. Lamas,2015-04-04,"Patriot Center, Fairfax, Virginia, United States"
https://www.sherdog.com/events/UFC-Fight-Night-62-Maia-vs-LaFlare-42185,UFC Fight Night 62 - Maia vs. LaFlare,2015-03-21,"Maracanazinho Gymnasium, Rio de Janeiro, Brazil"
https://www.sherdog.com/events/UFC-185-Pettis-vs-dos-Anjos-42183,UFC 185 - Pettis vs. dos Anjos,2015-03-14,"American Airlines Center, Dallas, Texas, United States"
https://www.sherdog.com/events/UFC-184-Rousey-vs-Zingano-41893,UFC 184 - Rousey vs. Zingano,2015-02-28,"Staples Center, Los Angeles, California, United States"
https://www.sherdog.com/events/UFC-Fight-Night-61-Bigfoot-vs-Mir-38843,UFC Fight Night 61 - Bigfoot vs. Mir,2015-02-22,"Gigantinho Gymnasium, Porto Alegre, Rio Grande do Sul, Brazil"
https://www.sherdog.com/events/UFC-Fight-Night-60-Henderson-vs-Thatch-42065,UFC Fight Night 60 - Henderson vs. Thatch,2015-02-14,"1stBank Center, Broomfield, Colorado, United States"
https://www.sherdog.com/events/UFC-183-Silva-vs-Diaz-39291,UFC 183 - Silva vs. Diaz,2015-01-31,"MGM Grand Garden Arena, Las Vegas, Nevada, United States"
https://www.sherdog.com/events/UFC-on-Fox-14-Gustafsson-vs-Johnson-42123,UFC on Fox 14 - Gustafsson vs. Johnson,2015-01-24,"Tele2 Arena, Stockholm, Sweden"
https://www.sherdog.com/events/UFC-Fight-Night-59-McGregor-vs-Siver-41773,UFC Fight Night 59 - McGregor vs. Siver,2015-01-18,"TD Garden, Boston, Massachusetts, United States"
https://www.sherdog.com/events/UFC-182-Jones-vs-Cormier-38841,UFC 182 - Jones vs. Cormier,2015-01-03,"MGM Grand Garden Arena, Las Vegas, Nevada, United States"
https://www.sherdog.com/events/UFC-Fight-Night-58-Machida-vs-Dollaway-40613,UFC Fight Night 58 - Machida vs. Dollaway,2014-12-20,"Jose Correa Arena, Barueri, Sao Paulo, Brazil"
https://www.sherdog.com/events/UFC-on-Fox-13-Dos-Santos-vs-Miocic-38839,UFC on Fox 13 - Dos Santos vs. Miocic,2014-12-13,"US Airways Center, Phoenix, Arizona, United States"
https://www.sherdog.com/events/UFC-The-Ultimate-Fighter-20-Finale-40679,UFC - The Ultimate Fighter 20 Finale,2014-12-12,"Palms Casino Resort, Las Vegas, Nevada, United States"
https://www.sherdog.com/events/UFC-181-Hendricks-vs-Lawler-2-35511,UFC 181 - Hendricks vs. Lawler 2,2014-12-06,"Mandalay Bay Events Center, Las Vegas, Nevada, United States"
https://www.sherdog.com/events/UFC-Fight-Night-57-Edgar-vs-Swanson-39915,UFC Fight Night 57 - Edgar vs. Swanson,2014-11-22,"Frank Erwin Center, Austin, Texas, United States"
https://www.sherdog.com/events/UFC-180-Werdum-vs-Hunt-37549,UFC 180 - Werdum vs. Hunt,2014-11-15,"Mexico City Arena, Mexico City, Federal District, Mexico"
https://www.sherdog.com/events/UFC-Fight-Night-56-Shogun-vs-St-Preux-40223,UFC Fight Night 56 - Shogun vs. St. Preux,2014-11-08,"Tancredo Neves Municipal Gymnasium, Uberlandia, Minas Gerais, Brazil"
https://www.sherdog.com/events/UFC-Fight-Night-55-Rockhold-vs-Bisping-40339,UFC Fight Night 55 - Rockhold vs. Bisping,2014-11-07,"Allphones Arena, Sydney, New South Wales, Australia"
https://www.sherdog.com/events/UFC-179-Aldo-vs-Mendes-2-37749,UFC 179 - Aldo vs. Mendes 2,2014-10-25,"Maracanazinho Gymnasium, Rio de Janeiro, Rio de Janeiro, Brazil"
https://www.sherdog.com/events/UFC-Fight-Night-54-MacDonald-vs-Saffiedine-35509,UFC Fight Night 54 - MacDonald vs. Saffiedine,2014-10-04,"Halifax Metro Centre, Halifax, Nova Scotia, Canada"
https://www.sherdog.com/events/UFC-Fight-Night-53-Nelson-vs-Story-37747,UFC Fight Night 53 - Nelson vs. Story,2014-10-04,"Ericsson Globe Arena, Stockholm, Sweden"
https://www.sherdog.com/events/UFC-178-Johnson-vs-Cariaso-35507,UFC 178 - Johnson vs. Cariaso,2014-09-27,"MGM Grand Garden Arena, Las Vegas, Nevada, United States"
https://www.sherdog.com/events/UFC-Fight-Night-52-Hunt-vs-Nelson-37745,UFC Fight Night 52 - Hunt vs. Nelson,2014-09-20,"Saitama Super Arena, Saitama, Japan"
https://www.sherdog.com/events/UFC-Fight-Night-51-Bigfoot-vs-Arlovski-2-37743,UFC Fight Night 51 - Bigfoot vs. Arlovski 2,2014-09-13,"Nilson Nelson Gymnasium, Brasilia, Federal District, Brazil"
https://www.sherdog.com/events/UFC-Fight-Night-50-Jacare-vs-Mousasi-2-38431,UFC Fight Night 50 - Jacare vs. Mousasi 2,2014-09-05,"Foxwoods Resort Casino, Mashantucket, Connecticut, United States"
https://www.sherdog.com/events/UFC-177-Dillashaw-vs-Soto-38011,UFC 177 - Dillashaw vs. Soto,2014-08-30,"Sleep Train Arena, Sacramento, California, United States"
https://www.sherdog.com/events/UFC-Fight-Night-49-Henderson-vs-dos-Anjos-37361,UFC Fight Night 49 - Henderson vs. dos Anjos,2014-08-23,"BOK Center, Tulsa, Oklahoma, United States"
https://www.sherdog.com/events/UFC-Fight-Night-48-Bisping-vs-Le-37741,UFC Fight Night 48 - Bisping vs. Le,2014-08-23,"Cotai Arena, Macau, China"
https://www.sherdog.com/events/UFC-Fight-Night-47-Bader-vs-St-Preux-37727,UFC Fight Night 47 - Bader vs. St. Preux,2014-08-16,"Cross Insurance Center, Bangor, Maine, United States"
https://www.sherdog.com/events/UFC-176-Aldo-vs-Mendes-2-37609,UFC 176 - Aldo vs. Mendes 2,2014-08-02,"EVENT CANCELED - Staples Center, Los Angeles, California, United States"
https://www.sherdog.com/events/UFC-on-Fox-12-Lawler-vs-Brown-37719,UFC on Fox 12 - Lawler vs. Brown,2014-07-26,"SAP Center, San Jose, California, United States"
https://www.sherdog.com/events/UFC-Fight-Night-46-McGregor-vs-Brandao-36425,UFC Fight Night 46 - McGregor vs. Brandao,2014-07-19,"The O2, Dublin, Leinster, Ireland"
https://www.sherdog.com/events/UFC-Fight-Night-45-Cerrone-vs-Miller-37359,UFC Fight Night 45 - Cerrone vs. Miller,2014-07-16,"Revel Casino Hotel, Atlantic City, New Jersey, United States"
https://www.sherdog.com/events/UFC-The-Ultimate-Fighter-19-Finale-36737,UFC - The Ultimate Fighter 19 Finale,2014-07-06,"Mandalay Bay Events Center, Las Vegas, Nevada, United States"
https://www.sherdog.com/events/UFC-175-Weidman-vs-Machida-36735,UFC 175 - Weidman vs. Machida,2014-07-05,"Mandalay Bay Events Center, Las Vegas, Nevada, United States"
https://www.sherdog.com/events/UFC-Fight-Night-44-Swanson-vs-Stephens-36731,UFC Fight Night 44 - Swanson vs. Stephens,2014-06-28,"AT&T Center, San Antonio, Texas, United States"
https://www.sherdog.com/events/UFC-Fight-Night-43-Te-Huna-vs-Marquardt-37109,UFC Fight Night 43 - Te Huna vs. Marquardt,2014-06-28,"Vector Arena, Auckland, New Zealand"
https://www.sherdog.com/events/UFC-174-Johnson-vs-Bagautinov-35505,UFC 174 - Johnson vs. Bagautinov,2014-06-14,"Rogers Arena, Vancouver, British Columbia, Canada"
https://www.sherdog.com/events/UFC-Fight-Night-42-Henderson-vs-Khabilov-36711,UFC Fight Night 42 - Henderson vs. Khabilov,2014-06-07,"Tingley Coliseum, Albuquerque, New Mexico, United States"
https://www.sherdog.com/events/UFC-Fight-Night-41-Munoz-vs-Mousasi-36427,UFC Fight Night 41 - Munoz vs. Mousasi,2014-05-31,"O2 World, Berlin, Germany"
https://www.sherdog.com/events/UFC-The-Ultimate-Fighter-Brazil-3-Finale-35955,UFC - The Ultimate Fighter Brazil 3 Finale,2014-05-31,"Geraldo Jose de Almeida (Ibirapuera) Gymnasium, Sao Paulo, Sao Paulo, Brazil"
https://www.sherdog.com/events/UFC-173-Barao-vs-Dillashaw-35617,UFC 173 - Barao vs. Dillashaw,2014-05-24,"MGM Grand Garden Arena, Las Vegas, Nevada, United States"
https://www.sherdog.com/events/UFC-Fight-Night-40-Brown-vs-Silva-36085,UFC Fight Night 40 - Brown vs. Silva,2014-05-10,"U.S. Bank Arena, Cincinnati, Ohio, United States"
https://www.sherdog.com/events/UFC-172-Jones-vs-Teixeira-34401,UFC 172 - Jones vs. Teixeira,2014-04-26,"Baltimore Arena, Baltimore, Maryland, United States"
https://www.sherdog.com/events/UFC-on-Fox-11-Werdum-vs-Browne-35107,UFC on Fox 11 - Werdum vs. Browne,2014-04-19,"Amway Center, Orlando, Florida, United States"
https://www.sherdog.com/events/UFC-The-Ultimate-Fighter-Nations-Finale-35503,UFC - The Ultimate Fighter Nations Finale,2014-04-16,"Pepsi Coliseum, Quebec City, Quebec, Canada"
https://www.sherdog.com/events/UFC-Fight-Night-39-Nogueira-vs-Nelson-35669,UFC Fight Night 39 - Nogueira vs. Nelson,2014-04-11,"DU Arena, Abu Dhabi, United Arab Emirates"
https://www.sherdog.com/events/UFC-Fight-Night-38-Shogun-vs-Henderson-2-35299,UFC Fight Night 38 - Shogun vs. Henderson 2,2014-03-23,"Nelio Dias Gymnasium, Natal, Rio Grande do Norte, Brazil"
https://www.sherdog.com/events/UFC-171-Hendricks-vs-Lawler-33949,UFC 171 - Hendricks vs. Lawler,2014-03-15,"American Airlines Arena, Dallas, Texas, United States"
https://www.sherdog.com/events/UFC-Fight-Night-37-Gustafsson-vs-Manuwa-33383,UFC Fight Night 37 - Gustafsson vs. Manuwa,2014-03-08,"O2 Arena, London, Greater London, England"
https://www.sherdog.com/events/UFC-The-Ultimate-Fighter-China-Finale-34819,UFC - The Ultimate Fighter China Finale,2014-03-01,"Cotai Arena, Macau, China"
https://www.sherdog.com/events/UFC-170-Rousey-vs-McMann-33337,UFC 170 - Rousey vs. McMann,2014-02-22,"Mandalay Bay Events Center, Las Vegas, Nevada, United States"
https://www.sherdog.com/events/UFC-Fight-Night-36-Machida-vs-Mousasi-33523,UFC Fight Night 36 - Machida vs. Mousasi,2014-02-15,"Arena Jaragua, Jaragua do Sul, Santa Catarina, Brazil"
https://www.sherdog.com/events/UFC-169-Barao-vs-Faber-2-32773,UFC 169 - Barao vs. Faber 2,2014-02-01,"Prudential Center, Newark, New Jersey, United States"
https://www.sherdog.com/events/UFC-on-Fox-10-Henderson-vs-Thomson-33335,UFC on Fox 10 - Henderson vs. Thomson,2014-01-25,"United Center, Chicago, Illinois, United States"
https://www.sherdog.com/events/UFC-Fight-Night-35-Rockhold-vs-Philippou-33929,UFC Fight Night 35 - Rockhold vs. Philippou,2014-01-15,"The Arena at Gwinnett Center, Duluth, Georgia, United States"
https://www.sherdog.com/events/UFC-Fight-Night-34-Saffiedine-vs-Lim-32999,UFC Fight Night 34 - Saffiedine vs. Lim,2014-01-04,"Marina Bay Sands, Marina Bay, Singapore"
https://www.sherdog.com/events/UFC-168-Weidman-vs-Silva-2-31257,UFC 168 - Weidman vs. Silva 2,2013-12-28,"MGM Grand Garden Arena, Las Vegas, Nevada, United States"
https://www.sherdog.com/events/UFC-on-Fox-9-Johnson-vs-Benavidez-2-26217,UFC on Fox 9 - Johnson vs. Benavidez 2,2013-12-14,"Sleep Train Arena, Sacramento, California, United States"
https://www.sherdog.com/events/UFC-Fight-Night-33-Hunt-vs-Bigfoot-32293,UFC Fight Night 33 - Hunt vs. Bigfoot,2013-12-07,"Brisbane Entertainment Centre, Brisbane, Queensland, Australia"
https://www.sherdog.com/events/UFC-The-Ultimate-Fighter-18-Finale-32325,UFC - The Ultimate Fighter 18 Finale,2013-11-30,"Mandalay Bay Events Center, Las Vegas, Nevada, United States"
https://www.sherdog.com/events/UFC-167-St-Pierre-vs-Hendricks-30815,UFC 167 - St. Pierre vs. Hendricks,2013-11-16,"MGM Grand Garden Arena, Las Vegas, Nevada, United States"
https://www.sherdog.com/events/UFC-Fight-Night-32-Belfort-vs-Henderson-32067,UFC Fight Night 32 - Belfort vs. Henderson,2013-11-09,"Goiania Arena, Goiania, Goias, Brazil"
https://www.sherdog.com/events/UFC-Fight-Night-31-Fight-for-the-Troops-3-32077,UFC Fight Night 31 - Fight for the Troops 3,2013-11-06,"Fort Campbell, Hopkinsville, Kentucky, United States"
https://www.sherdog.com/events/UFC-Fight-Night-30-Machida-vs-Munoz-31371,UFC Fight Night 30 - Machida vs. Munoz,2013-10-26,"Phones 4U Arena, Manchester, Greater Manchester, England"
https://www.sherdog.com/events/UFC-166-Velasquez-vs-Dos-Santos-3-30813,UFC 166 - Velasquez vs. Dos Santos 3,2013-10-19,"Toyota Center, Houston, Texas, United States"
https://www.sherdog.com/events/UFC-Fight-Night-29-Maia-vs-Shields-31869,UFC Fight Night 29 - Maia vs. Shields,2013-10-09,"Jose Correa Gymnasium, Barueri, Sao Paulo, Brazil"
https://www.sherdog.com/events/UFC-165-Jones-vs-Gustafsson-30249,UFC 165 - Jones vs. Gustafsson,2013-09-21,"Air Canada Centre, Toronto, Ontario, Canada"
https://www.sherdog.com/events/UFC-Fight-Night-28-Teixeira-vs-Bader-30213,UFC Fight Night 28 - Teixeira vs. Bader,2013-09-04,"Jornalista Felipe Drumond Stadium, Belo Horizonte, Minas Gerais, Brazil"
https://www.sherdog.com/events/UFC-164-Henderson-vs-Pettis-2-28701,UFC 164 - Henderson vs. Pettis 2,2013-08-31,"BMO Harris Bradley Center, Milwaukee, Wisconsin, United States"
https://www.sherdog.com/events/UFC-Fight-Night-27-Condit-vs-Kampmann-2-30211,UFC Fight Night 27 - Condit vs. Kampmann 2,2013-08-28,"Bankers Life Fieldhouse, Indianapolis, Indiana, United States"
https://www.sherdog.com/events/UFC-Fight-Night-26-Shogun-vs-Sonnen-29795,UFC Fight Night 26 - Shogun vs. Sonnen,2013-08-17,"TD Garden, Boston, Massachusetts, United States"
https://www.sherdog.com/events/UFC-163-Aldo-vs-Korean-Zombie-28015,UFC 163 - Aldo vs. Korean Zombie,2013-08-03,"HSBC Arena, Rio de Janeiro, Brazil"
https://www.sherdog.com/events/UFC-on-Fox-8-Johnson-vs-Moraga-26215,UFC on Fox 8 - Johnson vs. Moraga,2013-07-27,"KeyArena, Seattle, Washington, United States"
https://www.sherdog.com/events/UFC-162-Silva-vs-Weidman-28459,UFC 162 - Silva vs. Weidman,2013-07-06,"MGM Grand Garden Arena, Las Vegas, Nevada, United States"
https://www.sherdog.com/events/UFC-161-Evans-vs-Henderson-28457,UFC 161 - Evans vs. Henderson,2013-06-15,"MTS Centre, Winnipeg, Manitoba, Canada"
https://www.sherdog.com/events/UFC-on-Fuel-TV-10-Nogueira-vs-Werdum-26101,UFC on Fuel TV 10 - Nogueira vs. Werdum,2013-06-08,"Paulo Sarasate Gymnasium, Fortaleza, Ceara, Brazil"
https://www.sherdog.com/events/UFC-160-Velasquez-vs-Bigfoot-2-28051,UFC 160 - Velasquez vs. Bigfoot 2,2013-05-25,"MGM Grand Garden Arena, Las Vegas, Nevada, United States"
https://www.sherdog.com/events/UFC-on-FX-8-Belfort-vs-Rockhold-28215,UFC on FX 8 - Belfort vs. Rockhold,2013-05-18,"Arena Jaragua, Jaragua do Sul, Santa Catarina, Brazil"
https://www.sherdog.com/events/UFC-159-Jones-vs-Sonnen-25825,UFC 159 - Jones vs. Sonnen,2013-04-27,"Prudential Center, Newark, New Jersey, United States"
https://www.sherdog.com/events/UFC-on-Fox-7-Henderson-vs-Melendez-26213,UFC on Fox 7 - Henderson vs. Melendez,2013-04-20,"HP Pavilion, San Jose, California, United States"
https://www.sherdog.com/events/UFC-The-Ultimate-Fighter-17-Finale-28023,UFC - The Ultimate Fighter 17 Finale,2013-04-13,"Mandalay Bay Events Center, Las Vegas, Nevada, United States"
https://www.sherdog.com/events/UFC-on-Fuel-TV-9-Mousasi-vs-Latifi-27589,UFC on Fuel TV 9 - Mousasi vs. Latifi,2013-04-06,"Ericsson Globe Arena, Stockholm, Sweden"
https://www.sherdog.com/events/UFC-158-St-Pierre-vs-Diaz-27073,UFC 158 - St. Pierre vs. Diaz,2013-03-16,"Bell Centre, Montreal, Quebec, Canada"
https://www.sherdog.com/events/UFC-on-Fuel-TV-8-Silva-vs-Stann-26333,UFC on Fuel TV 8 - Silva vs. Stann,2013-03-03,"Saitama Super Arena, Saitama, Japan"
https://www.sherdog.com/events/UFC-157-Rousey-vs-Carmouche-26381,UFC 157 - Rousey vs. Carmouche,2013-02-23,"Honda Center, Anaheim, California, United States"
https://www.sherdog.com/events/UFC-on-Fuel-TV-7-Barao-vs-McDonald-26459,UFC on Fuel TV 7 - Barao vs. McDonald,2013-02-16,"Wembley Arena, London, England"
https://www.sherdog.com/events/UFC-156-Aldo-vs-Edgar-26099,UFC 156 - Aldo vs. Edgar,2013-02-02,"Mandalay Bay Events Center, Las Vegas, Nevada, United States"
https://www.sherdog.com/events/UFC-on-Fox-6-Johnson-vs-Dodson-26199,UFC on Fox 6 - Johnson vs. Dodson,2013-01-26,"United Center, Chicago, Illinois, United States"
https://www.sherdog.com/events/UFC-on-FX-7-Belfort-vs-Bisping-26135,UFC on FX 7 - Belfort vs. Bisping,2013-01-19,"Geraldo Jose de Almeida State Gymnasium, Sao Paulo, Brazil"
https://www.sherdog.com/events/UFC-155-Dos-Santos-vs-Velasquez-2-24185,UFC 155 - Dos Santos vs. Velasquez 2,2012-12-29,"MGM Grand Garden Arena, Las Vegas, Nevada, United States"
https://www.sherdog.com/events/UFC-The-Ultimate-Fighter-16-Finale-24719,UFC - The Ultimate Fighter 16 Finale,2012-12-15,"The Joint at the Hard Rock Hotel & Casino, Las Vegas, Nevada, United States"
https://www.sherdog.com/events/UFC-on-FX-6-Sotiropoulos-vs-Pearson-24707,UFC on FX 6 - Sotiropoulos vs. Pearson,2012-12-15,"Gold Coast Convention Centre, Gold Coast, Queensland, Australia"
https://www.sherdog.com/events/UFC-on-Fox-5-Henderson-vs-Diaz-23169,UFC on Fox 5 - Henderson vs. Diaz,2012-12-08,"Key Arena, Seattle, Washington, United States"
https://www.sherdog.com/events/UFC-154-St-Pierre-vs-Condit-21047,UFC 154 - St. Pierre vs. Condit,2012-11-17,"Bell Centre, Montreal, Quebec, Canada"
https://www.sherdog.com/events/UFC-on-Fuel-TV-6-Franklin-vs-Le-23437,UFC on Fuel TV 6 - Franklin vs. Le,2012-11-10,"Cotai Arena, Cotai, Macau, China"
https://www.sherdog.com/events/UFC-153-Silva-vs-Bonnar-23527,UFC 153 - Silva vs. Bonnar,2012-10-13,"HSBC Arena, Rio de Janeiro, Brazil"
https://www.sherdog.com/events/UFC-on-FX-5-Browne-vs-Bigfoot-22541,UFC on FX 5 - Browne vs. Bigfoot,2012-10-05,"Target Center, Minneapolis, Minnesota, United States"
https://www.sherdog.com/events/UFC-on-Fuel-TV-5-Struve-vs-Miocic-22725,UFC on Fuel TV 5 - Struve vs. Miocic,2012-09-29,"Capital FM Arena, Nottingham, England"
https://www.sherdog.com/events/UFC-152-Jones-vs-Belfort-21045,UFC 152 - Jones vs. Belfort,2012-09-22,"Air Canada Centre, Toronto, Ontario, Canada"
https://www.sherdog.com/events/UFC-151-Jones-vs-Henderson-25809,UFC 151 - Jones vs. Henderson,2012-09-01,"EVENT CANCELED - 
Mandalay Bay Events Center, Las Vegas, Nevada, United States"
https://www.sherdog.com/events/UFC-150-Henderson-vs-Edgar-2-22013,UFC 150 - Henderson vs. Edgar 2,2012-08-11,"Pepsi Center, Denver, Colorado, United States"
https://www.sherdog.com/events/UFC-on-Fox-4-Shogun-vs-Vera-20081,UFC on Fox 4 - Shogun vs. Vera,2012-08-04,"Staples Center, Los Angeles, California, United States"
https://www.sherdog.com/events/UFC-149-Faber-vs-Barao-20821,UFC 149 - Faber vs. Barao,2012-07-21,"Scotiabank Saddledome, Calgary, Alberta, Canada"
https://www.sherdog.com/events/UFC-on-Fuel-TV-4-Munoz-vs-Weidman-21725,UFC on Fuel TV 4 - Munoz vs. Weidman,2012-07-11,"HP Pavillion, San Jose, California, United States"
https://www.sherdog.com/events/UFC-148-Silva-vs-Sonnen-2-20355,UFC 148 - Silva vs. Sonnen 2,2012-07-07,"MGM Grand Garden Arena, Las Vegas, Nevada, United States"
https://www.sherdog.com/events/UFC-147-Silva-vs-Franklin-2-19449,UFC 147 - Silva vs. Franklin 2,2012-06-23,"Jornalista Felipe Drumond Stadium, Belo Horizonte, Minas Gerais, Brazil"
https://www.sherdog.com/events/UFC-on-FX-4-Maynard-vs-Guida-20385,UFC on FX 4 - Maynard vs. Guida,2012-06-22,"Revel Atlantic City, Atlantic City, New Jersey, United States"
https://www.sherdog.com/events/UFC-on-FX-3-Johnson-vs-McCall-21037,UFC on FX 3 - Johnson vs. McCall,2012-06-08,"BankAtlantic Center, Fort Lauderdale, Florida, United States"
https://www.sherdog.com/events/UFC-The-Ultimate-Fighter-15-Finale-19325,UFC - The Ultimate Fighter 15 Finale,2012-06-01,"Palms Casino Resort, Las Vegas, Nevada, United States"
https://www.sherdog.com/events/UFC-146-Dos-Santos-vs-Mir-20353,UFC 146 - Dos Santos vs. Mir,2012-05-26,"MGM Grand Garden Arena, Las Vegas, Nevada, United States"
https://www.sherdog.com/events/UFC-on-Fuel-TV-3-Korean-Zombie-vs-Poirier-20203,UFC on Fuel TV 3 - Korean Zombie vs. Poirier,2012-05-15,"Patriot Center, Fairfax, Virginia, United States"
https://www.sherdog.com/events/UFC-on-Fox-3-Diaz-vs-Miller-20039,UFC on Fox 3 - Diaz vs. Miller,2012-05-05,"Izod Center, East Rutherford, New Jersey, United States"
https://www.sherdog.com/events/UFC-145-Jones-vs-Evans-20031,UFC 145 - Jones vs. Evans,2012-04-21,"Phillips Arena, Atlanta, Georgia, United States"
https://www.sherdog.com/events/UFC-on-Fuel-TV-2-Gustafsson-vs-Silva-19857,UFC on Fuel TV 2 - Gustafsson vs. Silva,2012-04-14,"Ericsson Globe Arena, Stockholm, Sweden"
https://www.sherdog.com/events/UFC-on-FX-2-Alves-vs-Kampmann-19379,UFC on FX 2 - Alves vs. Kampmann,2012-03-03,"Allphones Arena, Sydney, New South Wales, Australia"
https://www.sherdog.com/events/UFC-144-Edgar-vs-Henderson-18347,UFC 144 - Edgar vs. Henderson,2012-02-26,"Saitama Super Arena, Saitama, Japan"
https://www.sherdog.com/events/UFC-on-Fuel-TV-1-Sanchez-vs-Ellenberger-19187,UFC on Fuel TV 1 - Sanchez vs. Ellenberger,2012-02-15,"Omaha Civic Auditorium, Omaha, Nebraska, United States"
https://www.sherdog.com/events/UFC-143-Diaz-vs-Condit-18945,UFC 143 - Diaz vs. Condit,2012-02-04,"Mandalay Bay Events Center, Las Vegas, Nevada, United States"
https://www.sherdog.com/events/UFC-on-Fox-2-Evans-vs-Davis-19039,UFC on Fox 2 - Evans vs. Davis,2012-01-28,"United Center, Chicago, Illinois, United States"
https://www.sherdog.com/events/UFC-on-FX-1-Guillard-vs-Miller-19068,UFC on FX 1 - Guillard vs. Miller,2012-01-20,"Bridgestone Arena, Nashville, Tennessee, United States"
https://www.sherdog.com/events/UFC-142-Aldo-vs-Mendes-18901,UFC 142 - Aldo vs. Mendes,2012-01-14,"HSBC Arena, Rio de Janeiro, Brazil"
https://www.sherdog.com/events/UFC-141-Lesnar-vs-Overeem-18346,UFC 141 - Lesnar vs. Overeem,2011-12-30,"MGM Grand Garden Arena, Las Vegas, Nevada, United States"
https://www.sherdog.com/events/UFC-140-Jones-vs-Machida-17274,UFC 140 - Jones vs. Machida,2011-12-10,"Air Canada Centre, Toronto, Ontario, Canada"
https://www.sherdog.com/events/UFC-The-Ultimate-Fighter-14-Finale-17424,UFC - The Ultimate Fighter 14 Finale,2011-12-03,"The Pearl at the Palms, Las Vegas, Nevada, United States"
https://www.sherdog.com/events/UFC-139-Shogun-vs-Henderson-17551,UFC 139 - Shogun vs. Henderson,2011-11-19,"HP Pavillion, San Jose, California, United States"
https://www.sherdog.com/events/UFC-on-Fox-1-Velasquez-vs-Dos-Santos-18201,UFC on Fox 1 - Velasquez vs. Dos Santos,2011-11-12,"Honda Center, Anaheim, California, United States"
https://www.sherdog.com/events/UFC-138-Leben-vs-Munoz-17824,UFC 138 - Leben vs. Munoz,2011-11-05,"LG Arena, Birmingham, West Midlands, England"
https://www.sherdog.com/events/UFC-137-Penn-vs-Diaz-17377,UFC 137 - Penn vs. Diaz,2011-10-29,"Mandalay Bay Events Center, Las Vegas, Nevada, United States"
https://www.sherdog.com/events/UFC-136-Edgar-vs-Maynard-3-17391,UFC 136 - Edgar vs. Maynard 3,2011-10-08,"Toyota Center, Houston, Texas, United States"
https://www.sherdog.com/events/UFC-Live-6-Cruz-vs-Johnson-17789,UFC Live 6 - Cruz vs. Johnson,2011-10-01,"Verizon Center, Washington, D.C., United States"
https://www.sherdog.com/events/UFC-135-Jones-vs-Rampage-17043,UFC 135 - Jones vs. Rampage,2011-09-24,"Pepsi Center, Denver, Colorado, United States"
https://www.sherdog.com/events/UFC-Fight-Night-25-Shields-vs-Ellenberger-16712,UFC Fight Night 25 - Shields vs. Ellenberger,2011-09-17,"Ernest N. Morial Convention Center, New Orleans, Louisiana, United States"
https://www.sherdog.com/events/UFC-134-Silva-vs-Okami-15454,UFC 134 - Silva vs. Okami,2011-08-27,"HSBC Arena, Rio de Janeiro, Brazil"
https://www.sherdog.com/events/UFC-Live-5-Hardy-vs-Lytle-16967,UFC Live 5 - Hardy vs. Lytle,2011-08-14,"Bradley Center, Milwaukee, Wisconsin, United States"
https://www.sherdog.com/events/UFC-133-Evans-vs-Ortiz-2-16787,UFC 133 - Evans vs. Ortiz 2,2011-08-06,"Wells Fargo Center, Philadelphia, Pennsylvania, United States"
https://www.sherdog.com/events/UFC-132-Cruz-vs-Faber-2-16495,UFC 132 - Cruz vs. Faber 2,2011-07-02,"MGM Grand Garden Arena, Las Vegas, Nevada, United States"
https://www.sherdog.com/events/UFC-Live-4-Kongo-vs-Barry-16309,UFC Live 4 - Kongo vs. Barry,2011-06-26,"Consol Energy Center, Pittsburgh, Pennsylvania, United States"
https://www.sherdog.com/events/UFC-131-Dos-Santos-vs-Carwin-15720,UFC 131 - Dos Santos vs. Carwin,2011-06-11,"Rogers Arena, Vancouver, British Columbia, Canada"
https://www.sherdog.com/events/UFC-The-Ultimate-Fighter-13-Finale-15811,UFC - The Ultimate Fighter 13 Finale,2011-06-04,"Palms Casino Resort, Las Vegas, Nevada, United States"
https://www.sherdog.com/events/UFC-130-Rampage-vs-Hamill-15685,UFC 130 - Rampage vs. Hamill,2011-05-28,"MGM Grand Garden Arena, Las Vegas, Nevada, United States"
https://www.sherdog.com/events/UFC-129-St-Pierre-vs-Shields-15427,UFC 129 - St. Pierre vs. Shields,2011-04-30,"Rogers Centre, Toronto, Ontario, Canada"
https://www.sherdog.com/events/UFC-Fight-Night-24-Nogueira-vs-Davis-15559,UFC Fight Night 24 - Nogueira vs. Davis,2011-03-26,"Key Arena, Seattle, Washington, United States"
https://www.sherdog.com/events/UFC-128-Shogun-vs-Jones-15483,UFC 128 - Shogun vs. Jones,2011-03-19,"Prudential Center, Newark, New Jersey, United States"
https://www.sherdog.com/events/UFC-Live-3-Sanchez-vs-Kampmann-15438,UFC Live 3 - Sanchez vs. Kampmann,2011-03-03,"KFC Yum! Center, Louisville, Kentucky, United States"
https://www.sherdog.com/events/UFC-127-Penn-vs-Fitch-15202,UFC 127 - Penn vs. Fitch,2011-02-27,"Acer Arena, Sydney, New South Wales, Australia"
https://www.sherdog.com/events/UFC-126-Silva-vs-Belfort-15104,UFC 126 - Silva vs. Belfort,2011-02-05,"Mandalay Bay Events Center, Las Vegas, Nevada, United States"
https://www.sherdog.com/events/UFC-Fight-Night-23-Fight-for-the-Troops-2-15120,UFC Fight Night 23 - Fight for the Troops 2,2011-01-22,"Fort Hood, Killeen, Texas, United States"
https://www.sherdog.com/events/UFC-125-Resolution-14530,UFC 125 - Resolution,2011-01-01,"MGM Grand Garden Arena, Las Vegas, Nevada, United States"
https://www.sherdog.com/events/UFC-124-St-Pierre-vs-Koscheck-2-14504,UFC 124 - St. Pierre vs. Koscheck 2,2010-12-11,"Bell Centre, Montreal, Quebec, Canada"
https://www.sherdog.com/events/UFC-The-Ultimate-Fighter-12-Finale-14462,UFC - The Ultimate Fighter 12 Finale,2010-12-04,"Palms Casino Resort, Las Vegas, Nevada, United States"
https://www.sherdog.com/events/UFC-123-Rampage-vs-Machida-14529,UFC 123 - Rampage vs. Machida,2010-11-20,"The Palace of Auburn Hills, Auburn Hills, Michigan, United States"
https://www.sherdog.com/events/UFC-122-Marquardt-vs-Okami-14430,UFC 122 - Marquardt vs. Okami,2010-11-13,"Konig Pilsener Arena, Oberhausen, Germany"
https://www.sherdog.com/events/UFC-121-Lesnar-vs-Velasquez-14039,UFC 121 - Lesnar vs. Velasquez,2010-10-23,"Honda Center, Anaheim, California, United States"
https://www.sherdog.com/events/UFC-120-Bisping-vs-Akiyama-14025,UFC 120 - Bisping vs. Akiyama,2010-10-16,"O2 Arena, London, England"
https://www.sherdog.com/events/UFC-119-Mir-vs-Cro-Cop-13732,UFC 119 - Mir vs. Cro Cop,2010-09-25,"Conseco Fieldhouse, Indianapolis, Indiana, United States"
https://www.sherdog.com/events/UFC-Fight-Night-22-Marquardt-vs-Palhares-14024,UFC Fight Night 22 - Marquardt vs. Palhares,2010-09-15,"Frank Erwin Center, Austin, Texas, United States"
https://www.sherdog.com/events/UFC-118-Edgar-vs-Penn-2-13380,UFC 118 - Edgar vs. Penn 2,2010-08-28,"TD Garden, Boston, Massachusetts, United States"
https://www.sherdog.com/events/UFC-117-Silva-vs-Sonnen-13310,UFC 117 - Silva vs. Sonnen,2010-08-07,"Oracle Arena, Oakland, California, United States"
https://www.sherdog.com/events/UFC-Live-2-Jones-vs-Matyushenko-13294,UFC Live 2 - Jones vs. Matyushenko,2010-08-01,"San Diego Sports Arena, San Diego, California, United States"
https://www.sherdog.com/events/UFC-116-Lesnar-vs-Carwin-12765,UFC 116 - Lesnar vs. Carwin,2010-07-03,"MGM Grand Garden Arena, Las Vegas, Nevada, United States"
https://www.sherdog.com/events/UFC-The-Ultimate-Fighter-11-Finale-12897,UFC - The Ultimate Fighter 11 Finale,2010-06-19,"Palms Casino Resort, Las Vegas, Nevada, United States"
https://www.sherdog.com/events/UFC-115-Liddell-vs-Franklin-12447,UFC 115 - Liddell vs. Franklin,2010-06-12,"GM Place, Vancouver, British Columbia, Canada"
https://www.sherdog.com/events/UFC-114-Rampage-vs-Evans-12446,UFC 114 - Rampage vs. Evans,2010-05-29,"MGM Grand Garden Arena, Las Vegas, Nevada, United States"
https://www.sherdog.com/events/UFC-113-Machida-vs-Shogun-2-12390,UFC 113 - Machida vs. Shogun 2,2010-05-08,"Bell Centre, Montreal, Quebec, Canada"
https://www.sherdog.com/events/UFC-112-Invincible-12184,UFC 112 - Invincible,2010-04-10,"Ferrari World Concert Arena, Abu Dhabi, United Arab Emirates"
https://www.sherdog.com/events/UFC-Fight-Night-21-Florian-vs-Gomi-12474,UFC Fight Night 21 - Florian vs. Gomi,2010-03-31,"Bojangles Coliseum, Charlotte, North Carolina, United States"
https://www.sherdog.com/events/UFC-111-St-Pierre-vs-Hardy-12131,UFC 111 - St. Pierre vs. Hardy,2010-03-27,"Prudential Center, Newark, New Jersey, United States"
https://www.sherdog.com/events/UFC-Live-1-Vera-vs-Jones-12389,UFC Live 1 - Vera vs. Jones,2010-03-21,"1stBank Center, Broomfield, Colorado, United States"
https://www.sherdog.com/events/UFC-110-Nogueira-vs-Velasquez-11792,UFC 110 - Nogueira vs. Velasquez,2010-02-20,"Acer Arena, Sydney, New South Wales, Australia"
https://www.sherdog.com/events/UFC-109-Relentless-11741,UFC 109 - Relentless,2010-02-06,"Mandalay Bay Events Center, Las Vegas, Nevada, United States"
https://www.sherdog.com/events/UFC-Fight-Night-20-Maynard-vs-Diaz-11617,UFC Fight Night 20 - Maynard vs. Diaz,2010-01-11,"Patriot Center, Fairfax, Virginia, United States"
https://www.sherdog.com/events/UFC-108-Evans-vs-Silva-11471,UFC 108 - Evans vs. Silva,2010-01-02,"MGM Grand Garden Arena, Las Vegas, Nevada, United States"
https://www.sherdog.com/events/UFC-107-Penn-vs-Sanchez-11118,UFC 107 - Penn vs. Sanchez,2009-12-12,"FedEx Forum, Memphis, Tennessee, United States"
https://www.sherdog.com/events/UFC-The-Ultimate-Fighter-10-Finale-11054,UFC - The Ultimate Fighter 10 Finale,2009-12-05,"Palms Casino Resort, Las Vegas, Nevada, United States"
https://www.sherdog.com/events/UFC-106-Ortiz-vs-Griffin-2-11053,UFC 106 - Ortiz vs. Griffin 2,2009-11-21,"Mandalay Bay Events Center, Las Vegas, Nevada, United States"
https://www.sherdog.com/events/UFC-105-Couture-vs-Vera-11052,UFC 105 - Couture vs. Vera,2009-11-14,"Manchester Evening News Arena, Manchester, Lancashire, England"
https://www.sherdog.com/events/UFC-104-Machida-vs-Shogun-10333,UFC 104 - Machida vs. Shogun,2009-10-24,"Staples Center, Los Angeles, California, United States"
https://www.sherdog.com/events/UFC-103-Franklin-vs-Belfort-10444,UFC 103 - Franklin vs. Belfort,2009-09-19,"American Airlines Center, Dallas, Texas, United States"
https://www.sherdog.com/events/UFC-Fight-Night-19-Diaz-vs-Guillard-10443,UFC Fight Night 19 - Diaz vs. Guillard,2009-09-16,"Cox Convention Center, Oklahoma City, Oklahoma, United States"
https://www.sherdog.com/events/UFC-102-Couture-vs-Nogueira-10147,UFC 102 - Couture vs. Nogueira,2009-08-29,"Rose Garden Arena, Portland, Oregon, United States"
https://www.sherdog.com/events/UFC-101-Declaration-9925,UFC 101 - Declaration,2009-08-08,"Wachovia Center, Philadelphia, Pennsylvania, United States"
https://www.sherdog.com/events/UFC-100-Lesnar-vs-Mir-2-9568,UFC 100 - Lesnar vs. Mir 2,2009-07-11,"Mandalay Bay Events Center, Las Vegas, Nevada, United States"
https://www.sherdog.com/events/UFC-The-Ultimate-Fighter-9-Finale-9751,UFC - The Ultimate Fighter 9 Finale,2009-06-20,"Palms Casino Resort, Las Vegas, Nevada, United States"
https://www.sherdog.com/events/UFC-99-The-Comeback-9297,UFC 99 - The Comeback,2009-06-13,"Lanxess Arena, Cologne, Germany"
https://www.sherdog.com/events/UFC-98-Evans-vs-Machida-9529,UFC 98 - Evans vs. Machida,2009-05-23,"MGM Grand Garden Arena, Las Vegas, Nevada, United States"
https://www.sherdog.com/events/UFC-97-Redemption-9432,UFC 97 - Redemption,2009-04-18,"Bell Centre, Montreal, Quebec, Canada"
https://www.sherdog.com/events/UFC-Fight-Night-18-Condit-vs-Kampmann-9448,UFC Fight Night 18 - Condit vs. Kampmann,2009-04-01,"Sommet Center, Nashville, Tennessee, United States"
https://www.sherdog.com/events/UFC-96-Jackson-vs-Jardine-9427,UFC 96 - Jackson vs. Jardine,2009-03-07,"Nationwide Arena, Columbus, Ohio, United States"
https://www.sherdog.com/events/UFC-95-Sanchez-vs-Stevenson-9250,UFC 95 - Sanchez vs. Stevenson,2009-02-21,"O2 Arena, London, England"
https://www.sherdog.com/events/UFC-Fight-Night-17-Lauzon-vs-Stephens-9307,UFC Fight Night 17 - Lauzon vs. Stephens,2009-02-07,"USF Sun Dome, Tampa, Florida, United States"
https://www.sherdog.com/events/UFC-94-St-Pierre-vs-Penn-2-8465,UFC 94 - St. Pierre vs. Penn 2,2009-01-31,"MGM Grand Garden Arena, Las Vegas, Nevada, United States"
https://www.sherdog.com/events/UFC-93-Franklin-vs-Henderson-8864,UFC 93 - Franklin vs. Henderson,2009-01-17,"O2 Arena, Dublin, Ireland"
https://www.sherdog.com/events/UFC-92-The-Ultimate-2008-8732,UFC 92 - The Ultimate 2008,2008-12-27,"MGM Grand Garden Arena, Las Vegas, Nevada, United States"
https://www.sherdog.com/events/UFC-The-Ultimate-Fighter-8-Finale-8765,UFC - The Ultimate Fighter 8 Finale,2008-12-13,"Palms Casino Resort, Las Vegas, Nevada, United States"
https://www.sherdog.com/events/UFC-Fight-Night-16-Fight-for-the-Troops-1-8724,UFC Fight Night 16 - Fight for the Troops 1,2008-12-10,"Crown Coliseum, Fayetteville, North Carolina, United States"
https://www.sherdog.com/events/UFC-91-Couture-vs-Lesnar-8406,UFC 91 - Couture vs. Lesnar,2008-11-15,"MGM Grand Garden Arena, Las Vegas, Nevada, United States"
https://www.sherdog.com/events/UFC-90-Silva-vs-Cote-8188,UFC 90 - Silva vs. Cote,2008-10-25,"Allstate Arena, Rosemont, Illinois, United States"
https://www.sherdog.com/events/UFC-89-Bisping-vs-Leben-8070,UFC 89 - Bisping vs. Leben,2008-10-18,"National Indoor Arena, Birmingham, West Midlands, England"
https://www.sherdog.com/events/UFC-Fight-Night-15-Diaz-vs-Neer-7916,UFC Fight Night 15 - Diaz vs. Neer,2008-09-17,"Omaha Civic Auditorium, Omaha, Nebraska, United States"
https://www.sherdog.com/events/UFC-88-Breakthrough-7837,UFC 88 - Breakthrough,2008-09-06,"Philips Arena, Atlanta, Georgia, United States"
https://www.sherdog.com/events/UFC-87-Seek-and-Destroy-6779,UFC 87 - Seek and Destroy,2008-08-09,"Target Center, Minneapolis, Minnesota, United States"
https://www.sherdog.com/events/UFC-Fight-Night-14-Silva-vs-Irvin-7835,UFC Fight Night 14 - Silva vs. Irvin,2008-07-19,"Palms Casino Resort, Las Vegas, Nevada, United States"
https://www.sherdog.com/events/UFC-86-Jackson-vs-Griffin-7021,UFC 86 - Jackson vs. Griffin,2008-07-05,"Mandalay Bay Events Center, Las Vegas, Nevada, United States"
https://www.sherdog.com/events/UFC-The-Ultimate-Fighter-7-Finale-6954,UFC - The Ultimate Fighter 7 Finale,2008-06-21,"Palms Casino Resort, Las Vegas, Nevada, United States"
https://www.sherdog.com/events/UFC-85-Bedlam-6778,UFC 85 - Bedlam,2008-06-07,"O2 Arena, London, England"
https://www.sherdog.com/events/UFC-84-Ill-Will-6394,UFC 84 - Ill Will,2008-05-24,"MGM Grand Garden Arena, Las Vegas, Nevada, United States"
https://www.sherdog.com/events/UFC-83-Serra-vs-St-Pierre-2-6339,UFC 83 - Serra vs. St. Pierre 2,2008-04-19,"Bell Centre, Montreal, Quebec, Canada"
https://www.sherdog.com/events/UFC-Fight-Night-13-Florian-vs-Lauzon-6552,UFC Fight Night 13 - Florian vs. Lauzon,2008-04-02,"Broomfield Event Center, Broomfield, Colorado, United States"
https://www.sherdog.com/events/UFC-82-Pride-of-a-Champion-6039,UFC 82 - Pride of a Champion,2008-03-01,"Nationwide Arena, Columbus, Ohio, United States"
https://www.sherdog.com/events/UFC-81-Breaking-Point-6038,UFC 81 - Breaking Point,2008-02-02,"MGM Grand Garden Arena, Las Vegas, Nevada, United States"
https://www.sherdog.com/events/UFC-Fight-Night-12-Swick-vs-Burkman-6179,UFC Fight Night 12 - Swick vs. Burkman,2008-01-23,"Palms Casino Resort, Las Vegas, Nevada, United States"
https://www.sherdog.com/events/UFC-80-Rapid-Fire-5982,UFC 80 - Rapid Fire,2008-01-19,"Metro Radio Arena, Newcastle upon Tyne, Tyne and Wear, England"
https://www.sherdog.com/events/UFC-79-Nemesis-5458,UFC 79 - Nemesis,2007-12-29,"Mandalay Bay Events Center, Las Vegas, Nevada, United States"
https://www.sherdog.com/events/UFC-The-Ultimate-Fighter-6-Finale-5459,UFC - The Ultimate Fighter 6 Finale,2007-12-08,"Palms Casino Resort, Las Vegas, Nevada, United States"
https://www.sherdog.com/events/UFC-78-Validation-5708,UFC 78 - Validation,2007-11-17,"Prudential Center, Newark, New Jersey, United States"
https://www.sherdog.com/events/UFC-77-Hostile-Territory-5482,UFC 77 - Hostile Territory,2007-10-20,"U.S. Bank Arena, Cincinnati, Ohio, United States"
https://www.sherdog.com/events/UFC-76-Knockout-5417,UFC 76 - Knockout,2007-09-22,"Honda Center, Anaheim, California, United States"
https://www.sherdog.com/events/UFC-Fight-Night-11-Thomas-vs-Florian-5454,UFC Fight Night 11 - Thomas vs. Florian,2007-09-19,"Palms Casino Resort, Las Vegas, Nevada, United States"
https://www.sherdog.com/events/UFC-75-Champion-vs-Champion-5298,UFC 75 - Champion vs. Champion,2007-09-08,"O2 Arena, London, England"
https://www.sherdog.com/events/UFC-74-Respect-5297,UFC 74 - Respect,2007-08-25,"Mandalay Bay Events Center, Las Vegas, Nevada, United States"
https://www.sherdog.com/events/UFC-73-Stacked-5158,UFC 73 - Stacked,2007-07-07,"ARCO Arena, Sacramento, California, United States"
https://www.sherdog.com/events/UFC-The-Ultimate-Fighter-5-Finale-4681,UFC - The Ultimate Fighter 5 Finale,2007-06-23,"Palms Casino Resort, Las Vegas, Nevada, United States"
https://www.sherdog.com/events/UFC-72-Victory-5084,UFC 72 - Victory,2007-06-16,"The Odyssey, Belfast, Northern Ireland"
https://www.sherdog.com/events/UFC-Fight-Night-10-Stout-vs-Fisher-2-5227,UFC Fight Night 10 - Stout vs. Fisher 2,2007-06-12,"Seminole Hard Rock Hotel and Casino, Hollywood, Florida, United States"
https://www.sherdog.com/events/UFC-71-Liddell-vs-Jackson-4993,UFC 71 - Liddell vs. Jackson,2007-05-26,"MGM Grand Garden Arena, Las Vegas, Nevada, United States"
https://www.sherdog.com/events/UFC-70-Nations-Collide-4862,UFC 70 - Nations Collide,2007-04-21,"Manchester Evening News Arena, Manchester, Lancashire, England"
https://www.sherdog.com/events/UFC-69-Shootout-4663,UFC 69 - Shootout,2007-04-07,"Toyota Center, Houston, Texas, United States"
https://www.sherdog.com/events/UFC-Fight-Night-9-Stevenson-vs-Guillard-4682,UFC Fight Night 9 - Stevenson vs. Guillard,2007-04-05,"Palms Casino Resort, Las Vegas, Nevada, United States"
https://www.sherdog.com/events/UFC-68-Uprising-4662,UFC 68 - Uprising,2007-03-03,"Nationwide Arena, Columbus, Ohio, United States"
https://www.sherdog.com/events/UFC-67-All-or-Nothing-4311,UFC 67 - All or Nothing,2007-02-03,"Mandalay Bay Events Center, Las Vegas, Nevada, United States"
https://www.sherdog.com/events/UFC-Fight-Night-8-Evans-vs-Salmon-4664,UFC Fight Night 8 - Evans vs. Salmon,2007-01-25,"Seminole Hard Rock Hotel and Casino, Hollywood, Florida, United States"
https://www.sherdog.com/events/UFC-66-Liddell-vs-Ortiz-2-4312,UFC 66 - Liddell vs. Ortiz 2,2006-12-30,"MGM Grand Garden Arena, Las Vegas, Nevada, United States"
https://www.sherdog.com/events/UFC-Fight-Night-7-Sanchez-vs-Riggs-4626,UFC Fight Night 7 - Sanchez vs. Riggs,2006-12-13,"Marine Corps Air Station Miramar, San Diego, California, United States"
https://www.sherdog.com/events/UFC-65-Bad-Intentions-4313,UFC 65 - Bad Intentions,2006-11-18,"ARCO Arena, Sacramento, California, United States"
https://www.sherdog.com/events/UFC-The-Ultimate-Fighter-4-Finale-4314,UFC - The Ultimate Fighter 4 Finale,2006-11-11,"Hard Rock Hotel and Casino, Las Vegas, Nevada, United States"
https://www.sherdog.com/events/UFC-64-Unstoppable-4181,UFC 64 - Unstoppable,2006-10-14,"Mandalay Bay Events Center, Las Vegas, Nevada, United States"
https://www.sherdog.com/events/UFC-Fight-Night-65-Ortiz-vs-Shamrock-3-4112,UFC Fight Night 6.5 - Ortiz vs. Shamrock 3,2006-10-10,"Seminole Hard Rock Hotel and Casino, Hollywood, Florida, United States"
https://www.sherdog.com/events/UFC-63-Hughes-vs-Penn-2-4094,UFC 63 - Hughes vs. Penn 2,2006-09-23,"Honda Center, Anaheim, California, United States"
https://www.sherdog.com/events/UFC-62-Liddell-vs-Sobral-4027,UFC 62 - Liddell vs. Sobral,2006-08-26,"Mandalay Bay Events Center, Las Vegas, Nevada, United States"
https://www.sherdog.com/events/UFC-Fight-Night-6-Sanchez-vs-Parisyan-4026,UFC Fight Night 6 - Sanchez vs. Parisyan,2006-08-17,"Red Rock Casino Resort and Spa, Las Vegas, Nevada, United States"
https://www.sherdog.com/events/UFC-61-Bitter-Rivals-3910,UFC 61 - Bitter Rivals,2006-07-08,"Mandalay Bay Events Center, Las Vegas, Nevada, United States"
https://www.sherdog.com/events/UFC-Fight-Night-5-Leben-vs-Silva-3815,UFC Fight Night 5 - Leben vs. Silva,2006-06-28,"Hard Rock Hotel and Casino, Las Vegas, Nevada, United States"
https://www.sherdog.com/events/UFC-The-Ultimate-Fighter-3-Finale-3952,UFC - The Ultimate Fighter 3 Finale,2006-06-24,"Hard Rock Hotel and Casino, Las Vegas, Nevada, United States"
https://www.sherdog.com/events/UFC-60-Hughes-vs-Gracie-3666,UFC 60 - Hughes vs. Gracie,2006-05-27,"Staples Center, Los Angeles, California, United States"
https://www.sherdog.com/events/UFC-59-Reality-Check-3577,UFC 59 - Reality Check,2006-04-15,"Honda Center, Anaheim, California, United States"
https://www.sherdog.com/events/UFC-Fight-Night-4-Bonnar-vs-Jardine-3665,UFC Fight Night 4 - Bonnar vs. Jardine,2006-04-06,"Hard Rock Hotel and Casino, Las Vegas, Nevada, United States"
https://www.sherdog.com/events/UFC-58-USA-vs-Canada-3512,UFC 58 - USA vs. Canada,2006-03-04,"Mandalay Bay Events Center, Las Vegas, Nevada, United States"
https://www.sherdog.com/events/UFC-57-Liddell-vs-Couture-3-3508,UFC 57 - Liddell vs. Couture 3,2006-02-04,"Mandalay Bay Events Center, Las Vegas, Nevada, United States"
https://www.sherdog.com/events/UFC-Fight-Night-3-Sylvia-vs-Silva-3486,UFC Fight Night 3 - Sylvia vs. Silva,2006-01-16,"Hard Rock Hotel and Casino, Las Vegas, Nevada, United States"
https://www.sherdog.com/events/UFC-56-Full-Force-3328,UFC 56 - Full Force,2005-11-19,"MGM Grand Garden Arena, Las Vegas, Nevada, United States"
https://www.sherdog.com/events/UFC-The-Ultimate-Fighter-2-Finale-3375,UFC - The Ultimate Fighter 2 Finale,2005-11-05,"Hard Rock Hotel and Casino, Las Vegas, Nevada, United States"
https://www.sherdog.com/events/UFC-55-Fury-3250,UFC 55 - Fury,2005-10-07,"Mohegan Sun Arena, Uncasville, Connecticut, United States"
https://www.sherdog.com/events/UFC-Fight-Night-2-Loiseau-vs-Tanner-3255,UFC Fight Night 2 - Loiseau vs. Tanner,2005-10-03,"Hard Rock Hotel and Casino, Las Vegas, Nevada, United States"
https://www.sherdog.com/events/UFC-54-Boiling-Point-3093,UFC 54 - Boiling Point,2005-08-20,"MGM Grand Garden Arena, Las Vegas, Nevada, United States"
https://www.sherdog.com/events/UFC-Fight-Night-1-Marquardt-vs-Salaverry-3100,UFC Fight Night 1 - Marquardt vs. Salaverry,2005-08-06,"Cox Pavillion, Las Vegas, Nevada, United States"
https://www.sherdog.com/events/UFC-53-Heavy-Hitters-3054,UFC 53 - Heavy Hitters,2005-06-04,"Boardwalk Hall, Atlantic City, New Jersey, United States"
https://www.sherdog.com/events/UFC-52-Couture-vs-Liddell-2-2930,UFC 52 - Couture vs. Liddell 2,2005-04-16,"MGM Grand Garden Arena, Las Vegas, Nevada, United States"
https://www.sherdog.com/events/UFC-The-Ultimate-Fighter-1-Finale-2971,UFC - The Ultimate Fighter 1 Finale,2005-04-09,"Cox Pavilion, Las Vegas, Nevada, United States"
https://www.sherdog.com/events/UFC-51-Super-Saturday-2690,UFC 51 - Super Saturday,2005-02-05,"Mandalay Bay Events Center, Las Vegas, Nevada, United States"
https://www.sherdog.com/events/UFC-50-The-War-of-04-2512,UFC 50 - The War of '04,2004-10-22,"Boardwalk Hall, Atlantic City, New Jersey, United States"
https://www.sherdog.com/events/UFC-49-Unfinished-Business-2400,UFC 49 - Unfinished Business,2004-08-21,"MGM Grand Garden Arena, Las Vegas, Nevada, United States"
https://www.sherdog.com/events/UFC-48-Payback-2203,UFC 48 - Payback,2004-06-19,"Mandalay Bay Events Center, Las Vegas, Nevada, United States"
https://www.sherdog.com/events/UFC-47-Its-On-2121,UFC 47 - It's On,2004-04-02,"Mandalay Bay Events Center, Las Vegas, Nevada, United States"
https://www.sherdog.com/events/UFC-46-Supernatural-1943,UFC 46 - Supernatural,2004-01-31,"Mandalay Bay Events Center, Las Vegas, Nevada, United States"
https://www.sherdog.com/events/UFC-45-Revolution-1863,UFC 45 - Revolution,2003-11-21,"Mohegan Sun Arena, Uncasville, Conneticut, United States"
https://www.sherdog.com/events/UFC-44-Undisputed-1688,UFC 44 - Undisputed,2003-09-26,"Mandalay Bay Events Center, Las Vegas, Nevada, United States"
https://www.sherdog.com/events/UFC-43-Meltdown-1614,UFC 43 - Meltdown,2003-06-06,"Thomas and Mack Center, Las Vegas, Nevada, United States"
https://www.sherdog.com/events/UFC-42-Sudden-Impact-1469,UFC 42 - Sudden Impact,2003-04-25,"American Airlines Arena, Miami, Florida, United States"
https://www.sherdog.com/events/UFC-41-Onslaught-1424,UFC 41 - Onslaught,2003-02-28,"Boardwalk Hall, Atlantic City, New Jersey, United States"
https://www.sherdog.com/events/UFC-40-Vendetta-1220,UFC 40 - Vendetta,2002-11-22,"MGM Grand Garden Arena, Las Vegas, Nevada, United States"
https://www.sherdog.com/events/UFC-39-The-Warriors-Return-1085,UFC 39 - The Warriors Return,2002-09-27,"Mohegan Sun Arena, Uncasville, Conneticut, United States"
https://www.sherdog.com/events/UFC-38-Brawl-at-the-Hall-923,UFC 38 - Brawl at the Hall,2002-07-13,"Royal Albert Hall, London, England"
https://www.sherdog.com/events/UFC-375-As-Real-As-It-Gets-901,UFC 37.5 - As Real As It Gets,2002-06-22,"Bellagio Hotel and Casino, Las Vegas, Nevada, United States"
https://www.sherdog.com/events/UFC-37-High-Impact-850,UFC 37 - High Impact,2002-05-10,"CenturyTel Center, Bossier City, Louisiana, United States"
https://www.sherdog.com/events/UFC-36-Worlds-Collide-771,UFC 36 - Worlds Collide,2002-03-22,"MGM Grand Garden Arena, Las Vegas, Nevada, United States"
https://www.sherdog.com/events/UFC-35-Throwdown-668,UFC 35 - Throwdown,2002-01-11,"Mohegan Sun Arena, Uncasville, Conneticut, United States"
https://www.sherdog.com/events/UFC-34-High-Voltage-540,UFC 34 - High Voltage,2001-11-02,"MGM Grand Garden Arena, Las Vegas, Nevada, United States"
https://www.sherdog.com/events/UFC-33-Victory-in-Vegas-430,UFC 33 - Victory in Vegas,2001-09-28,"Mandalay Bay Events Center, Las Vegas, Nevada, United States"
https://www.sherdog.com/events/UFC-32-Showdown-in-the-Meadowlands-429,UFC 32 - Showdown in the Meadowlands,2001-06-29,"Continental Airlines Arena, East Ruthorford, New Jersey, United States"
https://www.sherdog.com/events/UFC-31-Locked-Loaded-282,UFC 31 - Locked & Loaded,2001-05-04,"Trump Taj Mahal, Atlantic City, New Jersey, United States"
https://www.sherdog.com/events/UFC-30-Battle-on-the-Boardwalk-40,UFC 30 - Battle on the Boardwalk,2001-02-23,"Trump Taj Mahal, Atlantic City, New Jersey, United States"
https://www.sherdog.com/events/UFC-29-Defense-of-the-Belts-39,UFC 29 - Defense of the Belts,2000-12-16,"Differ Ariake, Tokyo, Japan"
https://www.sherdog.com/events/UFC-28-High-Stakes-38,UFC 28 - High Stakes,2000-11-17,"Trump Taj Mahal, Atlantic City, New Jersey, United States"
https://www.sherdog.com/events/UFC-27-Ultimate-Bad-Boyz-37,UFC 27 - Ultimate Bad Boyz,2000-09-22,"Lakefront Arena, New Orleans, Louisiana, United States"
https://www.sherdog.com/events/UFC-26-Ultimate-Field-of-Dreams-36,UFC 26 - Ultimate Field of Dreams,2000-06-09,"U.S. Cellular Center, Cedar Rapids, Iowa, United States"
https://www.sherdog.com/events/UFC-25-Ultimate-Japan-3-35,UFC 25 - Ultimate Japan 3,2000-04-14,"Yoyogi National Gymnasium, Tokyo, Japan"
https://www.sherdog.com/events/UFC-24-First-Defense-34,UFC 24 - First Defense,2000-03-10,"Lake Charles Civic Center, Lake Charles, Louisiana, United States"
https://www.sherdog.com/events/UFC-23-Ultimate-Japan-2-33,UFC 23 - Ultimate Japan 2,1999-11-19,"Tokyo Bay N.K. Hall, Urayasu, Chiba, Japan"
https://www.sherdog.com/events/UFC-22-There-Can-Be-Only-One-Champion-32,UFC 22 - There Can Be Only One Champion,1999-09-24,"Lake Charles Civic Center, Lake Charles, Louisiana, United States"
https://www.sherdog.com/events/UFC-21-Return-of-the-Champions-31,UFC 21 - Return of the Champions,1999-07-16,"U.S. Cellular Center, Cedar Rapids, Iowa, United States"
https://www.sherdog.com/events/UFC-20-Battle-for-the-Gold-30,UFC 20 - Battle for the Gold,1999-05-07,"Boutwell Municipal Auditorium, Birmingham, Alabama, United States"
https://www.sherdog.com/events/UFC-19-Ultimate-Young-Guns-29,UFC 19 - Ultimate Young Guns,1999-03-05,"Hollywood Casino, Bay St. Louis, Mississippi, United States"
https://www.sherdog.com/events/UFC-18-Road-to-the-Heavyweight-Title-28,UFC 18 - Road to the Heavyweight Title,1999-01-08,"Pontchartrain Center, Kenner, Louisiana, United States"
https://www.sherdog.com/events/UFC-175-Ultimate-Brazil-27,UFC 17.5 - Ultimate Brazil,1998-10-16,"Portuguesa Gymnasium, Sao Paulo, Brazil"
https://www.sherdog.com/events/UFC-17-Redemption-26,UFC 17 - Redemption,1998-05-15,"Mobile Civic Center, Mobile, Alabama, United States"
https://www.sherdog.com/events/UFC-16-Battle-in-the-Bayou-25,UFC 16 - Battle in the Bayou,1998-03-13,"Pontchartrain Center, Kenner, Louisiana, United States"
https://www.sherdog.com/events/UFC-155-Ultimate-Japan-1-24,UFC 15.5 - Ultimate Japan 1,1997-12-21,"Yokohama Arena, Yokohama, Japan"
https://www.sherdog.com/events/UFC-15-Collision-Course-23,UFC 15 - Collision Course,1997-10-17,"Hollywood Casino, Bay St. Louis, Mississippi, United States"
https://www.sherdog.com/events/UFC-14-Showdown-22,UFC 14 - Showdown,1997-07-27,"Boutwell Municipal Auditorium, Birmingham, Alabama, United States"
https://www.sherdog.com/events/UFC-13-The-Ultimate-Force-21,UFC 13 - The Ultimate Force,1997-05-30,"Augusta Civic Center, Augusta, Georgia, United States"
https://www.sherdog.com/events/UFC-12-Judgement-Day-20,UFC 12 - Judgement Day,1997-02-07,"Dothan Civic Center Arena, Dothan, Alabama, United States"
https://www.sherdog.com/events/UFC-Ultimate-Ultimate-1996-19,UFC - Ultimate Ultimate 1996,1996-12-07,"Alabama State Fair Arena, Birmingham, Alabama, United States"
https://www.sherdog.com/events/UFC-11-The-Proving-Ground-18,UFC 11 - The Proving Ground,1996-09-20,"Augusta Civic Center, Augusta, Georgia, United States"
https://www.sherdog.com/events/UFC-10-The-Tournament-17,UFC 10 - The Tournament,1996-07-12,"Alabama State Fair Arena, Birmingham, Alabama, United States"
https://www.sherdog.com/events/UFC-9-Motor-City-Madness-16,UFC 9 - Motor City Madness,1996-05-17,"Cobo Arena, Detroit, Michigan, United States"
https://www.sherdog.com/events/UFC-8-David-vs-Goliath-15,UFC 8 - David vs. Goliath,1996-02-16,"Ruben Rodriguez Coliseum, San Juan, Puerto Rico"
https://www.sherdog.com/events/UFC-Ultimate-Ultimate-1995-14,UFC - Ultimate Ultimate 1995,1995-12-16,"Mammoth Gardens, Denver, Colorado, United States"
https://www.sherdog.com/events/UFC-7-The-Brawl-in-Buffalo-13,UFC 7 - The Brawl in Buffalo,1995-09-08,"Buffalo Memorial Auditorium, Buffalo, New York, United States"
https://www.sherdog.com/events/UFC-6-Clash-of-the-Titans-12,UFC 6 - Clash of the Titans,1995-07-14,"Casper Events Center, Casper, Wyoming, United States"
https://www.sherdog.com/events/UFC-5-The-Return-of-the-Beast-11,UFC 5 - The Return of the Beast,1995-04-07,"Bojangles' Coliseum, Charlotte, North Carolina, United States"
https://www.sherdog.com/events/UFC-4-Revenge-of-the-Warriors-10,UFC 4 - Revenge of the Warriors,1994-12-16,"Expo Square Pavilion, Tulsa, Oklahoma, United States"
https://www.sherdog.com/events/UFC-3-The-American-Dream-9,UFC 3 - The American Dream,1994-09-09,"Grady Cole Center, Charlotte, North Carolina, United States"
https://www.sherdog.com/events/UFC-2-No-Way-Out-8,UFC 2 - No Way Out,1994-03-11,"Fillmore Auditorium, Denver, Colorado, United States"
https://www.sherdog.com/events/UFC-1-The-Beginning-7,UFC 1 - The Beginning,1993-11-12,"McNichols Arena, Denver, Colorado, United States"
