sd_url,name,nickname,nationality,locality,birth_date,height,weight_now,association
/fighter/AJ-Cunningham-228033,A.J. Cunningham,The Savage,United States,"Batesville, Arkansas","Sep 7, 1994","5'10""",135 lbs,Without Limits MMA
/fighter/AJ-Dobson-119943,A.J. Dobson,,United States,"Powell, Ohio","Jan 18, 1992","6'2""",185 lbs,Strong Style Fight Team
/fighter/AJ-Fletcher-284309,A.J. Fletcher,The Ghost,United States,"Baton Rouge, Louisiana","Feb 18, 1997","5'10""",170 lbs,Gladiators Academy
/fighter/Aalon-Cruz-103485,Aalon Cruz,,United States,"Tampa, Florida","Sep 20, 1989","6'0""",155 lbs,Team Darkside MMA
/fighter/Aaron-Brink-271,Aaron Brink,The Frijolero,United States,"San Diego, California","Nov 12, 1974","6'3""",231 lbs,
/fighter/Aaron-Phillips-55298,Aaron Phillips,The Dragon,United States,"Lafayette, Louisiana","Aug 5, 1989","5'9""",135 lbs,Headkicks MMA
/fighter/Aaron-Pico-191127,Aaron Pico,,United States,"Whittier, California","Sep 23, 1996","5'8""",145 lbs,Jackson-Wink MMA
/fighter/Aaron-Riley-1567,Aaron Riley,,United States,"Tell City, Indiana","Dec 9, 1980","5'9""",155 lbs,Jackson-Wink MMA
/fighter/Aaron-Rosa-15129,Aaron Rosa,,United States,"San Antonio, Texas","May 28, 1983","6'3""",205 lbs,Rodrigo Pinheiro BJJ
/fighter/Aaron-Simpson-24986,Aaron Simpson,A-Train,United States,"Phoenix, Arizona","Jul 20, 1974","6'0""",170 lbs,Power MMA Team
/fighter/Aaron-Tau-228831,Aaron Tau,Tauzemup,New Zealand,"Rahiri, Northland","Aug 21, 1993","5'4""",129 lbs,City Kickboxing
/fighter/Aaron-Wilkinson-39265,Aaron Wilkinson,The Daywalker,England,"Manchester, Greater Manchester","Jan 31, 1987","5'10""",170 lbs,SBG Manchester
/fighter/Abdul-Hussein-212403,Abdul Hussein,Abba,Finland,Espoo,"Aug 2, 1997","5'5""",135 lbs,Espoon Kehahait
/fighter/Abdul-Razak-Alhassan-151701,Abdul Razak Alhassan,Judo Thunder,Ghana,Accra,"Aug 11, 1985","5'10""",185 lbs,Elevation Fight Team
/fighter/AbdulKareem-AlSelwady-115453,Abdul-Kareem Al-Selwady,,United States,"Baton Rouge, Louisiana","Apr 10, 1995","5'7""",155 lbs,Fortis MMA
/fighter/AbdulKerim-Edilov-63045,Abdul-Kerim Edilov,,Russia,"Grozny, Chechnya","Nov 25, 1991","6'3""",205 lbs,Fight Club Akhmat
/fighter/AbdulRakhman-Yakhyaev-395509,Abdul-Rakhman Yakhyaev,Hunter,Turkey,,"Jan 3, 2001","6'2""",205 lbs,Nuremberg MMA
/fighter/Abel-Trujillo-17129,Abel Trujillo,Killa,United States,"Des Moines, Iowa","Sep 18, 1983","5'8""",155 lbs,Blackzilians
/fighter/Abner-Lloveras-11729,Abner Lloveras,Skullman,Spain,"Barcelona, Catalonia","Sep 4, 1982","5'11""",155 lbs,Gracie Barcelona
/fighter/Abu-Azaitar-55936,Abu Azaitar,Captain Morocco,Morocco,Rabat,"Mar 10, 1986","5'9""",186 lbs,Team Azaitar
/fighter/Abubakar-Nurmagomedov-86474,Abubakar Nurmagomedov,,Russia,"Makhachkala, Dagestan","Nov 13, 1989","5'11""",170 lbs,Fightspirit Team
/fighter/Abubakar-Vagaev-171149,Abubakar Vagaev,,Russia,"Grozny, Chechnya","Apr 14, 1993","6'0""",171 lbs,Fight Club Akhmat
/fighter/Abus-Magomedov-60755,Abus Magomedov,,Russia,Argun,"Sep 2, 1990","6'2""",185 lbs,UFD Gym
/fighter/Adam-Cella-69956,Adam Cella,El Natural,United States,"St. Louis, Missouri","Jun 26, 1985","6'2""",189 lbs,Finney's HIT Squad
/fighter/Adam-Fugitt-206917,Adam Fugitt,,United States,"Eugene, Oregon","Jan 12, 1989","6'1""",170 lbs,Fight Ready
/fighter/Adam-Milstead-60258,Adam Milstead,The Prototype,United States,"Beaver Falls, Pennsylvania","Jul 3, 1987","6'3""",205 lbs,Pittsburgh Fight Club
/fighter/Adam-Wieczorek-86930,Adam Wieczorek,Siwy,Poland,Chorzow,"Feb 5, 1992","6'5""",232 lbs,AKS Chorzow
/fighter/Adam-Yandiev-186189,Adam Yandiev,Beard,Russia,"Nazran, Ingushetia","Jul 7, 1988","5'11""",185 lbs,Fight or Die
/fighter/Adlan-Amagov-41523,Adlan Amagov,Borz,Russia,Grozny,"Oct 30, 1986","5'11""",170 lbs,Jackson-Wink MMA
/fighter/Adrian-Luna-Martinetti-254547,Adrian Luna Martinetti,,Ecuador,"Guayaquil, Guayas","Aug 20, 1995","5'8""",135 lbs,Entram Gym
/fighter/Adrian-Serrano-254,Adrian Serrano,,United States,"Milwaukee, Wisconsin","Dec 23, 1963","5'8""",175 lbs,Adrian Serrano Combat Sports Gym
/fighter/Adrian-Yanez-86354,Adrian Yanez,,United States,"La Porte, Texas","Nov 29, 1993","5'7""",135 lbs,Metro Fight Club
/fighter/Adriano-Martins-9907,Adriano Martins,,Brazil,"Manaus, Amazonas","Dec 16, 1982","5'10""",154 lbs,Top Life Amazonas
/fighter/Adriano-Santos-206,Adriano Santos,,,,,,,
/fighter/Agulali-382520,Agulali,,China,"Meigu County, Sichuan","Apr 7, 2005","5'9""",126 lbs,Enbo Fight Club
/fighter/Aiemann-Zahabi-121009,Aiemann Zahabi,,Canada,"Laval, Quebec","Nov 19, 1987","5'8""",135 lbs,Tristar Gym
/fighter/Ailin-Perez-297989,Ailin Perez,Fiona,Argentina,"Hurlingham, Buenos Aires","Oct 5, 1994","5'5""",135 lbs,The Goat Shed Academy
/fighter/Ailinuer-Ahejiang-305959,Ailinuer Ahejiang,,China,"Ili, Xinjiang","Sep 8, 1998","5'9""",145 lbs,Warriors Fight Club
/fighter/Aisling-Daly-25245,Aisling Daly,Ais the Bash,Ireland,"Dublin, Leinster","Dec 24, 1987","5'3""",116 lbs,SBG Ireland
/fighter/Akbarh-Arreola-6120,Akbarh Arreola,El Caballero,Mexico,"Tijuana, Baja California","Jan 14, 1983","5'10""",170 lbs,Entram Gym
/fighter/Akihiro-Gono-1217,Akihiro Gono,,Japan,"Higashikurume, Tokyo","Oct 7, 1974","5'9""",158 lbs,Rings Japan
/fighter/Akira-Corassani-22641,Akira Corassani,,Sweden,Gothenburg,"Aug 27, 1982","5'8""",145 lbs,Renzo Gracie Jiu-Jitsu
/fighter/Al-Iaquinta-42817,Al Iaquinta,Raging,United States,"New York City, New York","Apr 30, 1987","5'7""",155 lbs,Serra-Longo Fight Team
/fighter/Alan-Baudot-138183,Alan Baudot,Black Samourai,France,Lyon,"Feb 1, 1988","6'3""",253 lbs,MMA Factory
/fighter/Alan-Belcher-10967,Alan Belcher,The Talent,United States,"Biloxi, Mississippi","Apr 24, 1984","6'2""",233 lbs,Roufusport
/fighter/Alan-Jouban-65878,Alan Jouban,Brahma,United States,"Lafayette, Louisiana","Nov 25, 1982","6'0""",170 lbs,Black House
/fighter/Alan-Omer-23437,Alan Omer,Mr. Erbil,Iraq,"Erbil, Kurdistan Region","Sep 14, 1988","5'9""",163 lbs,Stallion Cage
/fighter/Alan-Patrick-31096,Alan Patrick,Nuguette,Brazil,"Manaus, Amazonas","Jul 9, 1983","5'11""",155 lbs,Chute Boxe Diego Lima
/fighter/Albert-Cheng-63422,Albert Cheng,,Canada,"Mississauga, Ontario","Feb 7, 1985","5'11""",155 lbs,AC5 MMA
/fighter/Albert-Duraev-86841,Albert Duraev,Machete,Russia,"Volgograd, Volgograd Oblast","Jan 5, 1989","5'11""",185 lbs,Xtreme Couture
/fighter/Albert-Morales-161099,Albert Morales,The Warrior,United States,"Carson, California","May 25, 1991","5'9""",144 lbs,Systems Training Center
/fighter/Albert-Tumenov-60198,Albert Tumenov,Einstein,Russia,"Nalchik, Kabardino-Balkaria","Dec 26, 1991","5'11""",185 lbs,American Top Team
/fighter/Alberto-Cerra-Leon-37,Alberto Cerra Leon,,Spain,Lemoa,,"5'8""",231 lbs,
/fighter/Alberto-Crane-4767,Alberto Crane,,United States,"Santa Fe, New Mexico","Jul 14, 1976","5'9""",155 lbs,Legacy Brazilian Jiu-Jitsu Burbank
/fighter/Alberto-Emiliano-Pereira-77297,Alberto Emiliano Pereira,Uda,Brazil,"Blumenau, Santa Catarina","Aug 8, 1984","6'3""",185 lbs,Astra Fight Team
/fighter/Alberto-Mina-16705,Alberto Mina,Soldier of God,Brazil,"Campina Grande, Paraiba","May 2, 1982","6'0""",170 lbs,Kings MMA
/fighter/Alberto-Montes-257203,Alberto Montes,The Promise,Venezuela,"Barquisimeto, Lara","May 31, 1994","5'7""",146 lbs,MMA Masters
/fighter/Alden-Coria-203015,Alden Coria,Cobra,United States,"Houston, Texas","Apr 24, 1998","5'8""",125 lbs,4oz. Fight Club
/fighter/Alejandro-Perez-13428,Alejandro Perez,Turbo,Mexico,Mexico,"Sep 2, 1989","5'6""",135 lbs,American Kickboxing Academy
/fighter/Aleksa-Camur-228789,Aleksa Camur,,United States,Ohio,"Sep 25, 1995","6'0""",205 lbs,Strong Style Fight Team
/fighter/Aleksandar-Rakic-86829,Aleksandar Rakic,Rocket,Austria,Vienna,"Feb 6, 1992","6'5""",237 lbs,Gym 23
/fighter/Aleksandra-Albu-144949,Aleksandra Albu,Stitch,Russia,Moscow,"Jul 14, 1990","5'2""",115 lbs,Red Fury Fight Team
/fighter/Aleksandre-Topuria-199421,Aleksandre Topuria,El Conquistador,Georgia,,"Jan 28, 1996","5'7""",135 lbs,Topuria Team
/fighter/Alen-Amedovski-134209,Alen Amedovski,,Macedonia,Zentar Zupa,"Apr 6, 1988","5'10""",185 lbs,American Top Team Rome
/fighter/Alessandro-Costa-214613,Alessandro Costa,Nono,Brazil,"Manaus, Amazonas","Jan 28, 1996","5'5""",125 lbs,Lobo Gym MMA
/fighter/Alessandro-Ricci-74266,Alessandro Ricci,Alex,Canada,"Woodbridge, Ontario","Jul 21, 1982","5'11""",155 lbs,M-1 Thai Boxing
/fighter/Alessio-Di-Chirico-89875,Alessio Di Chirico,Manzo,Italy,Rome,"Dec 12, 1989","6'0""",185 lbs,Gloria Fight Center
/fighter/Alessio-Sakara-5366,Alessio Sakara,Legionarius,Italy,"Rome, Lazio","Sep 2, 1981","6'1""",206 lbs,American Top Team
/fighter/Alex-Andrade-258,Alex Andrade,El Toro,United States,"Laredo, Texas","May 14, 1974","5'11""",200 lbs,Lion's Den
/fighter/Alex-Caceres-41586,Alex Caceres,Bruce Leeroy,United States,"Miami, Florida","Jun 20, 1988","5'9""",145 lbs,MMA Lab
/fighter/Alex-Chambers-65649,Alex Chambers,Astro Girl,Australia,"St. Ives, New South Wales","Oct 28, 1978","5'3""",115 lbs,American Top Team
/fighter/Alex-Garcia-54124,Alex Garcia,The Dominican Nightmare,Canada,"Montreal, Quebec","Jul 14, 1987","5'9""",171 lbs,Tristar Gym
/fighter/Alex-Gorgees-222785,Alex Gorgees,Hitman,Australia,"Sydney, New South Wales","Aug 11, 1995",,154 lbs,Australian Top Team
/fighter/Alex-Hunter-170,Alex Hunter,,United States,"Tarpon Springs, Florida",,"5'9""",226 lbs,
/fighter/Alex-Karalexis-11941,Alex Karalexis,T-Rex,United States,"Boston, Massachusetts","Sep 20, 1977","5'8""",170 lbs,Team Sityodtong
/fighter/Alex-Morono-64894,Alex Morono,The Great White,United States,"Houston, Texas","Aug 16, 1990","5'11""",170 lbs,Fortis MMA
/fighter/Alex-Munoz-207057,Alex Munoz,,United States,"Dallas, Texas","Feb 27, 1990","5'9""",155 lbs,Team Alpha Male
/fighter/Alex-Nicholson-121077,Alex Nicholson,The Spartan,United States,"Apopka, Florida","May 2, 1990","6'4""",203 lbs,American Top Team Orlando
/fighter/Alex-Oliveira-110143,Alex Oliveira,Cowboy,Brazil,"Tres Rios, Rio de Janeiro","Feb 21, 1988","5'11""",155 lbs,ATS Team Tres Rios
/fighter/Alex-Pereira-224511,Alex Pereira,Poatan,Brazil,"Sao Bernardo do Campo, Sao Paulo","Jul 7, 1987","6'4""",251 lbs,Teixeira MMA & Fitness
/fighter/Alex-Perez-12443,Alex Perez,,United States,"Lemoore, California","Mar 21, 1992","5'6""",126 lbs,Team Oyama
/fighter/Alex-Reyes-24199,Alex Reyes,,United States,"Hollywood, California","Oct 2, 1986","5'11""",155 lbs,Cage Combat Academy
/fighter/Alex-Schoenauer-4000,Alex Schoenauer,,United States,"Las Vegas, Nevada","May 5, 1976","6'3""",185 lbs,Xtreme Couture
/fighter/Alex-Soto-50367,Alex Soto,Extremo,United States,"San Diego, California","Feb 15, 1984","5'7""",135 lbs,KHK MMA
/fighter/Alex-Stiebling-269,Alex Stiebling,The Brazilian Killa,United States,"Indianapolis, Indiana","Dec 26, 1976","6'2""",195 lbs,Integrated Fighting Academy
/fighter/Alex-Torres-172645,Alex Torres,Rolo,Colombia,"Bogota, Capital District","May 29, 1988","5'10""",145 lbs,Octagon MMA
/fighter/Alex-White-55954,Alex White,The Spartan,United States,"Fredericktown, Missouri","Oct 22, 1988","6'0""",155 lbs,Team Destruction
/fighter/Alex-da-Silva-Coelho-153799,Alex da Silva Coelho,Leko,Brazil,"Icara, Santa Catarina","Feb 4, 1996","5'10""",167 lbs,Astra Fight Team
/fighter/Alexa-Grasso-142845,Alexa Grasso,,Mexico,"Guadalajara, Jalisco","Aug 9, 1993","5'5""",125 lbs,Lobo Gym MMA
/fighter/Alexander-Gustafsson-26162,Alexander Gustafsson,The Mauler,Sweden,"Stockholm, Stockholm County","Jan 15, 1987","6'4""",205 lbs,Allstars Training Center
/fighter/Alexander-Hernandez-97669,Alexander Hernandez,The Great Ape,United States,"San Antonio, Texas","Oct 1, 1992","5'9""",155 lbs,Factory X
/fighter/Alexander-Poppeck-99051,Alexander Poppeck,Ironside,Germany,"Munich, Bavaria","Apr 6, 1992","6'2""",215 lbs,Munich Top Team
/fighter/Alexander-Romanov-242931,Alexander Romanov,King Kong,Moldova,Comrat City,"Dec 11, 1990","6'2""",259 lbs,Lion Club
/fighter/Alexander-Volkanovski-101527,Alexander Volkanovski,The Great,Australia,"Windang, New South Wales","Sep 29, 1988","5'6""",145 lbs,Freestyle Fighting Gym
/fighter/Alexander-Volkov-40951,Alexander Volkov,Drago,Russia,Moscow,"Oct 24, 1988","6'7""",257 lbs,Strela Team
/fighter/Alexander-Yakovlev-10846,Alexander Yakovlev,Russian Thunder,Russia,St. Petersburg,"Jul 18, 1984","6'1""",170 lbs,K Dojo Warrior Tribe
/fighter/Alexandre-Barros-1424,Alexandre Barros,Baixinho,Brazil,"Rio de Janeiro, Rio de Janeiro","Sep 19, 1976","5'8""",170 lbs,Carlson Gracie Team
/fighter/Alexandre-Dantas-264,Alexandre Dantas,Cafe,Brazil,Rio de Janeiro,"Jan 3, 1979","6'2""",176 lbs,Black Team
/fighter/Alexandre-Ferreira-1398,Alexandre Ferreira,Cacareco,Brazil,Rio de Janeiro,"Apr 25, 1979","5'7""",204 lbs,Chute Boxe
/fighter/Alexandre-Pantoja-25023,Alexandre Pantoja,The Cannibal,Brazil,"Arraial do Cabo, Rio de Janeiro","Apr 16, 1990","5'5""",125 lbs,American Top Team
/fighter/Alexey-Kunchenko-140641,Alexey Kunchenko,,Russia,"Tyumen, Tyumen Oblast","May 2, 1984","5'8""",171 lbs,New Stream
/fighter/Alexey-Oleynik-2027,Alexey Oleynik,The Boa Constrictor,Russia,Moscow,"Jun 25, 1977","6'2""",254 lbs,Oleynik Team
/fighter/Alexia-Thainara-287251,Alexia Thainara,Burguesinha,Brazil,"Japeri, Rio de Janeiro","Nov 20, 1997","5'4""",116 lbs,Ribas Family
/fighter/Alexis-Davis-22071,Alexis Davis,Ally-Gator,Canada,"Port Colborne, Ontario","Oct 4, 1984","5'6""",135 lbs,Combat Sports Academy
/fighter/Alexis-Dufresne-113687,Alexis Dufresne,Sneaky Zebra,United States,"Temecula, California","Aug 31, 1990","5'9""",150 lbs,Team Quest
/fighter/Alfonso-Alcarez-229,Alfonso Alcarez,Alfie,United States,"Las Vegas, Nevada","Jun 10, 1970","5'3""",135 lbs,Nickwan Kick Gym
/fighter/Ali-AlQaisi-196307,Ali AlQaisi,The Royal Fighter,Jordan,Amman,"Aug 23, 1990","5'8""",147 lbs,Gladiator MMA
/fighter/Ali-Bagautinov-81198,Ali Bagautinov,The King Puncher,Russia,Dagestan,"Jun 12, 1985","5'4""",125 lbs,Fight Club Krepost
/fighter/Aliaskhab-Khizriev-209647,Aliaskhab Khizriev,,Russia,"Rostov-on-Don, Rostov","Aug 24, 1990","5'10""",185 lbs,Team Shikhshabekov
/fighter/Alibi-Idiris-350069,Alibi Idiris,,Kazakhstan,Aktau,"Oct 22, 1994","5'6""",125 lbs,Erkin Kush
/fighter/Alice-Ardelean-181889,Alice Ardelean,,Romania,Satu Mare,"Apr 19, 1992","5'3""",115 lbs,Fearless MMA
/fighter/Alice-Pereira-433004,Alice Pereira,Golden Girl,Brazil,"Feira de Santana, Bahia","Dec 20, 2005","5'8""",135 lbs,Life Martial Arts
/fighter/Alistair-Overeem-461,Alistair Overeem,The Demolition Man,Netherlands,Amsterdam,"May 17, 1980","6'4""",256 lbs,Elevation Fight Team
/fighter/Aljamain-Sterling-66313,Aljamain Sterling,Funk Master,United States,"Cortland, New York","Jul 31, 1989","5'7""",145 lbs,Serra-Longo Fight Team
/fighter/Allan-Goes-196,Allan Goes,,United States,"Mission Viejo, California","Apr 20, 1971","6'0""",205 lbs,Goes Martial Arts
/fighter/Allan-Nascimento-87857,Allan Nascimento,Puro Osso,Brazil,"Sao Paulo, Sao Paulo","Sep 11, 1991","5'9""",125 lbs,Chute Boxe Diego Lima
/fighter/Allan-Zuniga-57253,Allan Zuniga,Tigre,Costa Rica,Alajuela,"Apr 4, 1992","5'7""",155 lbs,Tigre MMA
/fighter/Allen-Berube-16459,Allen Berube,Monstah,United States,"Biddeford, Maine","Aug 25, 1974","5'8""",155 lbs,Gracie Tampa
/fighter/Allen-Crowder-157353,Allen Crowder,Pretty Boy,United States,"Mebane, North Carolina","Nov 8, 1989","6'3""",237 lbs,Team Rubao Carioca BJJ
/fighter/Allen-Frye-395495,Allen Frye,AJ,United States,"Wilmington, North Carolina","Apr 15, 1998","6'4""",242 lbs,Brunsons MMA and Fitness
/fighter/Alonzo-Menifield-210501,Alonzo Menifield,Atomic,United States,"Dallas, Texas","Oct 18, 1987","6'0""",206 lbs,Saekson Muay Thai
/fighter/Alptekin-Ozkilic-73826,Alptekin Ozkilic,The Turkish Delight,United States,"Long Island, New York","Mar 27, 1986","5'5""",125 lbs,Bellmore Kickboxing Academy
/fighter/Alvaro-Herrera-44627,Alvaro Herrera,Chango,Mexico,"Guadalajara, Jalisco","May 14, 1990","6'0""",155 lbs,Lobo Gym MMA
/fighter/Alvin-Hines-405550,Alvin Hines,Goozie,United States,"Grand Rapids, Minnesota","Oct 20, 1991","6'2""",264 lbs,La Bodega Fight Team
/fighter/Alvin-Robinson-12212,Alvin Robinson,Kid,United States,"Denver, Colorado","Jul 16, 1982","5'9""",145 lbs,Grudge Training Center
/fighter/Amanda-Bobby-Brundage-138223,Amanda Bobby Brundage,ABC,United States,"Bath, Michigan","Oct 22, 1991","5'3""",125 lbs,Scorpion Fighting System
/fighter/Amanda-Lemos-173973,Amanda Lemos,Amandinha,Brazil,"Belem, Para","May 22, 1987","5'4""",116 lbs,Marajo Brothers Team
/fighter/Amanda-Nunes-31496,Amanda Nunes,Lioness,Brazil,"Salvador, Bahia","May 30, 1988","5'8""",135 lbs,Lioness Studio
/fighter/Amanda-Ribas-171625,Amanda Ribas,,Brazil,"Varginha, Minas Gerais","Aug 26, 1993","5'4""",115 lbs,Marcelo Ribas Team
/fighter/Amar-Suloev-1995,Amar Suloev,,Armenia,Kalinin City,"Jul 1, 1976","5'9""",185 lbs,Red Devil Sport Club
/fighter/Amaury-Bitetti-135,Amaury Bitetti,,Brazil,Rio de Janeiro,"Apr 14, 1969","5'9""",185 lbs,
/fighter/Amilcar-Alves-23841,Amilcar Alves,,Brazil,"Rio de Janeiro, Rio de Janeiro","Dec 13, 1979","5'11""",185 lbs,Nova Uniao
/fighter/Amir-Albazi-51365,Amir Albazi,The Prince,Iraq,Baghdad,"Oct 27, 1993","5'5""",125 lbs,Xtreme Couture
/fighter/Amir-Sadollah-34071,Amir Sadollah,,United States,"Richmond, Virginia","Aug 27, 1980","5'11""",170 lbs,Syndicate MMA
/fighter/Anderson-Silva-1356,Anderson Silva,The Spider,Brazil,"Curitiba, Parana","Apr 14, 1975","6'2""",185 lbs,Team Nogueira
/fighter/Anderson-dos-Santos-95053,Anderson dos Santos,Berinja,Brazil,"Sao Paulo, Sao Paulo","Jul 24, 1985","5'6""",155 lbs,Babuino Gold Team
/fighter/Andre-Ewell-204397,Andre Ewell,Mr. Highlight,United States,"Riverside, California","Jan 21, 1988","5'11""",145 lbs,Apex MMA
/fighter/Andre-Fialho-188171,Andre Fialho,,Portugal,"Cascais, Lisbon","Apr 7, 1994","6'0""",169 lbs,Kill Cliff FC
/fighter/Andre-Fili-58385,Andre Fili,Touchy,United States,"Sacramento, California","Jun 25, 1990","5'10""",145 lbs,Team Alpha Male
/fighter/Andre-Gusmao-15806,Andre Gusmao,,Brazil,"Goiania, Goias","May 19, 1977","6'2""",185 lbs,
/fighter/Andre-Lima-201199,Andre Lima,Mascote,Brazil,"Feira de Santana, Bahia","Feb 4, 1999","5'7""",127 lbs,Team Lucas Mineiro
/fighter/Andre-Muniz-81800,Andre Muniz,Sergipano,Brazil,"Montes Claros, Minas Gerais","Feb 17, 1990","6'2""",185 lbs,Tata Fight Team Montes Claros
/fighter/Andre-Pederneiras-227,Andre Pederneiras,Dede,Brazil,Rio de Janeiro,"Mar 22, 1967","5'8""",160 lbs,Nova Uniao
/fighter/Andre-Petroski-215253,Andre Petroski,,United States,"Springfield, Pennsylvania","Jun 12, 1991","6'0""",186 lbs,Renzo Gracie Philly
/fighter/Andre-Roberts-194,Andre Roberts,The Chief,United States,"Tama, Iowa","Feb 24, 1965","6'2""",345 lbs,
/fighter/Andre-Soukhamthath-67967,Andre Soukhamthath,The Asian Sensation,United States,"Woonsocket, Rhode Island","Oct 23, 1988","5'9""",135 lbs,Combat Club
/fighter/Andre-Winner-17034,Andre Winner,,England,"Leicester, Leicestershire","Nov 9, 1981","5'11""",155 lbs,Team Rough House
/fighter/Andrea-Lee-149037,Andrea Lee,KGB,United States,"Shreveport, Louisiana","Feb 11, 1989","5'6""",125 lbs,Karate Mafia
/fighter/Andreas-Gustafsson-280041,Andreas Gustafsson,Bane,Sweden,,"Feb 20, 1991","6'1""",185 lbs,Vasteras Fight Club
/fighter/Andreas-Michailidis-65167,Andreas Michailidis,Spartan,Greece,Athens,"Jul 18, 1988","6'0""",186 lbs,EFL Academy
/fighter/Andreas-Stahl-57322,Andreas Stahl,Real Steel,Sweden,"Umea, Vasterbotten","May 20, 1988","6'1""",171 lbs,Renyi
/fighter/Andrei-Arlovski-270,Andrei Arlovski,The Pit Bull,Belarus,Minsk,"Feb 4, 1979","6'4""",245 lbs,American Top Team
/fighter/Andrei-Semenov-1870,Andrei Semenov,White Shark,Russia,St. Petersburg,"Jun 17, 1977","6'0""",185 lbs,
/fighter/Andrew-Craig-63284,Andrew Craig,Highlight,United States,"Houston, Texas","Jan 15, 1986","6'1""",170 lbs,Team Tooke
/fighter/Andrew-Holbrook-78384,Andrew Holbrook,,United States,"Indianapolis, Indiana","Feb 6, 1986","5'11""",155 lbs,Indy Boxing & Grappling
/fighter/Andrew-Sanchez-105321,Andrew Sanchez,El Dirte,United States,"St. Louis, Missouri","Apr 8, 1988","6'1""",185 lbs,Tristar Gym
/fighter/Andrey-Pulyaev-398399,Andrey Pulyaev,,Russia,"Novosibirsk, Novosibirsk Oblast","Sep 10, 1997","6'4""",185 lbs,Storm Shlemenko Fight Team
/fighter/Andy-Anderson-60,Andy Anderson,The Hammer,United States,"Arlington, Texas","Jul 16, 1964","5'9""",240 lbs,
/fighter/Andy-Enz-61422,Andy Enz,Tank Mode,United States,"Anchorage, Alaska","Aug 15, 1991","6'3""",185 lbs,Gracie Barra Alaska
/fighter/Andy-Ogle-42659,Andy Ogle,The Little Axe,England,"Sunderland, Tyne and Wear","Feb 16, 1989","5'9""",144 lbs,Team Kaobon
/fighter/Andy-Wang-1331,Andy Wang,,United States,"Los Angeles, California","May 28, 1977","5'6""",155 lbs,Grappling Unlimited
/fighter/Anelya-Toktogonova-419589,Anelya Toktogonova,,Kyrgyzstan,Bishkek,"Aug 1, 2005","5'2""",115 lbs,
/fighter/Angad-Bisht-274657,Angad Bisht,,India,Uttarakhand,"Jun 5, 1995","5'7""",125 lbs,Mutant MMA Academy
/fighter/Ange-Loosa-95799,Ange Loosa,The Last Ninja,"Congo, The Democratic Republic of the",Kinshasha,"Mar 18, 1993","5'10""",170 lbs,Kill Cliff FC
/fighter/Angel-Pacheco-90675,Angel Pacheco,,United States,"Duluth, Minnesota","Jan 13, 1992","5'8""",135 lbs,Start BJJ
/fighter/Angela-Hill-148517,Angela Hill,Overkill,United States,"San Diego, California","Jan 12, 1985","5'3""",115 lbs,Alliance MMA
/fighter/Angela-Magana-21720,Angela Magana,Your Majesty,United States,"Farmington, New Mexico","Aug 2, 1983","5'1""",115 lbs,Independent
/fighter/Angga-Yudhatrisnamers-100295,Angga Yudhatrisnamers,Hans / The Hitman,Indonesia,"Sukabumi, West Java","Jan 13, 1989","5'7""",155 lbs,Onfire Indonesia
/fighter/Anistavio-Medeiros-de-Figueiredo-21962,Anistavio Medeiros de Figueiredo,Gasparzinho,Brazil,"Natal, Rio Grande do Norte","May 1, 1988","5'7""",145 lbs,Independent
/fighter/Anna-Elmose-162539,Anna Elmose,Panda,Denmark,Copenhagen,,,135 lbs,Rumble Sports
/fighter/Anna-Melisano-249839,Anna Melisano,Bandana,United States,"Travelers Rest, South Carolina","May 20, 1997","5'6""",125 lbs,Spartan Fitness MMA
/fighter/Ansar-Chalangov-7148,Ansar Chalangov,,Russia,Rostov-on-don,"Oct 30, 1979","5'9""",185 lbs,Legion Fight Team
/fighter/Anshul-Jubli-365299,Anshul Jubli,King of Lions,India,Uttarakhand,"Jan 13, 1995","6'0""",156 lbs,Tiger Muay Thai
/fighter/Ante-Delija-75487,Ante Delija,Walking Trouble,Croatia,Dubrovnik,"Aug 7, 1990","6'5""",238 lbs,Team Kaobon
/fighter/Anthony-Birchak-53300,Anthony Birchak,El Toro,United States,"Tucson, Arizona","May 16, 1986","5'8""",155 lbs,Luta Elite MMA
/fighter/Anthony-Christodoulou-53712,Anthony Christodoulou,,Greece,"Glyfada, Attica","Jul 30, 1987","5'9""",155 lbs,Renzo Gracie Fight Academy
/fighter/Anthony-Hamilton-58947,Anthony Hamilton,Freight Train,United States,"Seattle, Washington","Apr 14, 1980","6'5""",261 lbs,Jackson-Wink MMA
/fighter/Anthony-Hernandez-86783,Anthony Hernandez,Fluffy,United States,"Dunnigan, California","Oct 18, 1993","6'0""",186 lbs,MMA Gold Fight Team
/fighter/Anthony-Ivy-143479,Anthony Ivy,Aquaman,United States,"San Antonio, Texas","Jan 23, 1990","6'2""",185 lbs,W4R Training Center
/fighter/Anthony-Johnson-17662,Anthony Johnson,Rumble,United States,"Boca Raton, Florida","Mar 6, 1984","6'2""",205 lbs,Kill Cliff FC
/fighter/Anthony-Lapsley-18590,Anthony Lapsley,The Recipe,United States,"Fort Wayne, Indiana","Feb 13, 1980","5'9""",170 lbs,
/fighter/Anthony-Macias-53,Anthony Macias,Mad Dog,United States,"Oklahoma City, Oklahoma","Jul 16, 1969","5'10""",170 lbs,USA Stars
/fighter/Anthony-Njokuani-7540,Anthony Njokuani,The Assassin,United States,"Garland, Texas","Mar 1, 1980","6'0""",170 lbs,Janjira Muay Thai
/fighter/Anthony-Perosh-9491,Anthony Perosh,The Hippo,Australia,"Sydney, New South Wales","May 10, 1972","6'3""",205 lbs,Team Perosh Mixed Martial Arts
/fighter/Anthony-Pettis-26627,Anthony Pettis,Showtime,United States,"Milwaukee, Wisconsin","Jan 27, 1987","5'10""",155 lbs,Roufusport
/fighter/Anthony-Rocco-Martin-80436,Anthony Rocco Martin,,United States,"Palos Heights, Illinois","Dec 11, 1989","6'0""",170 lbs,American Top Team
/fighter/Anthony-Smith-29470,Anthony Smith,Lionheart,United States,"Omaha, Nebraska","Jul 26, 1988","6'4""",245 lbs,Factory X
/fighter/Anthony-Torres-1884,Anthony Torres,The Crush,United States,"Kailua, Hawaii","Jul 31, 1978","5'10""",170 lbs,MMA Development
/fighter/Anthony-Wint-383061,Anthony Wint,Bow Down,United States,"Homestead, Florida","Jan 14, 1995","5'11""",231 lbs,Kill Cliff FC
/fighter/Anton-Kuivanen-14865,Anton Kuivanen,,Finland,Helsinki,"May 1, 1984","5'9""",155 lbs,Primus Fight Team
/fighter/Anton-Turkalj-234667,Anton Turkalj,The Pleasure Man,Sweden,Gothenburg,"Jun 10, 1996","6'4""",205 lbs,GBG MMA
/fighter/Anton-Zafir-86294,Anton Zafir,The Professor,Australia,"Cairns, Queensland","May 10, 1987","5'11""",170 lbs,Whitsunday Martial Arts
/fighter/Antoni-Hardonk-1518,Antoni Hardonk,,Netherlands,"Weesp, North Holland","Feb 5, 1976","6'4""",240 lbs,Dynamix MMA
/fighter/Antonina-Shevchenko-45389,Antonina Shevchenko,La Pantera,Kyrgyzstan,Bishkek,"Nov 20, 1984","5'8""",125 lbs,Tiger Muay Thai
/fighter/Antonio-Arroyo-173979,Antonio Arroyo,,Brazil,"Belem, Para","Jul 1, 1989","6'0""",205 lbs,Team Figueiredo
/fighter/Antonio-Banuelos-2580,Antonio Banuelos,,United States,"San Luis Obispo, California","Sep 23, 1979","5'3""",125 lbs,The Pit
/fighter/Antonio-Braga-Neto-19530,Antonio Braga Neto,,Brazil,"Rio de Janeiro, Rio de Janeiro","Oct 29, 1987","6'3""",185 lbs,Team Nogueira
/fighter/Antonio-Carlos-Jr-143157,Antonio Carlos Jr.,Cara de Sapato,Brazil,"Joao Pessoa, Paraiba","Mar 16, 1990","6'2""",205 lbs,American Top Team
/fighter/Antonio-Carvalho-5346,Antonio Carvalho,Pato,Canada,"Toronto, Ontario","May 30, 1979","5'8""",145 lbs,Bruckmann Martial Arts
/fighter/Antonio-McKee-515,Antonio McKee,Mandingo,United States,"Lakewood, California","Mar 12, 1970","5'8""",155 lbs,Team Bodyshop
/fighter/Antonio-Mendes-7110,Antonio Mendes,Samuray,Brazil,"Fortaleza, Ceara","Apr 19, 1981","6'3""",205 lbs,Dragon Fight
/fighter/Antonio-Rodrigo-Nogueira-1440,Antonio Rodrigo Nogueira,Minotauro,Brazil,"Vitoria da Conquista, Bahia","Jun 2, 1976","6'3""",240 lbs,Team Nogueira
/fighter/Antonio-Rogerio-Nogueira-2270,Antonio Rogerio Nogueira,Minotouro,Brazil,"Vitoria da Conquista, Bahia","Jun 2, 1976","6'2""",205 lbs,Team Nogueira
/fighter/Antonio-Silva-12354,Antonio Silva,Bigfoot,Brazil,"Brasilia, Distrito Federal","Sep 14, 1979","6'4""",264 lbs,American Top Team
/fighter/Antonio-Trocoli-123109,Antonio Trocoli,Malvado,Brazil,"Salvador, Bahia","Dec 6, 1990","6'5""",186 lbs,LG System
/fighter/Antonio-dos-Santos-Jr-46759,Antonio dos Santos Jr.,Junior Alpha,Brazil,"Salvador, Bahia","Jul 21, 1988","5'10""",170 lbs,MMA Masters
/fighter/Anying-Wang-135315,Anying Wang,Smiley,Mongolia,,"Apr 4, 1991","6'0""",170 lbs,Phuket Top Team
/fighter/Ariane-Carnelossi-182853,Ariane Carnelossi,Sorriso,Brazil,"Presidente Prudente, Sao Paulo","Nov 17, 1992","5'2""",115 lbs,Inside Muay Thai
/fighter/Ariane-Lipski-da-Silva-147487,Ariane Lipski da Silva,The Queen,Brazil,"Curitiba, Parana","Jan 26, 1994","5'6""",125 lbs,Lioness MMA
/fighter/Ariel-Beck-157211,Ariel Beck,Sunshine,United States,"Helena, Montana","Sep 16, 1990","5'6""",125 lbs,
/fighter/Arisa-Matsuda-390313,Arisa Matsuda,,Japan,"Kashiwara, Osaka","Dec 15, 1994","5'3""",116 lbs,Shooto Gym Blows
/fighter/Arjan-Singh-Bhullar-175321,Arjan Singh Bhullar,,Canada,"Richmond, British Columbia","May 13, 1986","6'1""",241 lbs,American Kickboxing Academy
/fighter/Arman-Tsarukyan-213913,Arman Tsarukyan,Ahalkalakets,Russia,"Khabarovsk, Khabarovsk Krai","Oct 11, 1996","5'7""",155 lbs,American Top Team
/fighter/Armen-Petrosyan-302783,Armen Petrosyan,Superman,Armenia,Yerevan,"Nov 3, 1990","6'2""",186 lbs,Academy MMA
/fighter/Arnold-Allen-97499,Arnold Allen,Almighty,England,"Felixstowe, Suffolk","Jan 22, 1994","5'9""",145 lbs,Tristar Gym
/fighter/Art-Jimmerson-20,Art Jimmerson,,United States,"St. Louis, Missouri",,"6'1""",196 lbs,
/fighter/Artem-Lobov-73700,Artem Lobov,The Russian Hammer,Ireland,Dublin,"Aug 11, 1986","5'9""",146 lbs,SBG Ireland
/fighter/Artur-Minev-424904,Artur Minev,Headhunter,Ukraine,"Odessa, Odessa Oblast","Sep 27, 2003","5'9""",165 lbs,Syndicate MMA
/fighter/Asbel-Cancio-57,Asbel Cancio,,United States,"Miami, Florida",,"5'10""",225 lbs,
/fighter/Ashkan-Mokhtarian-144015,Ashkan Mokhtarian,The Assassin,Australia,"Sydney, New South Wales","Sep 18, 1985","5'6""",125 lbs,Australian Top Team
/fighter/Ashlee-EvansSmith-75021,Ashlee Evans-Smith,Rebel Girl,United States,"Lake Forest, California","Jul 9, 1987","5'8""",135 lbs,Reign MMA
/fighter/Ashley-Yoder-39298,Ashley Yoder,Spider Monkey,United States,"Temecula, California","Oct 20, 1987","5'7""",116 lbs,Team Quest
/fighter/Askar-Askarov-149255,Askar Askarov,Bullet,Russia,"Khasavyurt, Dagestan","Oct 9, 1992","5'5""",131 lbs,Fighting Eagle
/fighter/Askar-Mozharov-191565,Askar Mozharov,Black Jaguar,Ukraine,"Chornomorsk, Odessa","Oct 26, 1994","6'3""",205 lbs,AKA Thailand
/fighter/Aspen-Ladd-141393,Aspen Ladd,,United States,"Folsom, California","Mar 1, 1995","5'6""",145 lbs,MMA Gold Fight Team
/fighter/Assuerio-Silva-1587,Assuerio Silva,,Brazil,"Curitiba, Parana","Jun 18, 1974","6'1""",235 lbs,
/fighter/Asu-Almabayev-219183,Asu Almabayev,Zulfikhar,Kazakhstan,Almaty,"Jan 25, 1994","5'4""",125 lbs,DAR Pro Team
/fighter/Ateba-Abega-Gautier-386979,Ateba Abega Gautier,The Silent Assassin,Cameroon,Doula,"Apr 10, 2002","6'4""",185 lbs,Manchester Top Team
/fighter/Augusto-Mendes-160663,Augusto Mendes,Tanquinho,Brazil,"Rio de Janeiro, Rio de Janeiro","Mar 3, 1983","5'6""",135 lbs,Soul Fighters BJJ
/fighter/Augusto-Montano-41494,Augusto Montano,Dodger,Mexico,Mexico City,"Oct 25, 1984","6'1""",170 lbs,Bonebreakers MMA
/fighter/Augusto-Sakai-87303,Augusto Sakai,,Brazil,"Curitiba, Parana","May 19, 1991","6'4""",266 lbs,American Top Team
/fighter/Austen-Lane-249439,Austen Lane,,United States,"Jacksonville, Florida","Nov 9, 1987","6'6""",245 lbs,Bulldog Boxing
/fighter/Austin-Arnett-57016,Austin Arnett,The Golden Boy,United States,"Clarkston, Washington","Oct 22, 1991","6'0""",156 lbs,Sikjitsu
/fighter/Austin-Bashi-362871,Austin Bashi,,United States,"West Bloomfield Township, Michigan","Sep 29, 2001","5'6""",145 lbs,Warrior Way Martial Arts
/fighter/Austin-Hubbard-191483,Austin Hubbard,Thud,United States,"Denver, Colorado","Dec 22, 1991","5'10""",156 lbs,Valle Flow Striking
/fighter/Austin-Lingo-236341,Austin Lingo,Lights Out,United States,"Mesquite, Texas","Jul 10, 1994","5'10""",145 lbs,Fortis MMA
/fighter/Austin-Springer-41861,Austin Springer,,United States,"Vancouver, Washington","May 12, 1987","5'8""",151 lbs,Vancouver Elite Martial Arts
/fighter/Austin-Vanderford-206919,Austin Vanderford,The Gentleman,United States,"Portland, Oregon","Mar 21, 1990","5'11""",170 lbs,Gracie Barra Portland
/fighter/Axel-Sola-269167,Axel Sola,,France,,"Sep 17, 1997","5'11""",155 lbs,Boxing Squad
/fighter/Azamat-Bekoev-231875,Azamat Bekoev,King Pin,Russia,"Vladikavkaz, North Ossetia-Alania","Dec 30, 1995","5'11""",185 lbs,American Top Team
/fighter/Azamat-Gashimov-71175,Azamat Gashimov,Tough Guy,Russia,Dagestan,"Apr 7, 1990","5'9""",135 lbs,Jackson-Wink MMA
/fighter/Azamat-Murzakanov-60203,Azamat Murzakanov,The Professional,Russia,Nalchik,"Apr 12, 1989","5'11""",205 lbs,K Dojo Warrior Tribe
/fighter/Azat-Maksum-257699,Azat Maksum,Kazakh,Kazakhstan,Kaskelen,"May 7, 1995","5'8""",125 lbs,Octagon Fight Team
/fighter/Aziz-Khaydarov-161787,Aziz Khaydarov,,Tajikistan,,"Sep 25, 1993","5'11""",155 lbs,Fight Club Akhmat
/fighter/Azunna-Anyanwu-68352,Azunna Anyanwu,Zu the 8th Wonder,United States,"Philadelphia, Pennsylvania","Aug 5, 1981","6'1""",251 lbs,Renzo Gracie Philly
/fighter/BJ-Penn-1307,B.J. Penn,The Prodigy,United States,"Hilo, Hawaii","Dec 13, 1978","5'9""",145 lbs,BJ Penn's MMA
/fighter/Bahatebole-Batebolati-382344,Bahatebole Batebolati,Lion King,China,Beijing,"Sep 12, 1997","5'11""",171 lbs,China Top Team
/fighter/Baisangur-Susurkaev-380001,Baisangur Susurkaev,Hunter,Russia,"Grozny, Chechnya","Jan 8, 2001","6'2""",185 lbs,Kill Cliff FC
/fighter/Barb-Honchak-41484,Barb Honchak,Little Warrior,United States,"St. Louis, Missouri","Aug 30, 1979","5'4""",124 lbs,Miletich Fighting Systems
/fighter/Bart-Palaszewski-3496,Bart Palaszewski,Bartimus,United States,"Crystal Lake, Illinois","May 30, 1983","5'9""",145 lbs,Team Curran
/fighter/Bartosz-Fabinski-87101,Bartosz Fabinski,The Butcher,Poland,Warsaw,"Apr 26, 1986","6'0""",185 lbs,WCA Fight Team
/fighter/Bas-Rutten-214,Bas Rutten,El Guapo,Netherlands,Eindhoven,"Feb 24, 1965","6'1""",205 lbs,
/fighter/Bassil-Hafez-116663,Bassil Hafez,The Habibi,United States,"Philadelphia, Pennsylvania","Jan 31, 1992","5'11""",170 lbs,Elevation Fight Team
/fighter/Batgerel-Danaa-85013,Batgerel Danaa,Storm,Mongolia,"Erdenetsagaan, Sukhbaatar","Jul 4, 1989","5'8""",135 lbs,Fight Ready
/fighter/Bea-Malecki-271931,Bea Malecki,Bad News Barbie,Sweden,Stockholm,"Aug 23, 1991","5'11""",135 lbs,Fortis MMA
/fighter/Beatriz-Mesquita-451242,Beatriz Mesquita,Bia,Brazil,"Rio de Janeiro, Rio de Janeiro","Apr 7, 1991","5'2""",135 lbs,American Top Team
/fighter/Bec-Rawlings-84964,Bec Rawlings,Rowdy,Australia,"Brisbane, Queensland","Feb 11, 1989","5'6""",116 lbs,Alliance MMA
/fighter/Bekzat-Almakhan-294895,Bekzat Almakhan,The Turan Warrior,Kazakhstan,Almaty,"Oct 8, 1997","5'7""",135 lbs,Triumph Fights
/fighter/Belal-Muhammad-108315,Belal Muhammad,Remember the Name,United States,"Chicago, Illinois","Jul 9, 1988","5'11""",170 lbs,Valle Flow Striking
/fighter/Ben-Alloway-60790,Ben Alloway,Benny Blanco,Australia,"Gold Coast, Queensland","Feb 19, 1981","5'10""",170 lbs,BBA Mixed Martial Arts
/fighter/Ben-Askren-42390,Ben Askren,Funky,United States,"Phoenix, Arizona","Jul 18, 1984","5'10""",170 lbs,Roufusport
/fighter/Ben-Earwood-266,Ben Earwood,,United States,"Bettendorf, Iowa",,"5'8""",170 lbs,Miletich Martial Arts
/fighter/Ben-Johnston-226767,Ben Johnston,,Australia,"Brisbane, Queensland","Oct 11, 1990","6'4""",185 lbs,The Fight Centre
/fighter/Ben-Nguyen-8183,Ben Nguyen,10,United States,"Sioux Falls, South Dakota","Aug 3, 1988","5'5""",125 lbs,Integrated MMA
/fighter/Ben-Rothwell-2262,Ben Rothwell,,United States,"Kenosha, Wisconsin","Oct 17, 1981","6'4""",265 lbs,Rothwell MMA
/fighter/Ben-Saunders-10339,Ben Saunders,Killa B,United States,"Orlando, Florida","Apr 13, 1983","6'3""",170 lbs,American Top Team Orlando
/fighter/Ben-Sosoli-125617,Ben Sosoli,Combat Wombat,Australia,"Melbourne, Victoria","Dec 10, 1989","6'0""",264 lbs,Resilience Training Centre
/fighter/Ben-Wall-78164,Ben Wall,Manimal,Australia,"Brisbane, Queensland","Mar 25, 1989","5'10""",154 lbs,Alliance MMA
/fighter/Beneil-Dariush-56583,Beneil Dariush,,United States,"Yorba Linda, California","May 6, 1989","5'10""",155 lbs,Kings MMA
/fighter/Benito-Lopez-122711,Benito Lopez,Golden Boy,United States,"Oroville, California","Apr 6, 1994","5'10""",139 lbs,Team Alpha Male
/fighter/Benji-Radach-2294,Benji Radach,The Razor,United States,"Castlerock, Washington","Apr 5, 1979","5'10""",185 lbs,Reign MMA
/fighter/Benoit-St-Denis-317103,Benoit St. Denis,God of War,France,"Bayonne, Nouvelle-Aquitaine","Dec 18, 1995","5'11""",155 lbs,CYFIT
/fighter/Benson-Henderson-20548,Benson Henderson,Smooth,United States,"Glendale, Arizona","Nov 16, 1983","5'9""",155 lbs,MMA Lab
/fighter/Bentley-Syler-123973,Bentley Syler,Dr. Bolivia,Bolivia,Santa Cruz,"Dec 22, 1982","5'4""",125 lbs,American Top Team
/fighter/Bernardo-Magalhaes-26495,Bernardo Magalhaes,Trekko,Brazil,Rio de Janeiro,"Aug 4, 1981","5'9""",155 lbs,TP Fight Team
/fighter/Bernardo-Sopai-226661,Bernardo Sopai,The Lion King,Albania,Patos,"Sep 25, 2000","5'6""",135 lbs,Allstars Training Center
/fighter/Besam-Yousef-32445,Besam Yousef,,Sweden,Gothenburg,"Mar 25, 1985","5'11""",170 lbs,Gladius MMA
/fighter/Bethe-Correia-103069,Bethe Correia,Pitbull,Brazil,"Campina Grande, Paraiba","Jun 22, 1983","5'4""",135 lbs,CM System
/fighter/Bevon-Lewis-211153,Bevon Lewis,The Extraordinary Gentleman,United States,"Lawrenceville, Georgia","May 5, 1991","6'3""",237 lbs,Jackson-Wink MMA
/fighter/Bharat-Khandare-86855,Bharat Khandare,Daring,India,"Bhagur, Maharashtra","Jun 20, 1989","5'7""",145 lbs,Superhuman Gym
/fighter/Bilal-Hasan-400714,Bilal Hasan,The IndoNinja,United States,"Everett, Washington","Jul 16, 2001","5'7""",125 lbs,Charlie's Combat Club
/fighter/Bill-Algeo-77441,Bill Algeo,Senor Perfecto,United States,"Boothwyn, Pennsylvania","Jun 9, 1989","5'11""",146 lbs,Team Titan PA
/fighter/Bill-Mahood-4388,Bill Mahood,The Butcher,Canada,"Prince George, British Columbia","Feb 1, 1967","6'3""",205 lbs,Revolution Fight Team
/fighter/Billy-Elekana-250351,Billy Elekana,,United States,"Apple Valley, California","May 28, 1995","6'2""",205 lbs,Uprising MMA
/fighter/Billy-Goff-282365,Billy Goff,,United States,"Groton, Connecticut","Jun 18, 1998","5'10""",171 lbs,Dexter MMA
/fighter/Billy-Miles-8845,Billy Miles,,United States,"Lincoln, California","Apr 28, 1978","5'10""",185 lbs,Capital City Fighting Alliance
/fighter/Billy-Pasulatan-283189,Billy Pasulatan,Bruce Lee,Indonesia,Bali,"Aug 7, 1991","5'5""",125 lbs,Surya Gym Fight Club
/fighter/Billy-Quarantillo-68076,Billy Quarantillo,,United States,"Tampa, Florida","Dec 8, 1988","5'10""",156 lbs,Gracie Tampa South
/fighter/Bin-Xie-231979,Bin Xie,The Stalker,China,Tianjin,"Feb 28, 1998","5'11""",145 lbs,Tianjin Top Team
/fighter/Blagoy-Ivanov-50154,Blagoy Ivanov,Baga,Bulgaria,Sofia,"Oct 9, 1986","5'11""",258 lbs,SK Absolute Bulgaria
/fighter/Blake-Bilder-179949,Blake Bilder,El Animal,United States,"St. Paul, Minnesota","Jul 12, 1990","5'8""",145 lbs,Spartan Martial Arts
/fighter/Bo-Hyun-Park-297873,Bo Hyun Park,The Rush,South Korea,Seoul,"May 14, 1999","5'3""",114 lbs,MOB Training Center
/fighter/Bo-Meng-216987,Bo Meng,,China,"Xi'an, Shaanxi","Apr 21, 1996","5'4""",116 lbs,Tiger Muay Thai
/fighter/Bo-Nickal-392031,Bo Nickal,,United States,"State College, Pennsylvania","Jan 14, 1996","6'1""",185 lbs,American Top Team Happy Valley
/fighter/Bob-Cook-244,Bob Cook,Crazy Bob,United States,"Fresno, California",,"5'9""",170 lbs,American Kickboxing Academy
/fighter/Bob-Gilstrap-197,Bob Gilstrap,,United States,"Seattle, Washington","Jul 16, 1974","6'3""",210 lbs,
/fighter/Bobby-Hoffman-265,Bobby Hoffman,The Truth,United States,"Bettendorf, Iowa","Oct 28, 1966","6'2""",245 lbs,Universal Grappling Academy
/fighter/Bobby-Moffett-159019,Bobby Moffett,The Wolfman,United States,"Homewood, Illinois","Jun 1, 1990","5'10""",145 lbs,MMA Lab
/fighter/Bobby-Nash-75423,Bobby Nash,Nashty,United States,"East Lansing, Michigan","Mar 26, 1990","6'0""",170 lbs,Fit NHB
/fighter/Bobby-Southworth-551,Bobby Southworth,,United States,"Santa Cruz, California","Dec 16, 1969","6'1""",228 lbs,American Kickboxing Academy
/fighter/Bobby-Voelker-15156,Bobby Voelker,Vicious,United States,"Kansas City, Kansas","Apr 26, 1979","6'0""",170 lbs,Glory MMA & Fitness
/fighter/Bogdan-Grad-156707,Bogdan Grad,The Unleashed,Austria,Graz,"Sep 18, 1995","5'8""",145 lbs,ETTL Bros. MMA
/fighter/Bogdan-Guskov-229253,Bogdan Guskov,Hitman,Uzbekistan,Dukent,"Sep 12, 1992","6'2""",205 lbs,GOR MMA
/fighter/Bojan-Mihajlovic-12400,Bojan Mihajlovic,,Serbia,Novi Sad,"Mar 30, 1980","5'11""",205 lbs,Family Fight Team
/fighter/Bojan-Velickovic-76620,Bojan Velickovic,Serbian Steel,Serbia,Novi Sad,"Dec 18, 1988","6'0""",170 lbs,Elevation Fight Team
/fighter/Bolaji-Oki-276669,Bolaji Oki,The Zulu Warrior,Belgium,Brussels,"Nov 15, 1995","5'10""",155 lbs,Da Vinci Fighting
/fighter/Borislav-Nikolic-229283,Borislav Nikolic,,Serbia,Belgrade,"Jan 29, 1993","5'9""",136 lbs,Secutor
/fighter/Boston-Salmon-131463,Boston Salmon,Boom Boom,United States,"Waianae, Hawaii","Nov 20, 1990","5'9""",145 lbs,PHD Athletics
/fighter/Brad-Blackburn-2920,Brad Blackburn,Bad,United States,"Seattle, Washington","May 25, 1977","5'10""",169 lbs,Victory Athletics
/fighter/Brad-Gumm-240,Brad Gumm,,United States,"Littleton, Colorado",,"5'11""",170 lbs,Gumm Mixed Martial Arts
/fighter/Brad-Imes-11453,Brad Imes,The Hillbilly Heartthrob,United States,"Sacramento, California","May 6, 1978","6'7""",260 lbs,Sacramento BJJ
/fighter/Brad-Katona-66518,Brad Katona,Superman,Canada,"Winnipeg, Manitoba","Dec 19, 1991","5'6""",135 lbs,SBG Ireland
/fighter/Brad-Kohler-181,Brad Kohler,,United States,"Bloomington, Minnesota","May 26, 1964","5'9""",220 lbs,
/fighter/Brad-Morris-9024,Brad Morris,,Australia,"Sydney, New South Wales","Nov 1, 1979","6'1""",253 lbs,Gracie Barra Sydney
/fighter/Brad-Pickett-11743,Brad Pickett,One Punch,England,London,"Sep 24, 1978","5'6""",125 lbs,American Top Team
/fighter/Brad-Riddell-252693,Brad Riddell,Quake,New Zealand,Auckland,"Sep 30, 1991","5'8""",156 lbs,City Kickboxing
/fighter/Brad-Tavares-33095,Brad Tavares,,United States,"Kailua, Hawaii","Dec 21, 1987","5'11""",185 lbs,Xtreme Couture
/fighter/Bradley-Scott-44442,Bradley Scott,Bear,England,"Melksham, Wiltshire","Jun 22, 1989","6'1""",170 lbs,Dragons Lair MMA
/fighter/Brady-Hiestand-249533,Brady Hiestand,Bam Bam,United States,"Spokane, Washington","Apr 30, 1999","5'8""",135 lbs,Sikjitsu
/fighter/Branden-Lee-Hinkle-437,Branden Lee Hinkle,The Iron Lion,United States,"Jefferson, Ohio","Jul 29, 1973","6'2""",230 lbs,Hammer House
/fighter/Brando-Pericic-306625,Brando Pericic,The Balkan Bear,Australia,"Adelaide, South Australia","Aug 3, 1994","6'5""",265 lbs,City Kickboxing
/fighter/Brandon-Davis-67782,Brandon Davis,Killer B,United States,"Starkville, Mississippi","May 8, 1990","5'10""",135 lbs,Alan Belcher MMA Club
/fighter/Brandon-Jenkins-177205,Brandon Jenkins,The Human Highlight Reel,United States,"Prior Lake, Minnesota","Sep 30, 1991","6'0""",164 lbs,Syndicate MMA
/fighter/Brandon-Melendez-10515,Brandon Melendez,The Murderer,United States,"Bountiful, Utah","Mar 24, 1983","5'10""",170 lbs,Elite Performance
/fighter/Brandon-Moreno-80173,Brandon Moreno,The Assassin Baby,Mexico,"Tijuana, Baja California","Dec 7, 1993","5'7""",126 lbs,Fortis MMA
/fighter/Brandon-Royval-83851,Brandon Royval,Raw Dawg,United States,"Englewood, Colorado","Aug 16, 1992","5'7""",125 lbs,Factory X
/fighter/Brandon-Thatch-22298,Brandon Thatch,Rukus,United States,"Denver, Colorado","Jul 11, 1985","6'2""",170 lbs,Elevation Fight Team
/fighter/Brandon-Vera-4886,Brandon Vera,The Truth,United States,"San Diego, California","Oct 10, 1977","6'2""",246 lbs,Alliance MMA
/fighter/Brandon-Wolff-4673,Brandon Wolff,,United States,"Kailua, Hawaii","Oct 18, 1975","5'10""",168 lbs,MMA Development
/fighter/Braxton-Smith-159321,Braxton Smith,The Beautiful Monster,United States,"Austin, Texas","Jan 1, 1990","5'11""",262 lbs,Black Sheep Boxing
/fighter/Brendan-Allen-201703,Brendan Allen,All In,United States,"Milwaukee, Wisconsin","Dec 28, 1995","6'2""",185 lbs,Kill Cliff FC
/fighter/Brendan-Loughnane-44417,Brendan Loughnane,,England,"Manchester, Greater Manchester","Dec 5, 1989","5'10""",146 lbs,All Powers Gym
/fighter/Brendan-OReilly-52633,Brendan O'Reilly,The Badger,Australia,"Brisbane, Queensland","Jun 24, 1987","5'8""",170 lbs,Gamebred Submission Fighting
/fighter/Brendan-Schaub-33926,Brendan Schaub,Big Brown,United States,"Aurora, Colorado","Mar 18, 1983","6'4""",238 lbs,Reign MMA
/fighter/Brendon-Marotte-221671,Brendon Marotte,The Kid,United States,"Hampstead, New Hampshire","Jan 13, 1997","5'7""",145 lbs,New England Cartel
/fighter/Brendson-Ribeiro-210539,Brendson Ribeiro,The Gorilla,Brazil,"Vila Mau, Para","Aug 9, 1996","6'3""",205 lbs,Brazilian TKO
/fighter/Brett-Johns-92891,Brett Johns,The Pikey,Wales,Swansea,"Feb 21, 1992","5'7""",145 lbs,Chris Rees Academy
/fighter/Brian-Bowles-18944,Brian Bowles,,United States,"Athens, Georgia","Jun 22, 1980","5'7""",135 lbs,Hardcore Gym
/fighter/Brian-Camozzi-101093,Brian Camozzi,The Mantis,United States,"Parker, Colorado","Jun 24, 1991","6'2""",170 lbs,Factory X
/fighter/Brian-Cobb-5739,Brian Cobb,The Bandit,United States,"Bakersfield, California","Sep 3, 1980","5'11""",155 lbs,Team Pain and Suffering
/fighter/Brian-Ebersole-3015,Brian Ebersole,Bad Boy,United States,"Bradley, Illinois","Nov 27, 1980","6'0""",170 lbs,Tiger Muay Thai
/fighter/Brian-Foster-17723,Brian Foster,,United States,"Sallisaw, Oklahoma","Apr 4, 1984","5'10""",155 lbs,Factory X
/fighter/Brian-Gassaway-886,Brian Gassaway,Mandingo,United States,"Chicago, Illinois","Aug 7, 1972","6'0""",171 lbs,
/fighter/Brian-Geraghty-5269,Brian Geraghty,,United States,"Pleasant Prairie, Wisconsin","Nov 4, 1980","5'7""",155 lbs,Freestyle Academy
/fighter/Brian-Houston-59769,Brian Houston,B-Hue,United States,"Omaha, Nebraska","Apr 26, 1987","6'1""",185 lbs,Disorderly Conduct
/fighter/Brian-Johnston-137,Brian Johnston,Fury,United States,"San Jose, California","Jul 28, 1968","6'4""",222 lbs,American Kickboxing Academy
/fighter/Brian-Kelleher-53666,Brian Kelleher,Boom,United States,"Selden, New York","Aug 19, 1986","5'6""",135 lbs,Maxum BJJ
/fighter/Brian-Melancon-43621,Brian Melancon,,United States,"Houston, Texas","May 28, 1982","5'8""",170 lbs,Paradigm Training Center
/fighter/Brian-Ortega-65310,Brian Ortega,T-City,United States,"Torrance, California","Feb 21, 1991","5'9""",153 lbs,Black House
/fighter/Brian-Stann-14829,Brian Stann,All-American,United States,"Jacksonville, North Carolina","Sep 24, 1980","6'1""",185 lbs,Jackson-Wink MMA
/fighter/Brianna-Fortino-98559,Brianna Fortino,Tha Bull,United States,"Gilroy, California","Aug 4, 1993","4'11""",115 lbs,American Kickboxing Academy
/fighter/Bristol-Marunde-12961,Bristol Marunde,,United States,"Las Vegas, Nevada","Apr 20, 1982","6'1""",171 lbs,Syndicate MMA
/fighter/Brock-Jardine-36630,Brock Jardine,The Machine,United States,"Orem, Utah","Jul 10, 1985","5'11""",170 lbs,The Pit Elevated Fight Team
/fighter/Brock-Larson-6373,Brock Larson,,United States,"Brainerd, Minnesota","Aug 23, 1977","5'11""",170 lbs,Get Sum Athletic Compound
/fighter/Brock-Lesnar-17522,Brock Lesnar,,United States,"Webster, South Dakota","Jul 12, 1977","6'3""",265 lbs,Team Death Clutch
/fighter/Brodie-Farber-6123,Brodie Farber,,United States,"Grass Valley, California","Jul 5, 1980","6'1""",205 lbs,Tiger Muay Thai
/fighter/Brogan-Walker-176193,Brogan Walker,The Bear,Guam,Hagatna,"Aug 2, 1989","5'4""",126 lbs,Elite Muay Thai
/fighter/Brok-Weaver-53819,Brok Weaver,Chata Tuska,United States,"McIntosh, Alabama","Dec 5, 1991","6'0""",170 lbs,American Top Team
/fighter/Bruna-Brasil-182855,Bruna Brasil,The Special One,Brazil,"Paranavai, Parana","Sep 7, 1993","5'6""",116 lbs,Insanis MMA 013
/fighter/Brunno-Ferreira-322603,Brunno Ferreira,The Hulk,Brazil,"Curitiba, Parana","Nov 4, 1992","5'10""",185 lbs,Brazilian TKO
/fighter/Bruno-Lopes-144007,Bruno Lopes,Brunao,Brazil,"Cotia, Sao Paulo","Apr 24, 1993","6'2""",205 lbs,China Team
/fighter/Bruno-Mesquita-57480,Bruno Mesquita,Korea,Brazil,"Brasilia, Federal District","Jun 28, 1991","5'7""",125 lbs,Tata Fight Team
/fighter/Bruno-Santos-48052,Bruno Santos,Carioca,Brazil,"Macae, Rio de Janeiro","Jul 17, 1987","5'8""",185 lbs,MMA Masters
/fighter/Bruno-Silva-118601,Bruno Silva,Bulldog,Brazil,"Piracicaba, Sao Paulo","Mar 16, 1990","5'4""",125 lbs,American Top Team
/fighter/Bruno-Silva-66304,Bruno Silva,Blindado,Brazil,"Cajazeiras, Paraiba","Jul 13, 1989","6'0""",187 lbs,Brazilian TKO
/fighter/Bruno-Souza-231115,Bruno Souza,Tiger,Brazil,"Belem, Para","Mar 7, 1996","5'10""",146 lbs,Cobra Team
/fighter/Bryan-Barberena-51471,Bryan Barberena,Bam Bam,United States,"Minneapolis, Minnesota","May 3, 1989","6'0""",185 lbs,Gym-O
/fighter/Bryan-Battle-249825,Bryan Battle,The Butcher,United States,"Charlotte, North Carolina","Sep 21, 1994","6'2""",185 lbs,Hayastan MMA Charlotte
/fighter/Bryan-Caraway-13791,Bryan Caraway,Kid Lightning,United States,"Seattle, Washington","Aug 4, 1984","5'9""",135 lbs,Xtreme Couture
/fighter/Bryce-Mitchell-151837,Bryce Mitchell,Thug Nasty,United States,"Sherwood, Arkansas","Oct 4, 1994","5'9""",135 lbs,Barata MMA
/fighter/Bubba-Bush-29111,Bubba Bush,The Fightin' Texas Aggie,United States,"College Station, Texas","Jul 24, 1985","6'0""",185 lbs,Brazos Valley MMA
/fighter/Bubba-McDaniel-14600,Bubba McDaniel,The Menace,United States,"Wichita Falls, Texas","May 3, 1983","6'3""",204 lbs,
/fighter/Buddy-Roberts-23811,Buddy Roberts,,United States,"Albuquerque, New Mexico","Oct 17, 1982","6'2""",185 lbs,Jackson-Wink MMA
/fighter/Byron-Bloodworth-17355,Byron Bloodworth,,United States,"Atlanta, Georgia","Aug 16, 1983","5'9""",135 lbs,Iron Clutch Fitness
/fighter/CB-Dollaway-22350,C.B. Dollaway,The Doberman,United States,"Tempe, Arizona","Aug 10, 1983","6'2""",185 lbs,Power MMA Team
/fighter/CJ-Fernandes-261,CJ Fernandes,,United States,"Granite City, Illinois","Nov 13, 1977","6'0""",170 lbs,Finney's HIT Squad
/fighter/CJ-Keith-70452,C.J. Keith,,United States,"Porterville, California","Aug 9, 1986","6'0""",155 lbs,Pro Buhawe
/fighter/CJ-Vergara-72117,C.J. Vergara,,United States,"San Antonio, Texas","Jun 18, 1991","5'6""",125 lbs,Pete Spratt American Muay Thai
/fighter/Cain-Carrizosa-84645,Cain Carrizosa,The Insane,United States,"Woodlake, California","Jul 22, 1986","5'8""",155 lbs,Elite Team
/fighter/Cain-Velasquez-19102,Cain Velasquez,,United States,"Salinas, California","Jul 28, 1982","6'1""",241 lbs,American Kickboxing Academy
/fighter/Caio-Borralho-188043,Caio Borralho,The Natural,Brazil,"Sao Luis, Maranhao","Jan 16, 1993","6'2""",185 lbs,The Fighting Nerds
/fighter/Caio-Machado-247161,Caio Machado,Bigfoot,Brazil,"Presidente Prudente, Sao Paulo","Jul 20, 1994","6'4""",205 lbs,Franco Kickboxing and Pankration
/fighter/Caio-Magalhaes-51163,Caio Magalhaes,Hellboy,Brazil,"Fortaleza, Ceara","Dec 14, 1987","6'1""",185 lbs,Teixeira MMA & Fitness
/fighter/Cal-Worsham-113,Cal Worsham,,United States,"Folsom, California","Jun 11, 1963","5'10""",230 lbs,Worsham Team X
/fighter/Cale-Yarbrough-34073,Cale Yarbrough,,United States,"Atlanta, Georgia","Dec 27, 1986","6'2""",203 lbs,Hardcore Gym
/fighter/Callan-Potter-105689,Callan Potter,The Rockstar,Australia,"Kensington, Victoria","Sep 6, 1984","6'1""",155 lbs,Renegade MMA
/fighter/Calvin-Kattar-23782,Calvin Kattar,The Boston Finisher,United States,"Methuen, Massachusetts","Mar 26, 1988","5'11""",145 lbs,Carlos Neto BJJ
/fighter/Cameron-Dollar-25531,Cameron Dollar,The Money Man,United States,"Colorado Springs, Colorado","May 12, 1987","5'11""",145 lbs,Colorado Fight Factory
/fighter/Cameron-Else-66351,Cameron Else,Camchida,England,"Margate, Kent","Apr 27, 1991","5'8""",136 lbs,Jackson-Wink MMA
/fighter/Cameron-Nelson-404085,Cameron Nelson,,Canada,"North Rustico, Prince Edward Island","Jul 28, 1998","5'11""",170 lbs,Renzo Gracie PEI
/fighter/Cameron-Rowston-239381,Cameron Rowston,Battle Giraffe,Australia,"Sydney, New South Wales","Jan 19, 1995","6'3""",185 lbs,City Kickboxing
/fighter/Cameron-Saaiman-317055,Cameron Saaiman,MSP,South Africa,Pretoria,"Dec 20, 2000","5'9""",135 lbs,Team CIT
/fighter/Cameron-Smotherman-339497,Cameron Smotherman,The Baby-Faced Killer,United States,"Houston, Texas","Sep 17, 1997","5'9""",136 lbs,Metro Fight Club
/fighter/Cameron-VanCamp-86203,Cameron VanCamp,Jumpman,United States,"Lebanon, Indiana","Apr 27, 1993","6'1""",155 lbs,Indy Boxing & Grappling
/fighter/Caol-Uno-283,Caol Uno,,Japan,"Yokosuka, Kanagawa","May 8, 1975","5'7""",145 lbs,Uno Dojo
/fighter/Caolan-Loughran-250567,Caolan Loughran,The Don,Ireland,Tyrone,"May 18, 1996","5'6""",145 lbs,Team Kaobon
/fighter/Carl-Deaton-57423,Carl Deaton,The Anishinaabe Kid,United States,"Minneapolis, Minnesota","Nov 24, 1989","5'6""",155 lbs,The Academy MN
/fighter/Carla-Esparza-63410,Carla Esparza,Cookie Monster,United States,"Redondo Beach, California","Oct 10, 1987","5'1""",115 lbs,Team Oyama
/fighter/Carli-Judice-381889,Carli Judice,Crispy,United States,"Lafayette, Louisiana","Mar 2, 1999","5'7""",126 lbs,Headkicks MMA
/fighter/Carlo-Pedersoli-Jr-168505,Carlo Pedersoli Jr.,Semento,United States,"Miami, Florida","Jun 8, 1993","5'11""",170 lbs,Aurora MMA
/fighter/Carlo-Prater-6767,Carlo Prater,Neo,Brazil,"Brasilia, Federal District","Jun 25, 1981","5'11""",170 lbs,Neo Dojo
/fighter/Carlos-Barreto-180,Carlos Barreto,Carlao,Brazil,Rio de Janeiro,"Jul 22, 1968","6'4""",230 lbs,
/fighter/Carlos-Candelario-97453,Carlos Candelario,The Cannon,United States,"New Britain, Connecticut","Jun 4, 1991","5'7""",129 lbs,Underdog Brazilian Jiu-Jitsu
/fighter/Carlos-Condit-6765,Carlos Condit,The Natural Born Killer,United States,"Albuquerque, New Mexico","Apr 26, 1984","6'1""",170 lbs,Jackson-Wink MMA
/fighter/Carlos-Eduardo-Rocha-35142,Carlos Eduardo Rocha,Ta Danado,Brazil,"Fortaleza, Ceara","Jul 12, 1981","5'10""",170 lbs,American Kickboxing Academy
/fighter/Carlos-Felipe-185021,Carlos Felipe,Boi,Brazil,"Feira de Santana, Bahia","Jan 12, 1995","6'0""",261 lbs,Life MMA
/fighter/Carlos-Hernandez-171603,Carlos Hernandez,,United States,"Chicago, Illinois","Oct 25, 1993","5'5""",125 lbs,Valle Flow Striking
/fighter/Carlos-Huachin-177353,Carlos Huachin,Perro Malo,Peru,Lima,"Apr 6, 1996","5'5""",125 lbs,El Templo
/fighter/Carlos-Leal-109073,Carlos Leal,The Lion,Brazil,"Curitiba, Parana","May 4, 1994","5'10""",170 lbs,Thai Brasil
/fighter/Carlos-Mota-182629,Carlos Mota,Tizil,Brazil,"Medicilandia, Para","Apr 15, 1995","5'6""",130 lbs,Pr1meira Fight
/fighter/Carlos-Newton-7,Carlos Newton,The Ronin,Canada,"Newmarket, Ontario","Aug 17, 1976","5'9""",174 lbs,Warrior MMA Fight Team
/fighter/Carlos-Prates-95593,Carlos Prates,The Nightmare,Brazil,"Taubate, Sao Paulo","Aug 17, 1993","6'1""",170 lbs,Vale Top Team
/fighter/Carlos-Ulberg-84291,Carlos Ulberg,Black Jag,New Zealand,Auckland,"Nov 17, 1990","6'4""",205 lbs,City Kickboxing
/fighter/Carlos-Vera-127691,Carlos Vera,Pequeno,Ecuador,"Manta, Manabi","Nov 5, 1987","5'6""",135 lbs,50-50 BJJ
/fighter/Carls-John-de-Tomas-198787,Carls John de Tomas,Golden Boy,Philippines,Quezon City,"Aug 28, 1996","5'5""",135 lbs,De Tomas MMA
/fighter/Carlston-Harris-85711,Carlston Harris,Mocambique,Guyana,Skeldon,"Jul 9, 1987","6'0""",171 lbs,Renovacao Fight Team
/fighter/Carlton-Minus-177995,Carlton Minus,Clutch,United States,"Anchorage, Alaska","Apr 26, 1993","5'10""",156 lbs,10th Planet Austin
/fighter/Carmelo-Marrero-12855,Carmelo Marrero,The Fury,United States,"Douglasville, Pennsylvania","Jan 26, 1981","6'2""",255 lbs,American Top Team
/fighter/Carol-Foro-432597,Carol Foro,Anabelle,Brazil,"Sao Paulo, Sao Paulo","Mar 21, 1997","5'2""",116 lbs,RPlay Thai
/fighter/Caros-Fodor-45430,Caros Fodor,The Future,United States,"Kirkland, Washington","Jan 7, 1984","5'9""",156 lbs,AMC Pankration
/fighter/Casey-Kenney-211031,Casey Kenney,,United States,"Tuscon, Arizona","Mar 20, 1991","5'7""",135 lbs,Rise Combat Sports
/fighter/Casey-ONeill-175007,Casey O'Neill,King,Scotland,Irvine,"Oct 7, 1997","5'6""",125 lbs,Bangtao Muay Thai & MMA
/fighter/Cat-Zingano-33932,Cat Zingano,Alpha,United States,"Broomfield, Colorado","Jul 1, 1982","5'6""",145 lbs,Zingano Brazilian Jiu-Jitsu
/fighter/Cathal-Pendred-64373,Cathal Pendred,The Punisher,Ireland,"Dublin, Leinster","Sep 2, 1987","6'1""",170 lbs,SBG Ireland
/fighter/Ce-Liu-426225,Ce Liu,The Oriental Dragon,China,"Fushun, Liaoning","Sep 4, 1996","6'4""",206 lbs,CFP
/fighter/Cesar-Almeida-217983,Cesar Almeida,Cesinha,Brazil,"Sao Paulo, Sao Paulo","Mar 28, 1988","6'1""",185 lbs,Lotus MMA
/fighter/Cesar-Arzamendia-87012,Cesar Arzamendia,Goku,Paraguay,"Asuncion, Capital District","Jan 31, 1991","5'11""",155 lbs,Paraguay Combat Team
/fighter/Cesar-Marcussi-203,Cesar Marcussi,,Brazil,"Cascavel, Parana",,,155 lbs,Ryan Gracie Team
/fighter/Cezar-Ferreira-22400,Cezar Ferreira,Mutante,Brazil,"Ibitinga, Sao Paulo","Feb 15, 1985","6'1""",216 lbs,MMA Masters
/fighter/Cezary-Oleksiejczuk-171801,Cezary Oleksiejczuk,,Poland,Barki,"Jan 6, 2000","6'3""",185 lbs,Akademia Sportow Walki Wilanow
/fighter/Chad-Anheliger-63370,Chad Anheliger,The Monster,Canada,"Consort, Alberta","Dec 1, 1986","5'6""",135 lbs,Champion's Creed MMA
/fighter/Chad-Griggs-15932,Chad Griggs,The Grave Digger,United States,"Tucson, Arizona","May 15, 1978","6'3""",205 lbs,Apex MMA
/fighter/Chad-Laprise-69681,Chad Laprise,The Disciple,Canada,"London, Ontario","Jul 23, 1986","5'10""",159 lbs,Adrenaline Training Center
/fighter/Chad-Mendes-38393,Chad Mendes,Money,United States,"Hanford, California","May 1, 1985","5'6""",145 lbs,Team Alpha Male
/fighter/Chad-Reiner-14016,Chad Reiner,The Grinder,United States,"Omaha, Nebraska","Jun 29, 1981","6'0""",170 lbs,Premier Combat Center
/fighter/Chael-Sonnen-4112,Chael Sonnen,,United States,"West Linn, Oregon","Apr 3, 1977","6'1""",205 lbs,Team Quest
/fighter/Chan-Sung-Jung-36155,Chan Sung Jung,The Korean Zombie,South Korea,"Gyeongju, North Gyeongsang","Mar 17, 1987","5'9""",145 lbs,Fight Ready
/fighter/Chance-Rencountre-143911,Chance Rencountre,Black Eagle,United States,"Pawhuska, Oklahoma","Dec 31, 1986","6'2""",170 lbs,Alliance MMA
/fighter/Chang-Ho-Lee-258443,Chang Ho Lee,,South Korea,"Goyang, Gyeonggi","May 9, 1994","5'8""",136 lbs,Monster House
/fighter/Chang-Min-Yoon-321345,Chang Min Yoon,The Big Heart,South Korea,Busan,"May 10, 1994","5'8""",151 lbs,Havas MMA
/fighter/Chanmi-Jeon-128633,Chanmi Jeon,Ottogi Girl,South Korea,Seoul,"Aug 28, 1997","5'5""",125 lbs,Busan Team MAD
/fighter/Charalampos-Grigoriou-236255,Charalampos Grigoriou,Pampos,Cyprus,Paphos,"Mar 31, 1992","5'7""",135 lbs,Longo-Weidman MMA
/fighter/Charles-Byrd-51234,Charles Byrd,Kid Dynamite,United States,"Plano, Texas","Oct 11, 1983","5'10""",185 lbs,Fortis MMA
/fighter/Charles-Johnson-254715,Charles Johnson,InnerG,United States,"St. Louis, Missouri","Jan 10, 1991","5'9""",130 lbs,Murcielago MMA
/fighter/Charles-Jourdain-210843,Charles Jourdain,Air,Canada,"Beloeil, Quebec","Nov 27, 1995","5'9""",135 lbs,Academie Pro Star MMA
/fighter/Charles-McCarthy-7987,Charles McCarthy,Chainsaw,United States,"Miami, Florida","Aug 6, 1980","5'10""",185 lbs,American Top Team
/fighter/Charles-Oliveira-30300,Charles Oliveira,do Bronxs,Brazil,"Guaruja, Sao Paulo","Oct 17, 1989","5'10""",155 lbs,Chute Boxe Diego Lima
/fighter/Charles-Radtke-175669,Charles Radtke,Chuck Buffalo,United States,"Mundelein, Illinois","Jul 9, 1990","5'10""",170 lbs,Valle Flow Striking
/fighter/Charles-Rosa-71116,Charles Rosa,Boston Strong,United States,"Peabody, Massachusetts","Aug 24, 1986","5'10""",156 lbs,American Combat Gym
/fighter/Charlie-Brenneman-23403,Charlie Brenneman,The Spaniard,United States,"Hollidaysburg, Pennsylvania","Feb 9, 1981","5'10""",155 lbs,AMA Fight Club
/fighter/Charlie-Campbell-286213,Charlie Campbell,The Cannibal,United States,"East Rockaway, New York","Jun 3, 1995","6'0""",155 lbs,Longo-Weidman MMA
/fighter/Charlie-Ontiveros-83277,Charlie Ontiveros,The American Bad Boy,United States,"Cleveland, Texas","Jul 4, 1991","6'2""",155 lbs,W4R Training Center
/fighter/Charlie-Valencia-503,Charlie Valencia,,United States,"Los Angeles, California","Oct 31, 1974","5'3""",135 lbs,Millennia MMA
/fighter/Charlie-Ward-163615,Charlie Ward,Relentless,Ireland,Dublin,"Dec 17, 1980","5'11""",185 lbs,SBG Ireland
/fighter/Chas-Skelly-47227,Chas Skelly,The Scrapper,United States,"Keller, Texas","May 11, 1985","5'11""",145 lbs,Kill Cliff FC
/fighter/Chase-Gormley-22247,Chase Gormley,,United States,"Los Angeles, California","Aug 11, 1983","6'3""",264 lbs,Reign MMA
/fighter/Chase-Hooper-249301,Chase Hooper,The Dream,United States,"Enumclaw, Washington","Sep 13, 1999","6'1""",158 lbs,Combat Sport & Fitness
/fighter/Chase-Sherman-159319,Chase Sherman,The Vanilla Gorilla,United States,"D'Iberville, Mississippi","Nov 6, 1989","6'4""",264 lbs,Jackson-Wink MMA
/fighter/Che-Mills-8800,Che Mills,Beautiful,England,"Gloucester, Gloucestershire","Sep 29, 1982","6'2""",170 lbs,Trojan Free Fighters
/fighter/Cheick-Kongo-2193,Cheick Kongo,,France,Paris,"May 17, 1975","6'4""",242 lbs,Kongo Smashin' Club
/fighter/Chelsea-Chandler-273105,Chelsea Chandler,,United States,"Stockton, California","Jan 29, 1994","5'8""",135 lbs,Cesar Gracie Jiu-Jitsu
/fighter/Cheyanne-Vlismas-152049,Cheyanne Vlismas,The Warrior Princess,United States,"Clearwater, Florida","Jun 25, 1995","5'4""",116 lbs,Xtreme Couture
/fighter/Chico-Camus-42850,Chico Camus,King,United States,"Milwaukee, Wisconsin","Jan 26, 1985","5'6""",135 lbs,Roufusport
/fighter/Chidi-Njokuani-25761,Chidi Njokuani,Chidi Bang Bang,United States,"Las Vegas, Nevada","Dec 31, 1988","6'3""",171 lbs,One Kick's Gym
/fighter/Chris-Avila-155641,Chris Avila,,United States,"Lodi, California","Jan 16, 1993","5'10""",164 lbs,Cesar Gracie Fight Team
/fighter/Chris-Barnett-45664,Chris Barnett,Huggy Bear / Beastboy,United States,"Tampa, Florida","Jun 14, 1986","5'9""",261 lbs,XFC
/fighter/Chris-Brennan-64,Chris Brennan,The Westside Strangler,United States,"Mission Viejo, California","Oct 12, 1971","5'8""",155 lbs,Next Generation
/fighter/Chris-Camozzi-17224,Chris Camozzi,,United States,"Englewood, Colorado","Nov 20, 1986","6'3""",205 lbs,Factory X
/fighter/Chris-Cariaso-16467,Chris Cariaso,Kamikaze,United States,"San Francisco, California","May 27, 1981","5'3""",125 lbs,Fight and Fitness
/fighter/Chris-Clements-13469,Chris Clements,The Menace,Canada,"Chatam, Ontario","Feb 9, 1976","5'10""",170 lbs,Adrenaline Training Center
/fighter/Chris-Condo-287,Chris Condo,,United States,,,"6'0""",333 lbs,
/fighter/Chris-Cope-25784,Chris Cope,C-Murder,United States,"San Diego, California","Mar 5, 1983","6'0""",170 lbs,The Arena
/fighter/Chris-Curtis-48039,Chris Curtis,The Action Man,United States,"Cincinnati, Ohio","Jul 15, 1987","5'10""",170 lbs,Xtreme Couture
/fighter/Chris-Daukaus-103685,Chris Daukaus,,United States,"Philadelphia, Pennsylvania","Sep 25, 1989","6'2""",205 lbs,Team Balance
/fighter/Chris-Dempsey-79277,Chris Dempsey,,United States,"Johnstown, Pennsylvania","Sep 8, 1987","5'10""",185 lbs,Cold Steel MMA
/fighter/Chris-Duncan-74346,Chris Duncan,The Problem,Scotland,"Alloa, East Ayrshire","May 10, 1993","6'0""",155 lbs,American Top Team
/fighter/Chris-Fishgold-50861,Chris Fishgold,,England,"Liverpool, Merseyside","Jun 6, 1992","5'8""",149 lbs,Next Generation MMA Liverpool
/fighter/Chris-Gruetzemacher-36924,Chris Gruetzemacher,Gritz,United States,"Surprise, Arizona","Jun 16, 1986","5'8""",155 lbs,2 Knuckle Sports MMA Academy
/fighter/Chris-Gutierrez-59736,Chris Gutierrez,El Guapo,United States,"Greenville, Texas","Apr 22, 1991","5'8""",135 lbs,Factory X
/fighter/Chris-Haseman-1449,Chris Haseman,The Hammer,Australia,,"Jun 2, 1969","5'11""",198 lbs,Rings Australia
/fighter/Chris-Heatherly-101117,Chris Heatherly,Stump,United States,"Cahokia, Illinois","Nov 24, 1987","5'8""",180 lbs,Fit or Fight
/fighter/Chris-Hofmann-154077,Chris Hofmann,,Philippines,Manila,"Nov 18, 1989","6'0""",171 lbs,Deftac Philippines
/fighter/Chris-Holdsworth-51225,Chris Holdsworth,Holds It Down,United States,"Las Vegas, Nevada","Oct 24, 1987","5'11""",135 lbs,Team Alpha Male
/fighter/Chris-Indich-42419,Chris Indich,,Australia,"Perth, Western Australia","Apr 22, 1987","5'10""",170 lbs,The Arena MMA
/fighter/Chris-Kelades-51576,Chris Kelades,The Greek Assassin,Canada,"Cole Harbour, Nova Scotia","Feb 21, 1981","5'7""",125 lbs,Fit Plus
/fighter/Chris-Leben-6258,Chris Leben,The Crippler,United States,"Portland, Oregon","Jul 21, 1980","5'11""",185 lbs,Alliance MMA
/fighter/Chris-Liguori-4102,Chris Liguori,The Story,United States,"Toms River, New Jersey",,"5'10""",155 lbs,Ricardo Almeida Jiu-Jitsu
/fighter/Chris-Lytle-267,Chris Lytle,Lights Out,United States,"Indianapolis, Indiana","Aug 18, 1974","5'11""",170 lbs,Integrated Fighting Academy
/fighter/Chris-Padilla-124527,Chris Padilla,Taco,United States,"Gardena, California","Sep 14, 1995","5'9""",156 lbs,California Mixed Martial Arts
/fighter/Chris-Price-14121,Chris Price,Exorcist,United States,"Beach Grove, Indiana","Nov 9, 1982","6'2""",203 lbs,Team IBJJA
/fighter/Chris-Sanford-2656,Chris Sanford,,United States,"San Francisco, California","Mar 12, 1968","5'11""",185 lbs,Cesar Gracie Jiu-Jitsu
/fighter/Chris-Saunders-7358,Chris Saunders,The SoCal Kid,United States,"Buena Park, California","Mar 11, 1986","5'8""",155 lbs,All In MMA
/fighter/Chris-Spang-40205,Chris Spang,The Kiss,United States,"Las Vegas, Nevada","Nov 26, 1987","6'2""",171 lbs,J-Sect MMA
/fighter/Chris-Tickle-22955,Chris Tickle,Bad Boy,United States,"Bloomington, Illinois","Feb 1, 1982","5'9""",160 lbs,Adrenaline MMA
/fighter/Chris-Tuchscherer-10669,Chris Tuchscherer,The Crowbar,United States,"Fargo, North Dakota","Sep 8, 1975","6'2""",260 lbs,Academy of Combat Arts
/fighter/Chris-Wade-79335,Chris Wade,The Long Island Killer,United States,"Long Island, New York","Sep 30, 1987","5'9""",149 lbs,East Islip Kickboxing
/fighter/Chris-Weidman-42804,Chris Weidman,The All-American,United States,"Baldwin, New York","Jun 17, 1984","6'2""",195 lbs,Serra-Longo Fight Team
/fighter/Chris-Wilson-9281,Chris Wilson,The Professor,Brazil,"Ribeirao Preto, Sao Paulo","Jun 7, 1977","6'1""",155 lbs,CW Combat Sports
/fighter/Chris-de-la-Rocha-146377,Chris de la Rocha,,United States,"Washougal, Washington","May 15, 1979","6'3""",243 lbs,Forge Combat Academy
/fighter/Christian-Aguilera-90555,Christian Aguilera,The Beast,United States,"Brea, California","Nov 25, 1991","5'9""",170 lbs,Total MMA Studios
/fighter/Christian-Colombo-55092,Christian Colombo,Godzilla,Denmark,Copenhagen,"Jan 7, 1980","6'5""",258 lbs,Combat Sports Academy
/fighter/Christian-Edwards-270755,Christian Edwards,Pain,United States,"Albuquerque, New Mexico","Nov 5, 1998","6'5""",205 lbs,Jackson-Wink MMA
/fighter/Christian-Leroy-Duncan-209939,Christian Leroy Duncan,,England,"Gloucester, Gloucestershire","Jul 24, 1995","6'2""",185 lbs,Range Martial Arts Academy
/fighter/Christian-Morecraft-34376,Christian Morecraft,,United States,"Plymouth, Massachusetts","Sep 8, 1986","6'6""",261 lbs,Team Bombsquad
/fighter/Christian-Rodriguez-303043,Christian Rodriguez,CeeRod,United States,"Milwaukee, Wisconsin","Dec 17, 1997","5'7""",145 lbs,Roufusport
/fighter/Christian-Wellisch-3328,Christian Wellisch,The Hungarian Nightmare,Hungary,Budapest,"Sep 13, 1975","6'2""",234 lbs,American Kickboxing Academy
/fighter/Christina-Marks-49840,Christina Marks,,United States,"San Diego, California","Nov 9, 1985","5'7""",125 lbs,Fight Ugly
/fighter/Christophe-Leininger-40,Christophe Leininger,,United States,"Scottsdale, Arizona","Jul 16, 1962","6'0""",200 lbs,
/fighter/Christopher-Mario-Beal-53369,Christopher Mario Beal,The Real Deal,United States,"Ventura, California","Aug 6, 1985","5'7""",135 lbs,KnuckleHeadz Boxing
/fighter/Christos-Giagos-68130,Christos Giagos,The Spartan,United States,"Hawthorne, California","Jan 23, 1990","5'10""",155 lbs,Black House
/fighter/Chuck-Liddell-192,Chuck Liddell,The Iceman,United States,"San Luis Obispo, California","Dec 17, 1969","6'2""",205 lbs,The Pit
/fighter/Chuck-ONeil-15855,Chuck O'Neil,Cold Steel,United States,"Bourne, Massachusetts","Sep 22, 1985","6'2""",185 lbs,Mass BJJ
/fighter/Chungreng-Koren-362805,Chungreng Koren,The Indian Rhino,India,Manipur,"Feb 1, 1998","5'6""",135 lbs,Warrior's Cove Mixed Martial Arts
/fighter/Cindy-Dandois-42457,Cindy Dandois,Battlecat,Belgium,Deurne,"Oct 26, 1984","5'7""",135 lbs,Lynx MMA
/fighter/Ciryl-Gane-293973,Ciryl Gane,Bon Gamin,France,Paris,"May 6, 1990","6'5""",248 lbs,MMA Factory
/fighter/Claude-Patrick-4114,Claude Patrick,The Prince,Canada,"Mississauga, Ontario","Jun 14, 1980","5'10""",170 lbs,Elite Mixed Fighters
/fighter/Claudia-Gadelha-48404,Claudia Gadelha,Claudinha,Brazil,"Mossoro, Rio Grande do Norte","Dec 7, 1988","5'3""",115 lbs,Luttrell-Yee MMA
/fighter/Claudio-Puelles-105897,Claudio Puelles,Prince of Peru,Peru,Molina,"Apr 21, 1996","5'11""",156 lbs,Kill Cliff FC
/fighter/Claudio-Ribeiro-249103,Claudio Ribeiro,,Brazil,"Jundiai, Sao Paulo","Jul 17, 1992","5'10""",185 lbs,Revira Black Team
/fighter/Claudio-Silva-25830,Claudio Silva,Hannibal,Brazil,"Rondonopolis, Mato Grosso","Sep 6, 1982","5'11""",170 lbs,London Shootfighters
/fighter/Clay-Collard-78465,Clay Collard,Cassius,United States,"Payson, Utah","Mar 10, 1993","5'11""",155 lbs,Four7 Training Center
/fighter/Clay-Guida-8184,Clay Guida,The Carpenter,United States,"Round Lake, Illinois","Dec 8, 1981","5'7""",155 lbs,Team Alpha Male
/fighter/Clay-Harvison-21131,Clay Harvison,Heavy Metal,United States,"Marietta, Georgia","Sep 25, 1980","6'1""",160 lbs,Madhouse Training
/fighter/Clayton-Carpenter-208467,Clayton Carpenter,,United States,"Glendale, Arizona","Jun 4, 1996","5'5""",125 lbs,MMA Lab
/fighter/Clifford-Starks-56902,Clifford Starks,Big Cat,United States,"Tempe, Arizona","Apr 25, 1981","5'10""",185 lbs,Arizona Combat Sports
/fighter/Clint-Hester-43866,Clint Hester,Headbussa,United States,"Atlanta, Georgia","Nov 21, 1986","6'2""",205 lbs,X3 Sports
/fighter/Cody-Brundage-281913,Cody Brundage,,United States,"Brighton, Michigan","May 16, 1994","6'1""",185 lbs,Factory X
/fighter/Cody-Chovancek-288663,Cody Chovancek,The Best Fisherman in MMA,Canada,"St. Catharines, Ontario","Jul 24, 1998","5'8""",135 lbs,Niagara Top Team
/fighter/Cody-Donovan-22304,Cody Donovan,Donnybrook,United States,"Denver, Colorado","Feb 20, 1981","6'3""",205 lbs,Grudge Training Center
/fighter/Cody-Durden-222325,Cody Durden,Custom Made,United States,"Covington, Georgia","Mar 29, 1991","5'7""",125 lbs,American Top Team Atlanta
/fighter/Cody-East-33359,Cody East,The Freight Train,United States,"Los Lunas, New Mexico","Jun 29, 1988","6'3""",254 lbs,Jackson-Wink MMA
/fighter/Cody-Garbrandt-50381,Cody Garbrandt,No Love,United States,"Uhrichsville, Ohio","Jul 7, 1991","5'7""",135 lbs,Team Alpha Male
/fighter/Cody-Gibson-38903,Cody Gibson,The Renegade,United States,"Visalia, California","Sep 11, 1987","5'10""",135 lbs,Elite Team
/fighter/Cody-Haddon-286511,Cody Haddon,,Australia,"Perth, Western Australia","Sep 8, 1998","5'7""",135 lbs,Luistro Combat Academy
/fighter/Cody-McKenzie-22173,Cody McKenzie,The AK Kid,United States,"Cordova, Alaska","Dec 16, 1987","6'0""",170 lbs,Warrior Camp
/fighter/Cody-Pfister-48481,Cody Pfister,The Pfist,United States,"Amarillo, Texas","Jul 12, 1990","5'10""",145 lbs,Nick's Fight Club
/fighter/Cody-Stamann-61896,Cody Stamann,The Spartan,United States,"Wayne, Michigan","Nov 9, 1989","5'7""",135 lbs,Xtreme Couture
/fighter/Colby-Covington-57269,Colby Covington,Chaos,United States,"Springfield, Oregon","Feb 22, 1988","5'11""",170 lbs,MMA Masters
/fighter/Colby-Thicknesse-285257,Colby Thicknesse,Slickness,Australia,"Windang, New South Wales","Jun 23, 1999","5'9""",135 lbs,Freestyle Fighting Gym
/fighter/Cole-Escovedo-2291,Cole Escovedo,Apache Kid,United States,"Fresno, California","Aug 30, 1981","5'7""",135 lbs,Pacific Martial Arts
/fighter/Cole-Miller-13133,Cole  Miller,Magrinho,United States,"Augusta, Georgia","Apr 26, 1984","6'1""",145 lbs,American Top Team
/fighter/Cole-Smith-153345,Cole Smith,The Cole Train,Canada,"Vancouver, British Columbia","Apr 5, 1989","5'11""",135 lbs,Team Quest Thailand
/fighter/Cole-Williams-37661,Cole Williams,,United States,"Darien, Wisconsin","Dec 15, 1983","6'0""",170 lbs,Chosen Few
/fighter/Colin-Fletcher-34621,Colin Fletcher,Freakshow,England,"Sunderland, Tyne and Wear","Jan 8, 1983","6'2""",170 lbs,Unity Gym
/fighter/Colin-Robinson-13660,Colin Robinson,Big C,Northern Ireland,Ballymena,"Nov 27, 1968","6'4""",243 lbs,
/fighter/Collin-Anglin-280415,Collin Anglin,,United States,"South Lyon, Michigan","Feb 20, 1993","5'9""",145 lbs,Scorpion Fighting System
/fighter/Collin-Hart-47991,Collin Hart,,United States,"Santa Rosa, California","Oct 12, 1989","6'2""",185 lbs,Nor-Cal Fighting Alliance
/fighter/Colton-Smith-63163,Colton Smith,,United States,"Manassas, Virginia","Aug 14, 1987","6'0""",170 lbs,Vanguard
/fighter/Cong-Wang-413126,Cong Wang,The Joker,China,Shanghai,"May 15, 1992","5'7""",125 lbs,
/fighter/Connor-Matthews-84660,Connor Matthews,Bad News,United States,"Freetown, Massachusetts","May 31, 1992","5'8""",145 lbs,Lakeville MMA & Fitness
/fighter/Conor-McGregor-29688,Conor McGregor,Notorious,Ireland,Dublin,"Jul 14, 1988","5'8""",170 lbs,SBG Ireland
/fighter/Corey-Anderson-171723,Corey Anderson,Overtime,United States,"Rockton, Illinois","Sep 22, 1989","6'3""",205 lbs,The Kennel Fight Club
/fighter/Corey-Hill-23864,Corey Hill,The Real Deal,United States,"Brookfield, Florida","Oct 3, 1978","6'4""",168 lbs,KO Evolution
/fighter/Cortavious-Romious-206845,Cortavious Romious,Are You Not Entertained?,United States,"St. Louis, Missouri","Jan 6, 1994","5'4""",140 lbs,St. Charles MMA
/fighter/Cortney-Casey-91121,Cortney Casey,Cast Iron,United States,"Phoenix, Arizona","May 5, 1987","5'6""",125 lbs,MMA Lab
/fighter/Cory-Hendricks-87323,Cory Hendricks,,United States,"Las Vegas, Nevada","May 10, 1988","6'0""",205 lbs,Syndicate MMA
/fighter/Cory-McKenna-178347,Cory McKenna,Poppins,Wales,Cwmbran,"Jul 11, 1999","5'3""",115 lbs,Team Alpha Male
/fighter/Cory-Sandhagen-112869,Cory Sandhagen,Sandman,United States,"Aurora, Colorado","Apr 20, 1992","5'11""",135 lbs,Elevation Fight Team
/fighter/Cory-Walmsley-5170,Cory Walmsley,,United States,"St. Paul, Minnesota",,"6'0""",205 lbs,Team Bison
/fighter/Costas-Philippou-32432,Costas Philippou,,United States,"Merrick, New York","Nov 29, 1979","5'11""",185 lbs,Bellmore Kickboxing Academy
/fighter/Court-McGee-34124,Court McGee,The Crusher,United States,"Layton, Utah","Dec 12, 1984","5'11""",170 lbs,Factory X
/fighter/Courtney-Turner-285,Courtney Turner,,United States,"Metairie, Louisiana",,"6'2""",170 lbs,
/fighter/Crafton-Wallace-8269,Crafton Wallace,,United States,"Naples, Florida","Apr 15, 1972","6'0""",184 lbs,Inferno MMA
/fighter/Craig-White-47948,Craig White,The Thundercat,England,"Exmouth, Devon","Jul 1, 1990","6'2""",170 lbs,Team Lionheart
/fighter/Cristian-Quinonez-164995,Cristian Quinonez,El Nino Problema,Mexico,Zacatecas,"Apr 21, 1996","5'10""",135 lbs,Entram Gym
/fighter/Cristiane-Justino-14477,Cristiane Justino,Cris Cyborg,Brazil,"Curitiba, Parana","Jul 9, 1985","5'8""",145 lbs,Chute Boxe
/fighter/Cristiano-Marcello-3530,Cristiano Marcello,,Brazil,"Curitiba, Parana","Dec 3, 1977","5'10""",155 lbs,CM System
/fighter/Cristina-Stanciu-179481,Cristina Stanciu,Barbie,Romania,Bucharest,"Mar 29, 1994","5'5""",115 lbs,Planet Eater
/fighter/Cub-Swanson-11002,Cub Swanson,Killer,United States,"Palm Springs, California","Nov 2, 1983","5'8""",145 lbs,UFC Gym Costa Mesa
/fighter/Cung-Le-14883,Cung Le,,United States,"San Jose, California","May 25, 1972","5'10""",185 lbs,Cung Le's Universal Strength Headquarters
/fighter/Curt-Warburton-34623,Curt Warburton,The War,England,"Bishop Auckland, County Durham",,"6'0""",155 lbs,NEVT
/fighter/Curtis-Blaydes-172939,Curtis Blaydes,Razor,United States,"Naperville, Illinois","Feb 18, 1991","6'4""",260 lbs,Elevation Fight Team
/fighter/Curtis-Millender-127439,Curtis Millender,Curtious,United States,"San Bernardino, California","Dec 1, 1987","6'3""",176 lbs,CSW
/fighter/Curtis-Stout-279,Curtis Stout,,United States,"Kansas City, Kansas","Nov 7, 1973","6'1""",185 lbs,
/fighter/Cynthia-Calvillo-93095,Cynthia Calvillo,,United States,"San Jose, California","Jul 13, 1987","5'4""",119 lbs,Tiger Muay Thai
/fighter/Cyril-Asker-94411,Cyril Asker,Silverback,France,"Avignon, Vaucluse","Dec 24, 1985","6'0""",244 lbs,Bushido Academie
/fighter/Cyrille-Diabate-2191,Cyrille Diabate,Snake,France,"Le Celle St. Clous, Haut de Seine","Oct 6, 1973","6'6""",205 lbs,Snake Team
/fighter/Da-Woon-Jung-202241,Da Woon Jung,Sseda,South Korea,"Daegu, Yeongnam","Dec 7, 1993","6'4""",264 lbs,Korean Top Team
/fighter/DaMarques-Johnson-12913,DaMarques Johnson,Darkness,United States,"Salt Lake City, Utah","Jun 28, 1982","6'0""",170 lbs,Elite Performance
/fighter/DaMon-Blackshear-243891,Da'Mon Blackshear,Da Monster,United States,"Fayetteville, North Carolina","Aug 12, 1994","5'10""",135 lbs,Kill Cliff FC
/fighter/Dagiisuren-Chagnaadorj-417981,Dagiisuren Chagnaadorj,,Mongolia,"Otgon, Dzavhan","Dec 31, 1999","5'8""",146 lbs,Shandas Devjee
/fighter/Daichi-Abe-191861,Daichi Abe,,Japan,"Kashiwazaki, Niigata","Nov 27, 1991","5'11""",170 lbs,Titan Gym
/fighter/Daichi-Kamiya-412079,Daichi Kamiya,,Japan,Tokyo,"Apr 19, 1999","5'10""",155 lbs,Brave
/fighter/Daiju-Takase-226,Daiju Takase,,Japan,"Ina, Saitama","Apr 20, 1978","6'0""",194 lbs,IamI
/fighter/Dakota-Bush-203711,Dakota Bush,Hairy,United States,"St. Clair, Missouri","Jun 9, 1994","5'10""",155 lbs,The Smith Pit
/fighter/Dakota-Hope-293145,Dakota Hope,Huracan,United States,"Houston, Texas","Jan 29, 1997","5'6""",155 lbs,4oz. Fight Club
/fighter/Dalcha-Lungiambula-167487,Dalcha Lungiambula,Champion,South Africa,"Cape Town, Western Cape","Jul 31, 1987","5'10""",185 lbs,Dragon Power
/fighter/Dale-Hartt-11970,Dale Hartt,,United States,"Bangor, Maine","Apr 4, 1979","5'10""",155 lbs,Team Sityodtong
/fighter/Damacio-Page-12158,Damacio Page,The Angel of Death,United States,"Albuquerque, New Mexico","Sep 30, 1982","5'6""",125 lbs,Jackson-Wink MMA
/fighter/Damian-Grabowski-30320,Damian Grabowski,The Polish Pitbull,Poland,Opole,"May 12, 1980","6'1""",261 lbs,Lutadores Opole
/fighter/Damian-Pinas-426729,Damian Pinas,The Baba Yaga,Aruba,Oranjestad,"Mar 12, 2002","6'1""",185 lbs,Nova Uniao
/fighter/Damian-Rzepecki-343575,Damian Rzepecki,The Butcher,Poland,Piotrkow Trybunalski,"Nov 23, 2001","5'10""",155 lbs,Top Fit Center Piotrkow Trybunalski
/fighter/Damian-Stasiak-86920,Damian Stasiak,Webster,Poland,Lodz,"Feb 20, 1990","5'5""",145 lbs,Octopus Lodz
/fighter/Damien-Anderson-421802,Damien Anderson,Demon Hands,United States,"Austin, Texas","Jan 4, 1997","5'7""",145 lbs,
/fighter/Damien-Brown-62243,Damien Brown,Beatdown,Australia,"Townsville, Queensland","Dec 25, 1984","5'10""",155 lbs,Base Training Centre
/fighter/Damir-Hadzovic-56139,Damir Hadzovic,The Bosnian Bomber,Bosnia and Herzegovina,Gorazde,"Aug 8, 1986","5'11""",155 lbs,Arte Suave Copenhagen
/fighter/Damir-Ismagulov-181183,Damir Ismagulov,,Russia,Orenburg,"Feb 3, 1991","5'10""",155 lbs,Boets MMA
/fighter/Damon-Jackson-113767,Damon Jackson,The Leech,United States,"Dallas, Texas","Aug 8, 1988","5'11""",144 lbs,Fortis MMA
/fighter/Dan-Argueta-263385,Dan Argueta,The Determined,United States,"Albuquerque, New Mexico","Aug 13, 1993","5'7""",139 lbs,Jackson-Wink MMA
/fighter/Dan-Bobish-174,Dan Bobish,The Bull,United States,"Cleveland, Ohio","Jan 26, 1970","6'1""",332 lbs,Strong Style Fight Team
/fighter/Dan-Christison-2646,Dan Christison,The Sandman,United States,"Albuquerque, New Mexico","Apr 26, 1972","6'8""",270 lbs,Jackson-Wink MMA
/fighter/Dan-Cramer-42310,Dan Cramer,Cosmo,United States,"Bethel, Connecticut","Oct 31, 1985","6'1""",185 lbs,American Top Team
/fighter/Dan-Evensen-10584,Dan Evensen,,Norway,Arendal,"Jun 1, 1974","6'3""",252 lbs,
/fighter/Dan-Hardy-10629,Dan Hardy,The Outlaw,England,"Nottingham, East Midlands","May 17, 1982","6'0""",170 lbs,Team Rough House
/fighter/Dan-Henderson-195,Dan Henderson,Hendo,United States,"Temecula, California","Aug 24, 1970","6'1""",185 lbs,Team Quest
/fighter/Dan-Hooker-45122,Dan Hooker,The Hangman,New Zealand,Auckland,"Feb 13, 1990","6'0""",155 lbs,City Kickboxing
/fighter/Dan-Ige-136499,Dan Ige,100 Grand,United States,"Honolulu, Hawaii","Aug 6, 1991","5'7""",136 lbs,Xtreme Couture
/fighter/Dan-Lauzon-16556,Dan Lauzon,The Upgrade,United States,"Bridgewater, Massachusetts","Mar 30, 1988","5'10""",170 lbs,Lauzon MMA
/fighter/Dan-Miller-14464,Dan Miller,,United States,"Sparta, New Jersey","Jun 30, 1981","6'1""",185 lbs,Sussex County MMA
/fighter/Dan-Moret-52514,Dan Moret,The Hitman,United States,"Mankato, Minnesota","Nov 21, 1986","6'0""",155 lbs,The Academy MN
/fighter/Dan-Severn-52,Dan Severn,The Beast,United States,"Coldwater, Michigan","Jun 8, 1958","6'2""",253 lbs,The Beast Academy
/fighter/Dan-Spohn-39485,Dan Spohn,Dragon,United States,"Zanesville, Ohio","Oct 12, 1984","6'4""",206 lbs,Cambridge Martial Arts
/fighter/Daniel-Barez-133743,Daniel Barez,,Spain,"Burjassot, Valencia","Dec 10, 1988","5'6""",125 lbs,Entram Gym
/fighter/Daniel-Barrera-23762,Daniel Barrera,,United States,"Radcliff, Kentucky","Dec 23, 1980",,170 lbs,
/fighter/Daniel-Cormier-52311,Daniel Cormier,DC,United States,"San Jose, California","Mar 20, 1979","5'11""",251 lbs,American Kickboxing Academy
/fighter/Daniel-Downes-41666,Daniel Downes,Danny Boy,United States,"Milwaukee, Wisconsin","Apr 8, 1986","6'0""",155 lbs,Roufusport
/fighter/Daniel-Frunza-219965,Daniel Frunza,Tigano,Romania,"Raducaneni, Isai","Apr 13, 1994","6'1""",170 lbs,Black House Santiago
/fighter/Daniel-Jolly-83243,Daniel Jolly,The Werewolf of Texas,United States,"Austin, Texas","Sep 3, 1984","6'1""",205 lbs,Rubicon Fight Sport
/fighter/Daniel-Kelly-49516,Daniel Kelly,,Australia,"Melbourne, Victoria","Oct 31, 1977","6'0""",185 lbs,Resilience Training Centre
/fighter/Daniel-Lacerda-248591,Daniel Lacerda,Miojo,Brazil,"Valenca, Rio de Janeiro","Jun 5, 1996","5'8""",138 lbs,American Top Team
/fighter/Daniel-Marcos-205313,Daniel Marcos,Soncora,Peru,"San Miguel, Lima","Mar 7, 1993","5'7""",135 lbs,Los Perros Sarnosos
/fighter/Daniel-Omielanczuk-54303,Daniel Omielanczuk,,Poland,Warsaw,"Aug 31, 1982","6'0""",254 lbs,WCA Fight Team
/fighter/Daniel-Pineda-21564,Daniel Pineda,The Pit,United States,"Houston, Texas","Aug 6, 1985","5'7""",145 lbs,4oz. Fight Club
/fighter/Daniel-Roberts-23999,Daniel Roberts,Ninja,United States,"Rockford, Illinois","Aug 5, 1980","5'10""",170 lbs,Cesar Gracie Fight Team
/fighter/Daniel-Rodriguez-145945,Daniel Rodriguez,D-Rod,United States,"Alhambra, California","Dec 31, 1986","6'0""",171 lbs,10th Planet Jiu-Jitsu
/fighter/Daniel-Santos-144395,Daniel Santos,Willycat,Brazil,"Uberaba, Minas Gerais","Mar 12, 1995","5'7""",151 lbs,Chute Boxe Diego Lima
/fighter/Daniel-Sarafian-17665,Daniel Sarafian,,Brazil,"Sao Paulo, Sao Paulo","Aug 21, 1982","5'9""",185 lbs,Power MMA
/fighter/Daniel-Spitz-172211,Daniel Spitz,Daddy Long Legs,United States,"Spokane, Washington","Jul 31, 1990","6'7""",240 lbs,Sikjitsu
/fighter/Daniel-Stittgen-42258,Daniel Stittgen,The Anvil,United States,"Schaumburg, Illinois","Nov 17, 1980","6'1""",170 lbs,Midwest Training Center
/fighter/Daniel-Teymur-163939,Daniel Teymur,Kid Dynamite,Sweden,Stockholm,"Feb 3, 1988","5'5""",145 lbs,Allstars Training Center
/fighter/Daniel-Zellhuber-238903,Daniel Zellhuber,Golden Boy,Mexico,Mexico City,"Jul 7, 1999","6'1""",155 lbs,Xtreme Couture
/fighter/Danielle-Taylor-123439,Danielle Taylor,Dynamite,United States,"Palmdale, California","Oct 25, 1989","5'0""",115 lbs,Saekson Muay Thai
/fighter/Daniil-Donchenko-357199,Daniil Donchenko,,Ukraine,Kyiv,"Aug 4, 2001","5'11""",170 lbs,Tiger Muay Thai
/fighter/Danillo-Villefort-13093,Danillo Villefort,Indio,United States,"Coconut Creek, Florida","May 8, 1983","6'1""",186 lbs,Blackzilians
/fighter/Danilo-Belluardo-128147,Danilo Belluardo,Caterpillar,Italy,Milan,"Jul 21, 1994","5'11""",155 lbs,Aurora MMA
/fighter/Danilo-Marques-172145,Danilo Marques,,Brazil,"Sao Paulo, Sao Paulo","Dec 26, 1985","6'6""",249 lbs,Kings MMA
/fighter/Danni-McCormack-239613,Danni McCormack,Mac,Ireland,Dublin,"Mar 15, 1990","5'6""",126 lbs,SBG Ireland
/fighter/Danny-Abbadi-16696,Danny Abbadi,,United States,"Orlando, Florida","Jul 3, 1983","5'11""",185 lbs,
/fighter/Danny-Barlow-336147,Danny Barlow,Left Hand 2 God,United States,"Memphis, Tennessee","Aug 2, 1995","6'2""",185 lbs,Law School MMA
/fighter/Danny-Castillo-26070,Danny Castillo,Last Call,United States,"Sacaramento, California","Aug 25, 1979","5'9""",155 lbs,Team Alpha Male
/fighter/Danny-Chavez-59478,Danny Chavez,The Colombian Warrior,United States,"Miami, Florida","Mar 14, 1987","5'7""",145 lbs,MMA Masters
/fighter/Danny-Henry-59830,Danny Henry,The Hatchet,Scotland,Edinburgh,"Jul 17, 1988","5'11""",145 lbs,Higher Level MMA
/fighter/Danny-Martinez-16777,Danny Martinez,The Gremlin,United States,"Tempe, Arizona","Jun 14, 1985","5'5""",125 lbs,Alliance MMA
/fighter/Danny-Mitchell-40523,Danny Mitchell,The Cheesecake Assassin,England,"Doncaster, Yorkshire","Aug 8, 1986","6'2""",170 lbs,AVT Fight Team
/fighter/Danny-Roberts-64677,Danny Roberts,Hot Chocolate,England,"Liverpool, Merseyside","Jul 14, 1987","6'1""",170 lbs,Team McHale
/fighter/Danny-Silva-310429,Danny Silva,Puma,United States,"Santa Ana, California","Jan 30, 1997","5'11""",145 lbs,CSW
/fighter/Dante-Rivera-5746,Dante Rivera,,United States,"Jackson, New Jersey","Aug 12, 1974","6'0""",170 lbs,Renzo Gracie Jiu-Jitsu
/fighter/Danyelle-Wolf-297121,Danyelle Wolf,,United States,"Wrightsville, Pennsylvania","Sep 8, 1983","5'11""",146 lbs,Tiger Muay Thai
/fighter/Darian-Weeks-223693,Darian Weeks,,United States,"Sedalia, Missouri","Nov 23, 1993","5'11""",175 lbs,Hulett House Gym
/fighter/Darko-Stosic-107757,Darko Stosic,The Hammer,Serbia,Belgrade,"Feb 9, 1992","6'0""",237 lbs,MMA Red Star
/fighter/Daron-Cruickshank-53717,Daron Cruickshank,The Detroit Superstar,United States,"Wayne, Michigan","Jun 11, 1985","5'8""",155 lbs,Michigan Top Team
/fighter/Darrell-Gholar-213,Darrell Gholar,,United States,"North Hollywood, California","Nov 7, 1962","5'8""",198 lbs,
/fighter/Darrell-Horcher-47899,Darrell Horcher,The Saint,United States,"Shermans Dale, Pennsylvania","Jul 28, 1987","5'10""",154 lbs,Unrivaled Athletics
/fighter/Darrell-Montague-34214,Darrell Montague,The Mongoose,United States,"Chino, California","Nov 3, 1987","5'6""",125 lbs,Millennia MMA
/fighter/Darren-Elkins-22094,Darren Elkins,The Damage,United States,"Hobart, Indiana","May 16, 1984","5'10""",146 lbs,Duneland Vale Tudo
/fighter/Darren-Stewart-128141,Darren Stewart,The Dentist,England,"London, Greater London","Dec 30, 1990","6'0""",195 lbs,The MMA Clinic
/fighter/Darren-Till-73436,Darren Till,The Gorilla,England,"Liverpool, Merseyside","Dec 24, 1992","6'0""",185 lbs,Astra Fight Team
/fighter/Darren-Uyenoyama-4679,Darren Uyenoyama,BC,United States,"San Francisco, California","Oct 15, 1979","5'6""",125 lbs,Faito Tamashii Combat Club
/fighter/Darrick-Minner-92115,Darrick Minner,,United States,"Auburn, Nebraska","Apr 28, 1990","5'8""",145 lbs,Glory MMA & Fitness
/fighter/Darrill-Schoonover-33084,Darrill Schoonover,The Boss,United States,"El Paso, Texas","Jun 18, 1985","6'2""",257 lbs,Red Spider MMA
/fighter/Darrius-Flowers-191363,Darrius Flowers,Beast Mode,United States,"Mason City, Iowa","Aug 25, 1994","5'9""",156 lbs,Chicago Fight Team
/fighter/Darya-Zheleznyakova-334747,Darya Zheleznyakova,Iron Lady,Russia,St. Petersburg,"Jan 23, 1996","5'9""",135 lbs,MMA Factory
/fighter/Dashon-Johnson-120663,Dashon Johnson,Fly Boy,United States,"Escondido, California","Jan 25, 1988","5'9""",155 lbs,Team Xplode MMA
/fighter/Dave-Beneteau-56,Dave Beneteau,Dangerous,Canada,"Windsor, Ontario","Jul 16, 1968","6'2""",250 lbs,
/fighter/Dave-Berry-143,Dave Berry,,United States,"Laconia, New Hampshire",,"6'1""",216 lbs,
/fighter/Dave-Galera-93863,Dave Galera,Scarecrow,Philippines,"Baguio, Cordillera Administrative Region",,"5'11""",135 lbs,Lakay MMA
/fighter/Dave-Herman-19720,Dave Herman,,United States,"Columbia City, Indiana","Oct 3, 1984","6'4""",223 lbs,Team Quest
/fighter/Dave-Menne-245,Dave Menne,The Warrior,United States,"Minneapolis, Minnesota","Jul 29, 1974","5'10""",185 lbs,Menne Combat Academy
/fighter/Dave-Roberts-220,Dave Roberts,,United States,"Jacksonville, Florida","Nov 15, 1977","6'1""",203 lbs,
/fighter/Dave-Strasser-615,Dave Strasser,,United States,"Kenosha, Wisconsin","Jul 13, 1969","5'10""",167 lbs,Freestyle Academy
/fighter/Davey-Grant-30564,Davey Grant,Dangerous,England,Bishop Auckland,"Dec 18, 1985","5'8""",135 lbs,Syndicate MMA
/fighter/Davi-Ramos-101995,Davi Ramos,The Tasmanian Devil,Brazil,"Rio de Janeiro, Rio de Janeiro","Nov 5, 1986","5'8""",157 lbs,Team Nogueira
/fighter/David-Abbott-110,David Abbott,Tank,United States,"Huntington Beach, California","Apr 26, 1965","6'0""",250 lbs,
/fighter/David-Baron-2860,David Baron,,France,"Bois-Colombes, Hauts-de-Seine","Feb 15, 1973","5'6""",169 lbs,Haute Tension
/fighter/David-Bielkheden-3863,David Bielkheden,,Sweden,Stockholm,"Jun 6, 1979","5'10""",170 lbs,Allstars Training Center
/fighter/David-Branch-32431,David Branch,,United States,"Brooklyn, New York","Sep 26, 1981","6'1""",185 lbs,Renzo Gracie Jiu-Jitsu
/fighter/David-Dodd-81,David Dodd,,United States,"Mesa, Arizona","Sep 22, 1973","6'2""",205 lbs,Arizona Combat Sports
/fighter/David-Dvorak-67185,David Dvorak,The Undertaker,Czech Republic,Hradec Kralove,"Jun 5, 1992","5'5""",125 lbs,All Sports Academy
/fighter/David-Heath-11483,David Heath,The Headhunter,United States,"Tulsa, Oklahoma","Oct 2, 1976","5'11""",203 lbs,Absolute Combat Alliance
/fighter/David-Hood-1720,David Hood,The Boston Strangler,United States,"Lowell, Massachusetts",,"6'0""",189 lbs,
/fighter/David-Kaplan-13848,David Kaplan,Diamond,United States,"Las Vegas, Nevada","Nov 16, 1979","5'6""",155 lbs,Team Tompkins
/fighter/David-Lee-6945,David Lee,,England,"London, Greater London",,"5'11""",145 lbs,Team Crossface
/fighter/David-Levicki-28,David Levicki,,United States,"Orem, Utah",,"6'5""",290 lbs,
/fighter/David-Loiseau-903,David Loiseau,The Crow,Canada,"Montreal, Quebec","Dec 17, 1979","6'0""",192 lbs,Tristar Gym
/fighter/David-Martinez-221351,David Martinez,Black Spartan,Mexico,Mexico City,"Aug 3, 1998","5'6""",135 lbs,Bonebreakers MMA
/fighter/David-Michaud-53778,David Michaud,Bulldawg,United States,"Brookings, South Dakota","Nov 10, 1988","5'9""",170 lbs,MMA Lab
/fighter/David-Mitchell-16830,David Mitchell,Bulletproof,United States,"Windsor, California","Oct 24, 1979","6'0""",185 lbs,Team Alpha Male
/fighter/David-Onama-254945,David Onama,Silent Assassin,United States,"Kansas City, Missouri","Jun 7, 1994","5'10""",145 lbs,Factory X
/fighter/David-Terrell-536,David Terrell,The Soul Assassin,USA,California,"Jan 9, 1978","6'0""",185 lbs,Cesar Gracie Jiu-Jitsu
/fighter/David-Teymur-163937,David Teymur,,Sweden,Stockholm,"May 1, 1989","5'9""",155 lbs,Allstars Training Center
/fighter/David-Velasquez-243,David Velasquez,Little,United States,"San Jose, California","Oct 19, 1966","5'5""",145 lbs,American Kickboxing Academy
/fighter/David-Zawada-72910,David Zawada,Sagat,Germany,Dusseldorf,"Aug 1, 1990","6'0""",185 lbs,UFD Gym
/fighter/DeAnna-Bennett-75456,DeAnna Bennett,Vitamin D,United States,"Orem, Utah","Nov 18, 1984","5'4""",127 lbs,Webb Fitness & MMA
/fighter/Dean-Barry-264071,Dean Barry,The Sniper,Ireland,Dublin,"Jul 3, 1992","5'10""",170 lbs,Team Ryano
/fighter/Dean-Lister-338,Dean Lister,The Boogeyman,United States,"San Diego, California","Feb 13, 1976","6'1""",185 lbs,Victory MMA
/fighter/Deiveson-Figueiredo-110485,Deiveson Figueiredo,Daico / Deus da Guerra,Brazil,"Soure, Para","Dec 18, 1987","5'5""",136 lbs,Team Figueiredo
/fighter/Delphine-Benouaich-413666,Delphine Benouaich,,France,,,"5'4""",115 lbs,
/fighter/Delson-Heleno-5434,Delson Heleno,Pe de Chumbo,Brazil,"Teresopolis, Rio de Janeiro","Nov 16, 1977","5'11""",170 lbs,CM System
/fighter/Demetrious-Johnson-45452,Demetrious Johnson,Mighty Mouse,United States,"Kirkland, Washington","Aug 13, 1986","5'3""",135 lbs,AMC Pankration
/fighter/Demian-Maia-14637,Demian Maia,,Brazil,"Santana de Parnaiba, Sao Paulo","Nov 6, 1977","6'0""",170 lbs,Demian Maia Jiu-Jitsu
/fighter/Deni-Daffa-392764,Deni Daffa,Destroyer,Indonesia,Bengkulu,"Sep 8, 1999","6'1""",155 lbs,Bengkulu Infight Camp
/fighter/Denis-Kang-935,Denis Kang,,Canada,"Vancouver, British Columbia","Sep 17, 1977","5'11""",185 lbs,American Top Team
/fighter/Denis-Stojnic-12955,Denis Stojnic,The Menace,Bosnia and Herzegovina,Sarajevo,"Feb 2, 1980","6'0""",282 lbs,Golden Glory
/fighter/Denis-Tiuliulin-230989,Denis Tiuliulin,,Russia,Moscow,"May 17, 1988","6'1""",185 lbs,Evolve Gym
/fighter/Denise-Gomes-382138,Denise Gomes,,Brazil,"Sant'Ana do Livramento, Rio Grande do Sul","Dec 30, 1999","5'3""",115 lbs,GAEA Project
/fighter/Dennis-Bermudez-58065,Dennis Bermudez,The Menace,United States,"Saugerties, New York","Dec 13, 1986","5'6""",145 lbs,Long Island MMA
/fighter/Dennis-Buzukja-286225,Dennis Buzukja,The Great,United States,"New York, New York","Oct 1, 1997","5'11""",146 lbs,Longo-Weidman MMA
/fighter/Dennis-Hallman-275,Dennis Hallman,Superman,United States,"Yelm, Washington","Dec 2, 1975","5'9""",181 lbs,Victory Athletics
/fighter/Dennis-Siver-9817,Dennis Siver,,Germany,Mannheim,"Jan 13, 1979","5'7""",145 lbs,Kiboju
/fighter/Denys-Bondar-206399,Denys Bondar,Psycho,Ukraine,Kharkiv,"Jun 27, 1992","5'6""",125 lbs,Yod
/fighter/Denzel-Freeman-270825,Denzel Freeman,Luke Fox,United States,"Atlanta, Georgia","Nov 10, 1991","6'2""",258 lbs,Kill Cliff FC
/fighter/Dequan-Townsend-91563,Dequan Townsend,The Tarantula,United States,"Lansing, Michigan","May 11, 1986","6'3""",185 lbs,Murcielago MMA
/fighter/Derek-Brunson-68494,Derek Brunson,Blonde,United States,"Wilmington, North Carolina","Jan 4, 1984","6'1""",186 lbs,Kill Cliff FC
/fighter/Derek-Downey-12234,Derek Downey,The Gentleman,United States,"Orem, Utah","Apr 27, 1980","6'2""",185 lbs,Victory MMA
/fighter/Deron-Winn-248699,Deron Winn,,United States,"Liberty, Missouri","Jun 13, 1989","5'6""",185 lbs,American Kickboxing Academy
/fighter/Derrick-Krantz-35518,Derrick Krantz,D-Rock,United States,"Marshall, Texas","Jan 13, 1988","5'10""",170 lbs,Team 515
/fighter/Derrick-Lewis-59284,Derrick Lewis,The Black Beast,United States,"Houston, Texas","Feb 7, 1985","6'3""",265 lbs,Main Street Boxing & Muay Thai
/fighter/Derrick-Noble-4556,Derrick Noble,The Eraser,United States,"Cuba, Illinois","Aug 14, 1978","5'9""",169 lbs,The Academy MN
/fighter/Desmond-Green-89993,Desmond Green,The Predator,United States,"Rochester, New York","Oct 11, 1989","5'10""",155 lbs,Kill Cliff FC
/fighter/Devin-Clark-72777,Devin Clark,Brown Bear,United States,"Sioux Falls, South Dakota","Apr 12, 1990","6'0""",242 lbs,Elevation Fight Team
/fighter/Devin-Powell-64166,Devin Powell,,United States,"South Berwick, Maine","Mar 1, 1988","6'0""",155 lbs,Nostos MMA
/fighter/Devonte-Smith-89163,Devonte Smith,King Kage,United States,"Bedford, Ohio","Jul 30, 1993","5'9""",155 lbs,Factory X
/fighter/Dhiego-Lima-59607,Dhiego Lima,,Brazil,"Goiania, Goias","Jan 31, 1989","6'2""",170 lbs,American Top Team Atlanta
/fighter/Diana-Belbita-174381,Diana Belbita,Warrior Princess,Romania,Drobeta,"Jun 26, 1996","5'7""",125 lbs,House of Champions MMA
/fighter/Diego-Brandao-25097,Diego Brandao,Ceara,Brazil,"Fortaleza, Ceara","May 27, 1987","5'7""",145 lbs,Jackson-Wink MMA
/fighter/Diego-Ferreira-26358,Diego Ferreira,,Brazil,"Careiro da Varzea, Amazonas","Jan 18, 1985","5'9""",155 lbs,Fortis MMA
/fighter/Diego-Lopes-112531,Diego Lopes,,Brazil,"Manaus, Amazonas","Dec 30, 1994","5'11""",145 lbs,Lobo Gym MMA
/fighter/Diego-Nunes-25981,Diego Nunes,The Gun,Brazil,"Caxias do Sul, Rio Grande do Sul","Nov 30, 1982","5'6""",155 lbs,Evolucao Thai
/fighter/Diego-Rivas-81835,Diego Rivas,Pitbull,Chile,"Temuco, Araucania","Nov 11, 1991","5'9""",145 lbs,Elemental Dojo
/fighter/Diego-Sanchez-4824,Diego Sanchez,The Nightmare,United States,"Albuquerque, New Mexico","Dec 31, 1981","5'10""",170 lbs,Jackson-Wink MMA
/fighter/Diego-Saraiva-9534,Diego Saraiva,The Octopus,United States,"Atlanta, Georgia","Apr 23, 1982","5'6""",149 lbs,Team Octopus
/fighter/Dieuseul-Berto-2007,Dieuseul Berto,Tiger,United States,"Winter Haven, Florida","Jul 16, 1960","5'9""",200 lbs,Tiger's World of Martial Arts
/fighter/Dileno-Lopes-29635,Dileno Lopes,,Brazil,"Manacapuru, Amazonas","Sep 26, 1984","5'5""",135 lbs,Nova Uniao Manaus
/fighter/Din-Thomas-1301,Din Thomas,Dinyero,United States,"Orlando, Florida","Sep 28, 1976","5'9""",143 lbs,American Top Team
/fighter/Dione-Barbosa-266915,Dione Barbosa,The Witch,Brazil,"Recife, Pernambuco","May 8, 1992","5'6""",125 lbs,Kings MMA
/fighter/Diyar-Nurgozhay-274275,Diyar Nurgozhay,,Kazakhstan,Astana,"Apr 22, 1997","6'2""",205 lbs,Tobet Top Team
/fighter/Djorden-Santos-164321,Djorden Santos,Shakur,Brazil,"Belo Horizonte, Minas Gerais","Aug 1, 1997","6'2""",185 lbs,American Top Team
/fighter/Dmitri-Stepanov-165,Dmitri Stepanov,,Belarus,Minsk,,"6'3""",220 lbs,
/fighter/Dmitriy-Sosnovskiy-116389,Dmitriy Sosnovskiy,Wicked Machine,Russia,Moscow,"Jul 6, 1989","6'3""",240 lbs,GOR MMA
/fighter/Dmitry-Smoliakov-125781,Dmitry Smoliakov,The Lifeguard,Russia,Kaliningrad,"Aug 5, 1982","6'2""",257 lbs,Baltic Challenge Team
/fighter/Dokonjonosuke-Mishima-1170,Dokonjonosuke Mishima,,Japan,"Amagasaki, Hyogo","Apr 19, 1972","5'7""",154 lbs,Cobra Kai MMA Dojo
/fighter/Dom-Mar-Fan-305329,Dom Mar Fan,Street Buddha,Australia,"Brisbane, Queensland","Mar 19, 2000","6'0""",156 lbs,Team Compton Training Centre
/fighter/Domingo-Pilarte-48495,Domingo Pilarte,Son of Fire,United States,"Houston, Texas","Jan 5, 1990","6'0""",135 lbs,Revolution Dojo
/fighter/Dominic-Waters-68971,Dominic Waters,Sho Nuff,United States,"Santa Rosa, California","Apr 11, 1989","6'1""",170 lbs,Jackson-Wink MMA
/fighter/Dominick-Cruz-12107,Dominick Cruz,The Dominator,United States,"San Diego, California","Mar 9, 1985","5'8""",135 lbs,Alliance MMA
/fighter/Dominick-Reyes-145941,Dominick Reyes,The Devastator,United States,"Victorville, California","Dec 26, 1989","6'4""",205 lbs,Teixeira MMA & Fitness
/fighter/Dominique-Steele-47845,Dominique Steele,Non-Stop Action Packed,United States,"Cincinnati, Ohio","Jan 25, 1988","5'10""",170 lbs,Team Vision
/fighter/Don-Frye-124,Don Frye,The Predator,United States,"Sierra Vista, Arizona","Nov 23, 1965","6'1""",210 lbs,Team Frye
/fighter/Don-Madge-86651,Don Madge,Magic Man,South Africa,"Johannesburg, Gauteng","Nov 12, 1990","6'0""",170 lbs,FightFit Militia
/fighter/Don-Shainis-59975,Don Shainis,Shameless,United States,"Stoughton, Massachusetts","Sep 16, 1991","5'6""",145 lbs,Citadel Martial Arts & Fitness
/fighter/DonTale-Mayes-237177,Don'Tale Mayes,Lord Kong,United States,"Louisville, Kentucky","Jan 16, 1992","6'6""",266 lbs,Bronx Hill MMA
/fighter/Donald-Cerrone-15105,Donald Cerrone,Cowboy,United States,"Broomfield, Colorado","Mar 29, 1983","6'0""",170 lbs,BMF Ranch
/fighter/Dong-Hun-Choi-390131,Dong Hun Choi,,South Korea,Seoul,"Jan 2, 1999","5'6""",125 lbs,Pohang Team MAD
/fighter/Dong-Hyun-Kim-16374,Dong Hyun Kim,Stun Gun,South Korea,"Busan, Yeongnam","Nov 17, 1981","6'2""",170 lbs,Busan Team MAD
/fighter/Dong-Hyun-Ma-21673,Dong Hyun Ma,Maestro,South Korea,Busan,"Sep 9, 1988","5'11""",155 lbs,Busan Team MAD
/fighter/Dong-Hyun-Seo-277097,Dong Hyun Seo,Pinnacle,South Korea,"Incheon, Seoul Capital","Aug 22, 1990","5'7""",146 lbs,Pinnacle MMA Korea
/fighter/Dongi-Yang-23501,Dongi Yang,The Ox,South Korea,Seoul,"Dec 7, 1984","5'11""",242 lbs,Team Macho
/fighter/Donnie-Chappell-169,Donnie Chappell,,United States,,,"5'11""",176 lbs,
/fighter/Donny-Walker-11486,Donny Walker,Eagle Eye,United States,"Cleveland, Ohio","Jan 4, 1980","5'9""",145 lbs,GriffonRawl Thaiboxing & MMA Academy
/fighter/Donte-Johnson-414279,Donte Johnson,Lockjaw,United States,"Fond du Lac, Wisconsin","Jan 25, 1999","5'8""",185 lbs,Titletown MMA
/fighter/Doo-Ho-Choi-56689,Doo Ho Choi,The Korean Superboy,South Korea,"Gumi, Gyeongsangbuk-do","Apr 10, 1991","5'9""",145 lbs,Busan Team MAD
/fighter/Dorian-Price-9786,Dorian Price,,United States,"Columbus, Ohio","Aug 20, 1977","6'3""",155 lbs,Team Jorge Gurgel
/fighter/Douglas-Evans-18184,Douglas Evans,,United States,"Anchorage, Alaska","Oct 10, 1980","5'9""",144 lbs,AK Wolfpack
/fighter/Douglas-Silva-de-Andrade-87981,Douglas Silva de Andrade,D'Silva,Brazil,"Castanhal, Para","Jun 22, 1985","5'6""",145 lbs,Corinthians MMA
/fighter/Drakkar-Klose-84568,Drakkar Klose,,United States,"South Haven, Michigan","Mar 9, 1988","5'8""",155 lbs,MMA Lab
/fighter/Drako-Rodriguez-203421,Drako Rodriguez,The Great Drakolini,United States,"Sioux City, Iowa","Jun 16, 1996","5'8""",135 lbs,One Combat Academy
/fighter/Drew-Dober-23982,Drew Dober,,United States,"Omaha, Nebraska","Oct 19, 1988","5'8""",155 lbs,Elevation Fight Team
/fighter/Drew-Fickett-725,Drew Fickett,Night Rider,United States,"Tucson, Arizona","Dec 24, 1979","5'10""",151 lbs,Team Scrub
/fighter/Drew-McFedries-2386,Drew McFedries,The Massacre,United States,"Bettendorf, Iowa","Jul 27, 1978","6'0""",185 lbs,Champions Gym
/fighter/Dricus-Du-Plessis-146193,Dricus Du Plessis,Stillknocks,South Africa,"Pretoria, Gauteng","Jan 14, 1994","6'0""",185 lbs,Team CIT
/fighter/Duane-Ludwig-101,Duane Ludwig,Bang,United States,"Denver, Colorado","Aug 4, 1978","5'10""",170 lbs,Grudge Training Center
/fighter/Duda-Santana-249137,Duda Santana,Cowboyzinha,Brazil,"Rio de Janeiro, Rio de Janeiro","Oct 1, 1996","5'7""",135 lbs,Tata Fight Team
/fighter/Dusko-Todorovic-207339,Dusko Todorovic,Thunder,Serbia,Belgrade,"May 19, 1994","6'1""",185 lbs,Secutor
/fighter/Dustin-Hazelett-11481,Dustin Hazelett,McLovin,United States,"Cincinnati, Ohio","Apr 29, 1986","6'1""",155 lbs,Team Jorge Gurgel
/fighter/Dustin-Jacoby-73825,Dustin Jacoby,The Hanyak,United States,"Arenzville, Illinois","Apr 4, 1988","6'4""",205 lbs,Factory X
/fighter/Dustin-Kimura-41247,Dustin Kimura,The Diamond,United States,"Honolulu, Hawaii","May 21, 1989","5'6""",136 lbs,Gracie Technics
/fighter/Dustin-Neace-13599,Dustin Neace,The Beast,United States,"Indianapolis, Indiana","Sep 12, 1986","5'9""",146 lbs,Damage Incorporated
/fighter/Dustin-Ortiz-58097,Dustin Ortiz,,United States,"Franklin, Tennessee","Dec 25, 1988","5'5""",125 lbs,Combat Sports Academy
/fighter/Dustin-Pague-39781,Dustin Pague,The Disciple,United States,"Harrisburg, Pennsylvania","Aug 5, 1987","5'9""",152 lbs,Disciple MMA
/fighter/Dustin-Poirier-50529,Dustin Poirier,The Diamond,United States,"Carencro, Louisiana","Jan 19, 1989","5'9""",155 lbs,American Top Team
/fighter/Dustin-Stoltzfus-113779,Dustin Stoltzfus,,United States,"Lancaster, Pennsylvania","Nov 15, 1991","5'11""",185 lbs,Frankers Fight Team
/fighter/Dwayne-Cason-177,Dwayne Cason,,United States,"Fayettville, North Carolina",,"5'10""",212 lbs,
/fighter/Dwight-Grant-68983,Dwight Grant,The Body Snatcher,United States,"New York, New York","Sep 14, 1984","6'1""",185 lbs,Alliance MMA
/fighter/Dylan-Andrews-21803,Dylan Andrews,The Villain,New Zealand,,"Nov 15, 1979","6'1""",185 lbs,Heartbreak Conditioning
/fighter/Dylan-Budka-377018,Dylan Budka,The Mindless Hulk,United States,"Findlay, Ohio","Jan 14, 2000","5'11""",205 lbs,Demolition Fight Team
/fighter/Ebenezer-Fontes-Braga-207,Ebenezer Fontes Braga,Pitbull,Brazil,Rio de Janeiro,"Apr 14, 1969","6'0""",199 lbs,Gracie Barra Combat Team
/fighter/Ed-Herman-6561,Ed Herman,Short Fuse,United States,"Portland, Oregon","Oct 2, 1980","6'2""",205 lbs,American Top Team Portland
/fighter/Eddie-Alvarez-9265,Eddie Alvarez,The Underground King,United States,"Philadelphia, Pennsylvania","Jan 11, 1984","5'9""",170 lbs,Ricardo Almeida Jiu-Jitsu
/fighter/Eddie-Gordon-66410,Eddie Gordon,Truck,United States,"Freeport, New York","Jul 22, 1983","6'0""",170 lbs,Serra-Longo Fight Team
/fighter/Eddie-Mendez-37421,Eddie Mendez,,United States,"Sun Valley, California","Jan 16, 1984","5'9""",185 lbs,House of Champions
/fighter/Eddie-Ruiz-3265,Eddie Ruiz,,United States,"Dallas, Texas","Jun 10, 1967","5'7""",155 lbs,
/fighter/Eddie-Sanchez-12098,Eddie Sanchez,The Manic Hispanic,United States,"San Diego, California","Apr 11, 1982","6'3""",214 lbs,Kings MMA
/fighter/Eddie-Wineland-4173,Eddie Wineland,,United States,"Portage, Indiana","Jun 26, 1984","5'8""",135 lbs,Duneland Vale Tudo
/fighter/Eddie-Yagin-2825,Eddie Yagin,The Filipino Phenom,United States,"Honolulu, Hawaii","Mar 23, 1979","5'6""",145 lbs,Kong Submission Academy
/fighter/Edgar-Chairez-244721,Edgar Chairez,Puro Chicali,Mexico,"Mexicali, Baja California","Jan 27, 1996","5'7""",130 lbs,Entram Gym
/fighter/Edgar-Garcia-23108,Edgar Garcia,,United States,"Yuma, Arizona","Feb 22, 1984","5'10""",170 lbs,Arizona Athletic Club
/fighter/Edilberto-de-Oliveira-11907,Edilberto de Oliveira,Crocota,Brazil,"Campo Formoso, Bahia","Nov 22, 1982","6'0""",185 lbs,Champion Team
/fighter/Edimilson-Souza-57343,Edimilson Souza,Kevin,Brazil,"Salvador, Bahia","Oct 17, 1984","6'0""",145 lbs,DS Team
/fighter/Edmen-Shahbazyan-247691,Edmen Shahbazyan,The Golden Boy,United States,"Los Angeles, California","Nov 20, 1997","6'2""",185 lbs,Xtreme Couture
/fighter/Ednaldo-Oliveira-14972,Ednaldo Oliveira,Lula Molusco,Brazil,"Salvador, Bahia","Feb 19, 1984","6'7""",206 lbs,Champion Team
/fighter/Edson-Barboza-46259,Edson Barboza,,Brazil,"Nova Friburgo, Rio de Janeiro","Jan 21, 1986","5'11""",156 lbs,American Top Team
/fighter/Eduarda-Moura-395040,Eduarda Moura,Ronda,Brazil,"Riachuelo, Sergipe","Feb 28, 1994","5'5""",127 lbs,Galpao da Luta
/fighter/Eduardo-Henrique-199575,Eduardo Henrique,Chapolin,Brazil,"Buritama, Sao Paulo","Nov 23, 1995","5'7""",130 lbs,Maquininha do Futuro
/fighter/Edward-Faaloloto-55070,Edward Faaloloto,Falo,United States,"Honolulu, Hawaii","Jul 15, 1985","5'9""",170 lbs,Mouri Dojo
/fighter/Edwin-Dewees-720,Edwin Dewees,Babyface,United States,"Scottsdale, Arizona","Aug 7, 1982","6'1""",205 lbs,Lions Den Scottsdale
/fighter/Edwin-Figueroa-22490,Edwin Figueroa,El Feroz,United States,"McKinney, Texas","Jul 31, 1984","5'7""",135 lbs,Mohler MMA
/fighter/Efrain-Escudero-16555,Efrain Escudero,Hecho en Mexico,United States,"Tempe, Arizona","Jan 15, 1986","5'9""",155 lbs,MMA Lab
/fighter/Eiji-Mitsuoka-2235,Eiji Mitsuoka,The Heaven-Sent Child of the Cage,Japan,"Handa, Aichi","Jan 1, 1976","5'7""",145 lbs,Wajutsu Keishukai RJW
/fighter/Eldo-Dias-Xavier-55,Eldo Dias Xavier,Iron Hand,Brazil,Belo Horizonte,"Jul 16, 1964","5'11""",180 lbs,
/fighter/Elias-Garcia-71080,Elias Garcia,El Pescador,United States,"Milwaukee, Wisconsin","Sep 13, 1992","5'5""",126 lbs,Roufusport
/fighter/Elias-Silverio-88613,Elias Silverio,Xuxu,Brazil,"Pirapora do Bom Jesus, Sao Paulo","Sep 22, 1986","5'11""",172 lbs,Elias Silverio Team
/fighter/Elias-Theodorou-81765,Elias Theodorou,The Spartan,Canada,"Mississauga, Ontario","May 31, 1988","6'1""",185 lbs,Kros Gym
/fighter/Elijah-Smith-385324,Elijah Smith,Swift,United States,"Colorado Springs, Colorado","Sep 5, 2002","5'9""",135 lbs,Team Victory
/fighter/Eliot-Marshall-15104,Eliot Marshall,The Fire,United States,"Boulder, Colorado","Jul 7, 1980","6'3""",205 lbs,Grudge Training Center
/fighter/Elise-Reed-278133,Elise Reed,,United States,"Princeton, New Jersey","Dec 5, 1992","5'3""",115 lbs,Kickside Martial Arts
/fighter/Elisha-Ellison-426649,Elisha Ellison,Snack Panther,United States,"Enumclaw, Washington","Mar 5, 1997","5'11""",236 lbs,Combat Sport & Fitness
/fighter/Elizabeth-Phillips-83021,Elizabeth Phillips,,United States,"Spokane, Washington","Aug 20, 1986","5'6""",135 lbs,SikJitsu
/fighter/Elizeu-Zaleski-dos-Santos-63825,Elizeu Zaleski dos Santos,Capoeira,Brazil,"Francisco Beltrao, Parana","Nov 12, 1986","5'11""",170 lbs,CM System
/fighter/Elves-Brener-224229,Elves Brener,,Brazil,"Maues, Amazonas","Sep 27, 1997","5'10""",155 lbs,Chute Boxe Diego Lima
/fighter/Elvis-Mutapcic-28038,Elvis Mutapcic,The King,United States,"Des Moines, Iowa","Jul 19, 1986","6'0""",185 lbs,RoundKick Gym
/fighter/Elvis-Sinosic-281,Elvis Sinosic,The King of Rock n Rumble,Australia,Sydney,"Feb 13, 1971","6'3""",199 lbs,
/fighter/Emil-Meek-66143,Emil Meek,Valhalla,Norway,Trondheim,"Aug 20, 1988","5'11""",170 lbs,Xtreme Couture
/fighter/Emily-Ducote-207407,Emily Ducote,Gordinha,United States,"Oklahoma City, Oklahoma","Jan 1, 1994","5'2""",119 lbs,American Top Team OKC
/fighter/Emily-Kagan-68959,Emily Kagan,,United States,"Albuquerque, New Mexico","Jul 14, 1981","5'3""",115 lbs,Jackson-Wink MMA
/fighter/Emily-Whitmire-61380,Emily Whitmire,Spitfire,United States,"Hillsboro, Oregon","May 24, 1991","5'5""",125 lbs,Syndicate MMA
/fighter/Emmanuel-Yarborough-39,Emmanuel Yarborough,Manny,United States,"Rahway, New Jersey","Sep 5, 1964","6'8""",600 lbs,Freelance
/fighter/Enrique-Barzola-129351,Enrique Barzola,El Fuerte,Peru,"El Agustino, Lima","Apr 25, 1989","5'7""",146 lbs,American Kickboxing Academy
/fighter/Enrique-Briones-20939,Enrique Briones,Henry Bure,Mexico,"Tijuana, Baja California","Oct 22, 1980","5'8""",135 lbs,Entram Gym
/fighter/Enrique-Marin-27077,Enrique Marin,Wasabi,Spain,"Seville, Andalusia","Sep 2, 1986","5'10""",165 lbs,Sutemi MMA
/fighter/Enson-Inoue-12,Enson Inoue,Yamato Damashi,Japan,"Omiya, Saitama","Apr 15, 1967","5'10""",204 lbs,Purebred Omiya
/fighter/Eo-Jin-Park-390120,Eo Jin Park,Young Boss,South Korea,"Daejeon, Hoseo","Dec 26, 2001","6'0""",146 lbs,Team Young
/fighter/Eperaim-Ginting-302541,Eperaim Ginting,The Wolfman,Indonesia,"Medan, Karo","Nov 30, 1995","5'4""",135 lbs,Bali MMA
/fighter/Eric-Martin-151,Eric Martin,,United States,"Oklahoma City, Oklahoma",,"6'4""",229 lbs,
/fighter/Eric-McConico-206921,Eric McConico,,United States,"Corvallis, Oregon","May 9, 1990","6'0""",186 lbs,MMA Lab
/fighter/Eric-Nolan-346419,Eric Nolan,Night Time,United States,"Edison, New Jersey","Sep 13, 1997","5'11""",170 lbs,Lionheart Mixed Martial Arts
/fighter/Eric-Schafer-13275,Eric Schafer,Red,United States,"Milwaukee, Wisconsin","Sep 20, 1977","6'3""",185 lbs,Red Schafer MMA
/fighter/Eric-Shelton-86414,Eric Shelton,Showtime,United States,"Lawton, Oklahoma","Feb 2, 1991","5'6""",136 lbs,Take The Fight Academy
/fighter/Eric-Spicely-63723,Eric Spicely,Zebrinha,United States,"Olneyville, Rhode Island","Sep 29, 1986","6'1""",185 lbs,Syndicate MMA
/fighter/Eric-Wisely-25320,Eric Wisely,Little Lee,United States,"Clinton, Iowa","Jul 25, 1984","5'8""",155 lbs,Team Conquest
/fighter/Erick-Gonzalez-158233,Erick Gonzalez,The Ghost Pepper,United States,"Torrance, California","Jan 20, 1992","5'10""",155 lbs,Fight Science
/fighter/Erick-Montano-40308,Erick Montano,Perry,Mexico,Mexico City,"Nov 19, 1985","6'0""",169 lbs,Bonebreakers MMA
/fighter/Erick-Silva-15009,Erick Silva,A Fierce Tiger,Brazil,"Vila Velha, Espirito Santo","Jun 21, 1984","5'11""",170 lbs,Team Nogueira
/fighter/Ericka-Almeida-98419,Ericka Almeida,,Brazil,"Sorocaba, Sao Paulo","Mar 5, 1989","5'6""",135 lbs,Team Nogueira
/fighter/Erik-Koch-23390,Erik Koch,The Phoenix,United States,"Cedar Rapids, Iowa","Oct 4, 1988","5'10""",155 lbs,Roufusport
/fighter/Erik-Perez-35509,Erik Perez,Goyito,Mexico,"Monterrey, Nuevo Leon","Nov 19, 1989","5'7""",145 lbs,Alliance MMA
/fighter/Erik-Silva-220027,Erik Silva,The King,Venezuela,"Caracas, Capital District","Mar 16, 1987","5'10""",145 lbs,Antonio Silva Martial Arts
/fighter/Erin-Blanchfield-283251,Erin Blanchfield,Cold Blooded,United States,"Elmwood Park, New Jersey","May 4, 1999","5'4""",125 lbs,Renzo Gracie Jiu-Jitsu
/fighter/Ernest-Chavez-80837,Ernest Chavez,The Mad Titan,United States,"Tustin, California","Jun 27, 1983","5'8""",146 lbs,Total MMA Studios
/fighter/Ernesta-Kareckaite-319093,Ernesta Kareckaite,Heavy-Handed,Lithuania,Kaunas,"Jul 5, 1998","5'9""",130 lbs,Fighters Land
/fighter/Ernie-Verdicia-63,Ernie Verdicia,The Fighting Paramedic,United States,"Miami, Florida",,"5'10""",219 lbs,
/fighter/Eros-Baluyot-417745,Eros Baluyot,,Philippines,"Manila, National Capital Region","Oct 23, 1992","5'4""",125 lbs,Atos Jiu-Jitsu
/fighter/Eryk-Anders-93407,Eryk Anders,Ya Boi,United States,"Birmingham, Alabama","Apr 21, 1987","6'1""",185 lbs,Spartan Fitness MMA
/fighter/Esteban-Ribovics-214867,Esteban Ribovics,El Gringo,Argentina,"Tartagal, Salta","Apr 27, 1996","5'10""",156 lbs,Kill Cliff FC
/fighter/Estevan-Payan-24952,Estevan Payan,El Terrible,United States,"Tempe, Arizona","Apr 3, 1982","5'10""",148 lbs,Arizona Combat Sports
/fighter/Ethyn-Ewing-312049,Ethyn Ewing,The Professor Finesser,United States,"Anaheim Hills, California","Feb 16, 1998","5'8""",135 lbs,CSW Training Center
/fighter/Eugene-Jackson-222,Eugene Jackson,The Wolf,United States,"East Palo Alto, California","Sep 23, 1966","5'8""",185 lbs,Gladiators Training Academy
/fighter/Eugenio-Tadeu-187,Eugenio Tadeu,,Brazil,Rio de Janeiro,"Aug 17, 1963","5'8""",170 lbs,
/fighter/Evan-Dunham-22038,Evan Dunham,,United States,"Eugene, Oregon","Dec 18, 1981","5'10""",155 lbs,Xtreme Couture
/fighter/Evan-Elder-269245,Evan Elder,The Phenom,United States,"Stockton, California","Apr 11, 1997","5'9""",155 lbs,Syndicate MMA
/fighter/Evan-Tanner-212,Evan Tanner,,United States,"Amarillo, Texas","Feb 11, 1971","6'0""",185 lbs,Hard Knocks Kickboxing
/fighter/Ezra-Elliott-415646,Ezra Elliott,,United States,Arizona,"May 18, 2000","5'10""",148 lbs,MMA Lab
/fighter/Fabia-Sintes-258937,Fabia Sintes,El Potro Menorquin,Spain,"Barcelona, Catalonia","Jul 27, 1994","5'8""",125 lbs,Levium Armorum Team
/fighter/Fabiano-Iha-218,Fabiano Iha,,United States,"Huntington Beach, California","Jul 28, 1970","5'8""",155 lbs,
/fighter/Fabiano-Scherner-7690,Fabiano Scherner,Pega-Leve,Brazil,"Florianopolis, Santa Catarina","Jun 30, 1972","6'4""",257 lbs,Gracie Barra Portland
/fighter/Fabio-Cherant-230293,Fabio Cherant,The Water Buffalo,United States,"Wrentham, Massachusetts","Nov 25, 1994","6'1""",250 lbs,Kill Cliff FC
/fighter/Fabio-Gurgel-146,Fabio Gurgel,,Brazil,Rio de Janeiro,"Jan 18, 1970","6'0""",205 lbs,Alliance
/fighter/Fabio-Maldonado-16426,Fabio Maldonado,Caipira de Aco,Brazil,"Sorocaba, Sao Paulo","Mar 17, 1980","6'1""",227 lbs,Team Maldonado
/fighter/Fabricio-Camoes-2427,Fabricio Camoes,Morango,Brazil,Rio de Janeiro,"Dec 23, 1978","5'9""",155 lbs,Gracie Humaita
/fighter/Fabricio-Werdum-8390,Fabricio Werdum,Vai Cavalo,Brazil,"Porto Alegre, Rio Grande do Sul","Jul 30, 1977","6'4""",246 lbs,Werdum Combat Team
/fighter/Falaniko-Vitale-370,Falaniko Vitale,Niko,United States,"Honolulu, Hawaii","Jul 14, 1974","5'10""",185 lbs,808 Top Team
/fighter/Fares-Ziam-184241,Fares Ziam,Smile Killer,France,Venissieux,"Mar 21, 1997","6'0""",155 lbs,Kill Cliff FC
/fighter/Farid-Basharat-222641,Farid Basharat,Ferocious,England,London,"Aug 2, 1997","5'6""",135 lbs,American Top Team
/fighter/Farida-Abdueva-396921,Farida Abdueva,,Kyrgyzstan,Bishkek,"May 15, 2004","5'4""",116 lbs,Tiger Muay Thai
/fighter/Farman-Hasanov-410721,Farman Hasanov,,Azerbaijan,Baku,"Aug 1, 1995","6'0""",171 lbs,Renzo Gracie Academy
/fighter/Fatima-Kline-300151,Fatima Kline,The Archangel,United States,"Hyde Park, New York","Jul 12, 2000","5'6""",115 lbs,MK Muay Thai
/fighter/Felice-Herrig-42432,Felice Herrig,Lil Bulldog,United States,"Buffalo Grove, Illinois","Sep 18, 1984","5'4""",115 lbs,Team Curran
/fighter/Felicia-Spencer-203909,Felicia Spencer,FeeNom,United States,"Winter Park, Florida","Nov 29, 1990","5'6""",145 lbs,The Jungle MMA & Fitness
/fighter/Felipe-Arantes-31372,Felipe Arantes,Sertanejo,Brazil,"Sao Paulo, Sao Paulo","Feb 9, 1988","5'8""",145 lbs,Chute Boxe Diego Lima
/fighter/Felipe-Bunes-135973,Felipe Bunes,Felipinho,Brazil,"Natal, Rio Grande do Norte","Oct 26, 1989","5'7""",125 lbs,Pitbull Brothers
/fighter/Felipe-Colares-144701,Felipe Colares,Cabocao,Brazil,"Macapa, Amapa","Mar 31, 1994","5'9""",135 lbs,Team Nogueira
/fighter/Felipe-Franco-415770,Felipe Franco,Negao,Brazil,"Salvador, Bahia","Jan 22, 2001","6'1""",205 lbs,Galpao da Luta
/fighter/Felipe-Lima-205627,Felipe Lima,Jungle Boy,Brazil,"Manaus, Amazonas","May 7, 1998","5'6""",146 lbs,Allstars Training Center
/fighter/Felipe-Olivieri-28181,Felipe Olivieri,,Brazil,"Rio de Janeiro, Rio de Janeiro","Apr 12, 1985","5'10""",160 lbs,Nova Uniao
/fighter/Felipe-Silva-128357,Felipe Silva,,Brazil,"Juiz de Fora, Minas Gerais","Aug 5, 1984","6'0""",155 lbs,CM System
/fighter/Felipe-dos-Santos-324589,Felipe dos Santos,Lipe Detona,Brazil,"Maceio, Alagoas","Sep 11, 2000","5'7""",124 lbs,Chute Boxe Diego Lima
/fighter/Felix-Mitchell-45,Felix Mitchell,,United States,"Antioch, Tennessee",,"5'11""",220 lbs,
/fighter/Fernando-Bruno-25491,Fernando Bruno,Acougueiro,Brazil,"Rio de Janeiro, Rio de Janeiro","Feb 24, 1982","5'6""",145 lbs,CTC Nova Uniao
/fighter/Fernando-Padilla-228071,Fernando Padilla,The Brave,Mexico,"Juarez, Chihuahua","Dec 15, 1996","6'1""",145 lbs,Team Oyama
/fighter/Fernie-Garcia-112047,Fernie Garcia,,United States,"Dallas, Texas","Apr 12, 1992","5'7""",145 lbs,Fortis MMA
/fighter/Filip-Pejic-85664,Filip Pejic,Nitro,Croatia,Zagreb,"Jul 21, 1992","5'10""",152 lbs,American Top Team Zagreb
/fighter/Flavio-Luiz-Moura-225,Flavio Luiz Moura,,Brazil,Rio de Janiero,"Jan 26, 1976","5'11""",187 lbs,Gracie Fusion
/fighter/Floyd-Sword-340,Floyd Sword,,United States,"Farmington, New Mexico",,"5'11""",185 lbs,Team Four Corners
/fighter/Forrest-Griffin-3526,Forrest Griffin,,United States,"Athens, Georgia","Jul 1, 1979","6'3""",205 lbs,Xtreme Couture
/fighter/Forrest-Petz-4411,Forrest Petz,The Meat Cleaver,United States,"Cleveland, Ohio","Sep 22, 1975","5'9""",185 lbs,Strong Style Fight Team
/fighter/Francesco-Maturi-117,Francesco Maturi,Fang,Canada,,,"5'11""",240 lbs,
/fighter/Francesco-Nuzzi-224863,Francesco Nuzzi,Berserker,Italy,Altamura,"Apr 28, 1996","5'3""",135 lbs,Aurora MMA
/fighter/Francimar-Barroso-14702,Francimar Barroso,Bodao,Brazil,"Xapuri, Acre","Feb 29, 1980","6'1""",262 lbs,GOR MMA
/fighter/Francis-Carmont-9798,Francis Carmont,Limitless,France,Paris,"Nov 10, 1981","6'3""",205 lbs,Tristar Gym
/fighter/Francis-Marshall-282887,Francis Marshall,Fire,United States,"Jersey City, New Jersey","Mar 9, 1999","5'9""",155 lbs,American Top Team
/fighter/Francis-Ngannou-152341,Francis Ngannou,The Predator,France,Paris,"Sep 5, 1986","6'4""",257 lbs,Xtreme Couture
/fighter/Francisco-Figueiredo-69484,Francisco Figueiredo,Sniper,Brazil,"Soure, Para","Oct 23, 1989","5'7""",125 lbs,Team Figueiredo
/fighter/Francisco-Prado-337565,Francisco Prado,,Argentina,"San Lorenzo, Santa Fe","Jun 16, 2002","5'10""",170 lbs,American Top Team
/fighter/Francisco-Rivera-11908,Francisco Rivera,Cisco,United States,"Buena Park, California","Oct 8, 1981","5'8""",135 lbs,All In MMA
/fighter/Francisco-Trevino-38029,Francisco Trevino,Sitkayan,United States,"Edinburg, Texas","Dec 17, 1981","5'10""",155 lbs,Macaco Gold Team
/fighter/Francisco-Trinaldo-31103,Francisco Trinaldo,Massaranduba,Brazil,"Brasilia, Federal District","Aug 24, 1978","5'8""",170 lbs,Brazilian TKO
/fighter/Frank-Camacho-22114,Frank Camacho,The Crank,Northern Mariana Islands,Saipan,"May 18, 1989","5'10""",155 lbs,Team Oyama
/fighter/Frank-Caracci-211,Frank Caracci,,United States,"New Orleans, Louisiana","Feb 16, 1970","5'7""",205 lbs,
/fighter/Frank-Hamaker-29,Frank Hamaker,,Netherlands,Amsterdam,,"6'2""",245 lbs,
/fighter/Frank-Lester-22791,Frank Lester,The Tank,United States,"Temecula, California","Jun 10, 1984","5'11""",170 lbs,Jackson-Wink MMA
/fighter/Frank-Mir-2329,Frank Mir,,United States,"Las Vegas, Nevada","May 24, 1979","6'3""",262 lbs,Frank Mir Gym
/fighter/Frank-Shamrock-284,Frank Shamrock,,United States,"Santa Monica, California","Dec 8, 1972","5'10""",185 lbs,The Alliance
/fighter/Frank-Trigg-311,Frank Trigg,Twinkle Toes,United States,"Rochester, New York","May 7, 1972","5'8""",181 lbs,Xtreme Couture
/fighter/Frankie-Edgar-14204,Frankie Edgar,The Answer,United States,"Toms River, New Jersey","Oct 16, 1981","5'6""",136 lbs,Ricardo Almeida Jiu-Jitsu
/fighter/Frankie-Perez-79784,Frankie Perez,,United States,"Howell, New Jersey","May 11, 1989","5'11""",155 lbs,Ricardo Almeida Jiu-Jitsu
/fighter/Frankie-Saenz-55410,Frankie Saenz,,United States,"Scottsdale, Arizona","Aug 12, 1980","5'6""",135 lbs,Fight Ready
/fighter/Fred-Ettish-36,Fred Ettish,,United States,"Bemiji, Minnesota","Oct 12, 1955","6'0""",180 lbs,
/fighter/Fredson-Paixao-10432,Fredson Paixao,,United States,"Las Vegas, Nevada","May 13, 1979","5'6""",145 lbs,Syndicate MMA
/fighter/Fredy-Serrano-112413,Fredy Serrano,El Profe,Colombia,"Bogota, Capital District","Sep 22, 1979","5'2""",125 lbs,MMA Colombia
/fighter/Gabe-Ruediger-5542,Gabe Ruediger,Godzilla,United States,"Rancho Cucamonga, California","Aug 29, 1977","5'10""",155 lbs,PKG
/fighter/Gable-Steveson-483540,Gable Steveson,,United States,"Portage, Indiana","May 31, 2000","6'1""",241 lbs,La Bodega Fight Club
/fighter/Gabriel-Benitez-25733,Gabriel Benitez,Moggly,Mexico,"Tijuana, Baja California","Jun 15, 1988","5'8""",155 lbs,American Kickboxing Academy
/fighter/Gabriel-Bonfim-185083,Gabriel Bonfim,Marretinha,Brazil,"Brasilia, Distrito Federal","Aug 20, 1997","6'0""",170 lbs,Bonfim Brothers
/fighter/Gabriel-Gonzaga-7306,Gabriel Gonzaga,Napao,Brazil,Rio de Janeiro,"May 18, 1979","6'2""",264 lbs,Team Link
/fighter/Gabriel-Green-195027,Gabriel Green,Gifted,United States,"Downey, California","May 2, 1993","5'10""",155 lbs,Subfighter MMA
/fighter/Gabriel-Lourenco-398156,Gabriel Lourenco,Black Mamba,Brazil,"Encantado, Rio Grande do Sul","Sep 30, 1999","6'3""",265 lbs,Chute Boxe
/fighter/Gabriel-Miranda-108691,Gabriel Miranda,Fly,Brazil,"Telemaco Borba, Parana","Mar 25, 1990","5'11""",170 lbs,CM System
/fighter/Gabriel-Santos-179211,Gabriel Santos,Mosquitinho,Brazil,"Fortaleza, Ceara","Nov 28, 1996","5'10""",145 lbs,Chute Boxe Diego Lima
/fighter/Gabriel-Silva-128611,Gabriel Silva,Gabito,Brazil,"Vila Velha, Espirito Santo","Aug 26, 1994","5'6""",145 lbs,Team Nogueira
/fighter/Gabriella-Fernandes-232327,Gabriella Fernandes,Gabi,Brazil,"Sao Goncalo, Rio de Janeiro","Aug 13, 1993","5'6""",125 lbs,MMA Masters
/fighter/Gadzhi-Omargadzhiev-145315,Gadzhi Omargadzhiev,,Russia,Moscow,"Feb 24, 1993","6'1""",185 lbs,CSKA Moscow
/fighter/Gadzhimurad-Antigulov-55325,Gadzhimurad Antigulov,,Russia,"Makhachkala, Dagestan","Jan 1, 1987","5'11""",205 lbs,American Top Team
/fighter/Gaetano-Pirrello-54431,Gaetano Pirrello,El Tigre,Belgium,"La Louviere, Hainaut","Apr 29, 1992","5'7""",145 lbs,Osman Gym
/fighter/Galore-Bofando-59466,Galore Bofando,The Paranormal,England,"London, Greater London",,"5'11""",170 lbs,London Shootfighters
/fighter/Gan-McGee-273,Gan McGee,The Giant,United States,"San Luis Obispo, California","Nov 20, 1976","6'10""",260 lbs,S.K.S. Fight Team
/fighter/Garett-Whiteley-39261,Garett Whiteley,,United States,"Indianapolis, Indiana","Dec 13, 1980","6'0""",155 lbs,IndyBoxing and Grappling
/fighter/Garreth-McLellan-71237,Garreth McLellan,Soldier Boy,South Africa,"Johannesburg, Gauteng","Jan 9, 1982","6'1""",185 lbs,FightFit Militia
/fighter/Garrett-Armfield-254941,Garrett Armfield,,United States,"Springfield, Missouri","Oct 9, 1996","5'7""",135 lbs,Springfield Fight Club
/fighter/Gary-Goodridge-129,Gary Goodridge,Big Daddy,Canada,"Barrie, Ontario","Jan 17, 1966","6'3""",240 lbs,Big Daddy Fight Team
/fighter/Gasan-Umalatov-53109,Gasan Umalatov,,Russia,"Zinzeli, Astrakhan Oblast","Nov 3, 1983","5'11""",181 lbs,Astrakhan Top Team
/fighter/Gaston-Bolanos-140905,Gaston Bolanos,The Dreamkiller,United States,"Dublin, California","Sep 14, 1992","5'7""",135 lbs,CSA
/fighter/Gauge-Young-325407,Gauge Young,Gee Money,United States,"Kansas City, Missouri","Jul 14, 2000","5'9""",156 lbs,Ignite Jiu Jitsu & MMA Academy
/fighter/Gavin-Tucker-78469,Gavin Tucker,Guv'Nor,Canada,"Ship Cove, Newfoundland","Jun 17, 1986","5'7""",145 lbs,Titans MMA
/fighter/Geane-Herrera-79290,Geane Herrera,La Pulga,United States,"Tampa, Florida","May 27, 1990","5'5""",125 lbs,Banks MMA
/fighter/Gegard-Mousasi-7466,Gegard Mousasi,The Dreamcatcher,Netherlands,"Leiden, South Holland","Aug 1, 1985","6'2""",185 lbs,Team Jurojin
/fighter/Genaro-Valdez-227047,Genaro Valdez,Rayadito,Mexico,"Tijuana, Baja California","Jan 16, 1992","5'10""",155 lbs,Entram Gym
/fighter/Genki-Sudo-1227,Genki Sudo,Neo-Samurai,Japan,"Koto, Tokyo","Mar 8, 1978","5'9""",155 lbs,Beverly Hills Jiu-Jitsu Club
/fighter/Geoff-Neal-72107,Geoff Neal,Handz of Steel,United States,"Harker Heights, Texas","Aug 28, 1990","5'11""",170 lbs,Fortis MMA
/fighter/George-Mangos-301259,George Mangos,,Australia,"Sydney, New South Wales","Aug 19, 2003","5'9""",146 lbs,Lion's Den Academy
/fighter/George-Roop-16415,George Roop,,United States,"Tucson, Arizona","Nov 10, 1981","6'1""",135 lbs,Apex MMA
/fighter/George-Sotiropoulos-11702,George Sotiropoulos,,Australia,"Geelong, Victoria","Jul 9, 1977","5'10""",155 lbs,American Top Team
/fighter/George-Sullivan-15148,George Sullivan,The Silencer,United States,"Belmar, New Jersey","Mar 13, 1981","6'0""",169 lbs,Pellegrino MMA
/fighter/George-Tokkos-175999,George Tokkos,Tuco,England,"London, Greater London","Jun 30, 1990","6'4""",205 lbs,Kill Cliff FC
/fighter/Georges-St-Pierre-3500,Georges St. Pierre,Rush,Canada,"St. Isidore, Quebec","May 19, 1981","5'10""",170 lbs,Tristar Gym
/fighter/Gerald-Harris-17903,Gerald Harris,Hurricane,United States,"Tulsa, Oklahoma","Nov 19, 1979","5'11""",170 lbs,Hurricane Fitness
/fighter/Gerald-Meerschaert-21501,Gerald Meerschaert,GM3,United States,"Racine, Wisconsin","Dec 18, 1987","6'1""",190 lbs,Kill Cliff FC
/fighter/Gerald-Strebendt-2327,Gerald Strebendt,The Finishing Machine,United States,"Los Angeles, California","Mar 1, 1979","5'9""",155 lbs,10th Planet Jiu-Jitsu
/fighter/Geraldo-de-Freitas-Jr-107229,Geraldo de Freitas Jr.,The Spartan,Brazil,"Conselheiro Lafaiete, Minas Gerais","Sep 30, 1991","5'9""",146 lbs,Nova Uniao
/fighter/Gerard-Gordeau-15,Gerard Gordeau,,Netherlands,The Hague,"Mar 30, 1955","6'5""",216 lbs,Kamakura
/fighter/Germaine-de-Randamie-41745,Germaine de Randamie,The Iron Lady,Netherlands,Utrecht,"Apr 24, 1984","5'9""",135 lbs,American Kickboxing Academy
/fighter/Gerry-Harris-83,Gerry Harris,,United States,"Eureka, California",,"6'8""",313 lbs,
/fighter/Geza-Kalman-115,Geza Kalman,Big Dawg,Canada,"Cambridge, Ontario",,"5'10""",265 lbs,
/fighter/Gezhen-Re-415807,Gezhen Re,Chocolate Boy,China,"Chengdu, Sichuan","Feb 28, 2001","5'8""",145 lbs,Enbo Fight Club
/fighter/Gian-Siqueira-117911,Gian Siqueira,Pitbull,Brazil,"Balneario Camboriu, Santa Catarina","Jun 23, 1994","6'0""",175 lbs,Astra Fight Team
/fighter/Gian-Villante-42802,Gian Villante,,United States,"Bellmore, New York","Aug 18, 1985","6'2""",261 lbs,Bellmore Kickboxing Academy
/fighter/Gianni-Vazquez-188217,Gianni Vazquez,Kriptonita,Mexico,Mexico City,"Jul 13, 1994","5'7""",143 lbs,Calmecac Team
/fighter/Gideon-Ray-4555,Gideon Ray,,United States,"Roselle, Illinois","May 27, 1973","5'10""",170 lbs,MMA Masters Chicago
/fighter/Giga-Chikadze-213745,Giga Chikadze,Ninja,Georgia,Tbilisi,"Aug 25, 1988","6'0""",145 lbs,Kings MMA
/fighter/Gil-Castillo-553,Gil Castillo,,United States,"Concord, California","Oct 21, 1965","5'9""",170 lbs,Cesar Gracie Fight Team
/fighter/Gilbert-Aldana-10334,Gilbert Aldana,El Peligro,United States,"Chandler, Arizona","Aug 25, 1977","6'1""",250 lbs,Brausa Academy
/fighter/Gilbert-Burns-91727,Gilbert Burns,Durinho,Brazil,"Niteroi, Rio de Janeiro","Jul 20, 1986","5'10""",170 lbs,Kill Cliff FC
/fighter/Gilbert-Melendez-5545,Gilbert Melendez,El Nino,United States,"San Francisco, California","Apr 12, 1982","5'9""",155 lbs,Skrap Pack
/fighter/Gilbert-Smith-65128,Gilbert Smith,Chocolate Thunder,United States,"Colorado Springs, Colorado","Oct 19, 1981","5'9""",170 lbs,Team Victory
/fighter/Gilbert-Urbina-167419,Gilbert Urbina,,United States,"Weslaco, Texas","Apr 5, 1996","6'3""",185 lbs,BMF Ranch
/fighter/Gilbert-Yvel-323,Gilbert Yvel,The Hurricane,Netherlands,Amsterdam,"Jun 30, 1976","6'2""",265 lbs,Throwdown
/fighter/Gillian-Robertson-219015,Gillian Robertson,The Savage,Canada,"Niagara Falls, Ontario","May 17, 1995","5'5""",115 lbs,The Goat Shed Academy
/fighter/Gina-Mazany-36287,Gina Mazany,Danger,United States,"Anchorage, Alaska","Aug 19, 1988","5'6""",125 lbs,Glory MMA & Fitness
/fighter/Giovanna-Canuto-380339,Giovanna Canuto,GiGi / Diamond,Brazil,"Manaus, Amazonas","Nov 16, 2002","5'2""",116 lbs,Cobrinha BJJ
/fighter/Glaico-Franca-117927,Glaico Franca,Brazilian Zombie,Brazil,"Balneario Camboriu, Santa Catarina","Feb 28, 1991","6'0""",170 lbs,American Top Team
/fighter/Gleison-Tibau-5993,Gleison Tibau,,Brazil,"Mossoro, Rio Grande do Norte","Jul 10, 1983","5'10""",170 lbs,American Top Team
/fighter/Gloria-de-Paula-230933,Gloria de Paula,Glorinha,Brazil,"Campinas, Sao Paulo","Jun 10, 1995","5'5""",116 lbs,Fabiana Belai Muay Thai Academy
/fighter/Glover-Teixeira-4655,Glover Teixeira,,Brazil,"Sobralia, Minas Gerais","Oct 28, 1979","6'2""",205 lbs,Teixeira MMA & Fitness
/fighter/Godofredo-Castro-40623,Godofredo Castro,Pepey,Brazil,"Fortaleza, Ceara","Jul 2, 1987","5'11""",170 lbs,GCPepey Team
/fighter/Gokhan-Saki-10925,Gokhan Saki,The Rebel,Turkey,Kars,"Oct 19, 1983","6'0""",205 lbs,Mike's Gym
/fighter/Gokhan-Saricam-291351,Gokhan Saricam,,Turkey,Istanbul,"Feb 26, 1991","6'3""",245 lbs,MMA Vlaardingen
/fighter/Goran-Reljic-10165,Goran Reljic,Ghost,Croatia,"Zadar, Dalmatia","Mar 20, 1984","6'3""",205 lbs,Renbukai Training Center
/fighter/Grant-Dawson-103525,Grant Dawson,KGD,United States,"Stromsburg, Nebraska","Feb 20, 1994","5'10""",155 lbs,American Top Team
/fighter/Gray-Maynard-15835,Gray Maynard,The Bully,United States,"Santa Cruz, California","Sep 5, 1979","5'8""",145 lbs,American Kickboxing Academy
/fighter/Greg-Hardy-271461,Greg Hardy,Prince of War,United States,"Millington, Tennessee","Jul 28, 1988","6'5""",265 lbs,Skills Sport & Fitness
/fighter/Greg-Soto-19080,Greg Soto,,United States,"Oakhurst, New Jersey","Jun 3, 1986","5'11""",170 lbs,Pellegrino MMA
/fighter/Greg-Stott-179,Greg Stott,The Ranger,United States,"Sanford, North Carolina",,"5'7""",240 lbs,
/fighter/Gregor-Gillespie-111701,Gregor Gillespie,The Gift,United States,"New York, New York","Mar 18, 1987","5'9""",155 lbs,Bellmore Kickboxing Academy
/fighter/Gregory-Rodrigues-176275,Gregory Rodrigues,RoboCop,Brazil,"Porto Velho, Rondonia","Feb 17, 1992","6'3""",185 lbs,Kill Cliff FC
/fighter/Grigory-Popov-131039,Grigory Popov,,Russia,"Yakutsk, Sakha","Apr 18, 1984","5'6""",135 lbs,Tiger Muay Thai
/fighter/Guan-Wang-26368,Guan Wang,The Dongbei Tiger,China,"Beipiao, Liaoning","Mar 14, 1986","5'11""",145 lbs,American Top Team
/fighter/Guangyou-Ning-26389,Guangyou Ning,Smasher,China,"Cangzhou, Hebei","Dec 15, 1981","5'5""",145 lbs,Tiger Muay Thai
/fighter/Gugun-Gusman-132799,Gugun Gusman,The Tiger,Indonesia,"Bandung, West Java","Mar 3, 1990","5'7""",135 lbs,Bandung Fighting Club
/fighter/Guido-Cannetti-69513,Guido Cannetti,Ninja,Argentina,"Mar del Plata, Buenos Aires","Dec 19, 1979","5'6""",135 lbs,Our Town MMA
/fighter/Guilherme-Pat-416559,Guilherme Pat,Kong,Brazil,"Sao Paulo, Sao Paulo","Apr 20, 1994","6'5""",250 lbs,Lotus Club
/fighter/Guilherme-Vasconcelos-108499,Guilherme Vasconcelos,Bomba,Brazil,"Belo Horizonte, Minas Gerais","Mar 23, 1986","6'0""",170 lbs,BH Rhinos
/fighter/Gunnar-Nelson-25246,Gunnar Nelson,Gunni,Iceland,Reykjavik,"Jul 28, 1988","5'11""",170 lbs,Mjolnir
/fighter/Guram-Kutateladze-127817,Guram Kutateladze,Georgian Viking,Georgia,Tbilisi,"Jan 8, 1992","5'11""",155 lbs,Allstars Training Center
/fighter/Gustavo-Lopez-107201,Gustavo Lopez,,United States,"Wapato, Washington","Jun 27, 1989","5'5""",140 lbs,Titan Gym
/fighter/Guto-Inocente-17786,Guto Inocente,,Brazil,"Brasilia, Federal District","May 29, 1986","6'3""",250 lbs,Real Kombat Technique
/fighter/Guy-Mezger-14,Guy Mezger,The Sandman,United States,"Houston, Texas","Jan 1, 1968","6'1""",200 lbs,Lion's Den Dallas
/fighter/Gwan-Woo-Lim-417171,Gwan Woo Lim,The Giant,South Korea,Seoul,"Jul 27, 2001","6'2""",146 lbs,Extreme Combat
/fighter/Hacran-Dias-19789,Hacran Dias,Barnabe,Brazil,"Rio de Janeiro, Rio de Janeiro","May 16, 1984","5'8""",171 lbs,Nova Uniao
/fighter/Hailey-Cowan-271495,Hailey Cowan,All Hail,United States,"Waco, Texas","Feb 12, 1992","5'8""",136 lbs,Blitz MMA
/fighter/Haitao-Ti-291011,Haitao Ti,,China,Shandong,"May 8, 2001","5'8""",136 lbs,Haoyue Fight Gym
/fighter/Hakeem-Dawodu-158725,Hakeem Dawodu,Mean,Canada,"Calgary, Alberta","Jul 2, 1991","5'8""",145 lbs,Champion's Creed MMA
/fighter/Hamdy-Abdelwahab-331853,Hamdy Abdelwahab,The Hammer,United States,"Queens, New York","Jan 22, 1993","6'2""",267 lbs,Killer B Combat Sports Academy
/fighter/Han-Seul-Kim-111321,Han Seul Kim,Spade,South Korea,Seoul,"Jun 19, 1990","6'2""",170 lbs,Korean Top Team
/fighter/Hannah-Cifers-117571,Hannah Cifers,Shockwave,United States,"Wake Forest, North Carolina","Jun 26, 1992","5'1""",115 lbs,Embrace Martial Arts
/fighter/Hannah-Goldy-204879,Hannah Goldy,24K,United States,"Dunedin, Florida","May 18, 1992","5'4""",115 lbs,Fusion X-Cel Performance
/fighter/Hans-Stringer-14825,Hans Stringer,,Netherlands,Zevenbergen,"Jul 6, 1987","6'2""",205 lbs,Blackzilians
/fighter/Harold-Howard-41,Harold Howard,,Canada,"Niagara Falls, Ontario",,"6'2""",240 lbs,
/fighter/Harry-Hardwick-165375,Harry Hardwick,Houdini,England,"Middlesbrough, North Yorkshire","Sep 29, 1994","5'10""",145 lbs,Middlesbrough Fight Academy
/fighter/Harry-Hunsucker-239513,Harry Hunsucker,The Hurricane,United States,"Richmond, Kentucky","Jan 3, 1989","6'2""",205 lbs,Elite Martial Arts & Fitness
/fighter/Harry-Moskowitz-176,Harry Moskowitz,Dirty,United States,"Ocean Springs, Mississippi","Jul 16, 1968","6'5""",275 lbs,
/fighter/Hatsu-Hioki-5466,Hatsu Hioki,,Japan,"Nagoya, Aichi","Jul 18, 1983","5'11""",145 lbs,Alive
/fighter/Hayato-Sakurai-432,Hayato Sakurai,Mach,Japan,"Ryugasaki, Ibaraki","Aug 24, 1975","5'7""",168 lbs,Mach Dojo
/fighter/Hayder-Hassan-46033,Hayder Hassan,Hulk,United States,"Coconut Creek, Florida","Oct 20, 1982","5'10""",170 lbs,American Top Team
/fighter/HeMan-Ali-Gipson-109,He-Man Ali Gipson,,United States,"Las Vegas, Nevada","Mar 1, 1973","6'1""",216 lbs,
/fighter/Heath-Herring-13,Heath Herring,The Texas Crazy Horse,United States,"Waco, Texas","Mar 2, 1978","6'4""",250 lbs,Las Vegas Combat Club
/fighter/Heather-Clark-67132,Heather Clark,Hurricane,United States,"Albuquerque, New Mexico","Sep 19, 1980","5'6""",115 lbs,Syndicate MMA
/fighter/Hecher-Sosa-236589,Hecher Sosa,Guanche Warrior,Spain,"Arrecife, Canary Islands","Aug 25, 1995","5'9""",135 lbs,Animal Fight Center
/fighter/Hector-Aldana-82725,Hector Aldana,El Charro,Mexico,"Mexicali, Baja California","Aug 17, 1988","5'11""",170 lbs,Torture Athletics
/fighter/Hector-Lombard-11292,Hector Lombard,Lightning,Cuba,Matanzas,"Feb 2, 1978","5'9""",185 lbs,UFD Gym
/fighter/Hector-Ramirez-10581,Hector Ramirez,Sick Dog,United States,"Norwalk, California","Mar 28, 1976","6'0""",205 lbs,
/fighter/Hector-Sandoval-35409,Hector Sandoval,Kid Alex,United States,"Ukiah, California","Jul 19, 1986","5'2""",125 lbs,Team Alpha Male
/fighter/Hector-Santiago-453620,Hector Santiago,,Brazil,"Sao Bernardo do Campo, Sao Paulo","Mar 21, 1993","5'4""",135 lbs,Team Lucas Mineiro
/fighter/Hector-Urbina-18168,Hector Urbina,El Toro,United States,"Chicago, Illinois","Sep 17, 1987","6'0""",170 lbs,
/fighter/Heili-Alateng-150691,Heili Alateng,The Mongolian Knight,China,Beijing,"Dec 14, 1991","5'6""",135 lbs,Fight Ready
/fighter/Henrique-da-Silva-175493,Henrique da Silva,Frankenstein,Brazil,"Limoeiro, Pernambuco","Sep 1, 1989","6'3""",205 lbs,Roxo Striker
/fighter/Henry-Cejudo-125297,Henry Cejudo,The Messenger / Triple C,United States,"Phoenix, Arizona","Feb 9, 1987","5'4""",135 lbs,Fight Ready
/fighter/Henry-Martinez-13237,Henry Martinez,,United States,"Albuquerque, New Mexico","Aug 7, 1983","5'7""",155 lbs,Team Irish
/fighter/Herbert-Burns-152211,Herbert Burns,The Blaze,Brazil,"Niteroi, Rio de Janeiro","Feb 2, 1988","5'9""",145 lbs,Kill Cliff FC
/fighter/Hermes-Franca-3068,Hermes Franca,,Brazil,"Fortaleza, Ceara","Aug 26, 1974","5'6""",170 lbs,Victory MMA
/fighter/Hernani-Perpetuo-28185,Hernani Perpetuo,,Brazil,"Rio de Janeiro, Rio de Janeiro","May 24, 1985","6'0""",170 lbs,Nova Uniao
/fighter/Holly-Holm-75125,Holly Holm,The Preacher's Daughter,United States,"Albuquerque, New Mexico","Oct 17, 1981","5'8""",135 lbs,Jackson-Wink MMA
/fighter/Homer-Moore-853,Homer Moore,Rock,United States,"Phoenix, Arizona","Nov 12, 1971","5'10""",205 lbs,
/fighter/Horacio-Gutierrez-172941,Horacio Gutierrez,The Punisher,Mexico,"Guadalajara, Jalisco","Sep 15, 1990","5'10""",145 lbs,Chicago Fight Team
/fighter/Houston-Alexander-2352,Houston Alexander,The Assassin,United States,"Omaha, Nebraska","Mar 22, 1972","6'0""",203 lbs,Grudge Training Center
/fighter/Houston-Dorr-178,Houston Dorr,,United States,"Diamond Head, Mississippi",,"6'0""",205 lbs,
/fighter/Huaxiang-Dong-256795,Huaxiang Dong,Hua Mulan,China,"Jing'an, Shanghai","Aug 21, 1998","5'3""",116 lbs,Enbo Fight Club
/fighter/Hugo-Duarte-200,Hugo Duarte,,Brazil,Rio De Janeiro,"Aug 9, 1968","6'0""",240 lbs,Hugo Duarte Luta Livre
/fighter/Hugo-Viana-65456,Hugo Viana,Wolverine,Brazil,"Salvador, Bahia","Sep 26, 1982","5'6""",135 lbs,Champion Team
/fighter/Humberto-Bandenay-110397,Humberto Bandenay,The Peruvian Problem,Peru,Lima,"Sep 4, 1994","5'11""",145 lbs,El Dogo Training Center
/fighter/Humberto-Brown-45721,Humberto Brown,,Panama,"Panama City, Panama","Nov 3, 1984","5'9""",145 lbs,Alleycat Fitness
/fighter/Hunter-Azure-251727,Hunter Azure,,United States,"Poplar, Montana","Mar 2, 1992","5'8""",145 lbs,Fight Ready
/fighter/Hyder-Amil-269917,Hyder Amil,The Hurricane,United States,"Vallejo, California","May 28, 1990","5'8""",145 lbs,El Nino Training Center
/fighter/Hyun-Gyu-Lim-21040,Hyun Gyu Lim,The Ace,South Korea,Seoul,"Jan 16, 1985","6'2""",185 lbs,Team Macho
/fighter/Hyun-Sung-Park-289999,Hyun Sung Park,Peace of Mind,South Korea,Gyeonggi,"Nov 4, 1995","5'7""",125 lbs,MMA Story
/fighter/Ian-Entwistle-50588,Ian Entwistle,Enty,England,Accrington,"Nov 19, 1986","5'8""",136 lbs,Apex MMA
/fighter/Ian-Freeman-242,Ian Freeman,The Machine,England,"Sunderland, Tyne and Wear","Dec 31, 1970","5'11""",205 lbs,Machine MMA
/fighter/Ian-Garry-268923,Ian Garry,The Future,Ireland,Dublin,"Nov 17, 1997","6'3""",170 lbs,Chute Boxe Diego Lima
/fighter/Ian-Heinisch-187341,Ian Heinisch,The Hurricane,United States,"Highlands Ranch, Colorado","Aug 5, 1988","5'11""",185 lbs,Genesis MMA
/fighter/Ian-Loveland-13793,Ian Loveland,The Barn Owl,United States,"Portland, Oregon","Sep 7, 1983","5'8""",135 lbs,Sports Lab
/fighter/Ian-McCall-5001,Ian McCall,Uncle Creepy,United States,"Dana Point, California","Jul 5, 1984","5'5""",125 lbs,Team Oyama
/fighter/Iasmin-Lucindo-264861,Iasmin Lucindo,,Brazil,"Fortaleza, Ceara","Jan 8, 2002","5'4""",115 lbs,Fight House
/fighter/Ibo-Aslan-247071,Ibo Aslan,The Last Ottoman,Turkey,Istanbul,"Apr 23, 1996","6'3""",205 lbs,Gym 23
/fighter/Icho-Larenas-10502,Icho Larenas,El Dogo,Argentina,Buenos Aires,"Dec 3, 1982","6'3""",255 lbs,
/fighter/Ignacio-Bahamondes-221417,Ignacio Bahamondes,La Jaula,Chile,"Santiago, Metropolitan Region","Aug 27, 1997","6'1""",170 lbs,Valle Flow Striking
/fighter/Igor-Araujo-12803,Igor Araujo,,Brazil,"Brasilia, Federal District","Dec 6, 1980","6'1""",170 lbs,Jackson-Wink MMA
/fighter/Igor-Pokrajac-7621,Igor Pokrajac,The Duke,Croatia,Zagreb,"Jan 2, 1979","6'0""",205 lbs,American Top Team
/fighter/Igor-Severino-321087,Igor Severino,The Hannibal,Brazil,"Juruti, Para","Apr 21, 2003","5'6""",135 lbs,Chute Boxe Joao Emilio
/fighter/Igor-Zinoviev-191,Igor Zinoviev,Houdini,Russia,St. Petersburg,"May 23, 1966","6'1""",195 lbs,
/fighter/Ihor-Potieria-188721,Ihor Potieria,The Duelist,Ukraine,Kyiv,"May 29, 1996","6'3""",188 lbs,Standard Pro
/fighter/Ikram-Aliskerov-202763,Ikram Aliskerov,,Russia,"Makhachkala, Dagestan","Dec 7, 1992","6'0""",185 lbs,KHK MMA
/fighter/Ikuhisa-Minowa-250,Ikuhisa Minowa,Minowaman Z,Japan,"Hashima, Gifu","Jan 12, 1976","5'9""",198 lbs,Freelance
/fighter/Ildemar-Alcantara-22223,Ildemar Alcantara,Marajo,Brazil,"Soure, Para","Nov 17, 1982","6'2""",185 lbs,Marajo Brothers Team
/fighter/Ilia-Topuria-202445,Ilia Topuria,El Matador,Georgia,"Rustavi, Kvemo Kartli","Jan 21, 1997","5'8""",155 lbs,Topuria Team
/fighter/Iliarde-Santos-39391,Iliarde Santos,,Brazil,"Escada, Pernambuco","Sep 25, 1980","5'3""",135 lbs,American Top Team
/fighter/Ilimbek-Akylbek-Uulu-388255,Ilimbek Akylbek Uulu,,Kyrgyzstan,,"Sep 1, 2003","5'7""",135 lbs,Tiger Muay Thai
/fighter/Ilir-Latifi-40207,Ilir Latifi,The Sledgehammer,Sweden,Malmo,"Jul 28, 1983","5'10""",250 lbs,Allstars Training Center
/fighter/Imanol-Rodriguez-418935,Imanol Rodriguez,Himan,Mexico,"Ensenada, Baja California","Nov 15, 1999","5'4""",125 lbs,Team Blackxicans
/fighter/Impa-Kasanganay-310489,Impa Kasanganay,Tshilobo,United States,"Fort Lauderdale, Florida","Jan 17, 1994","6'0""",185 lbs,Kill Cliff FC
/fighter/Ion-Cutelaba-101427,Ion Cutelaba,The Hulk,Moldova,Chisinau,"Dec 14, 1993","6'1""",205 lbs,Timoshkov Sport Club
/fighter/Irene-Aldana-148377,Irene Aldana,,Mexico,"Guadalajara, Jalisco","Mar 26, 1988","5'9""",135 lbs,Lobo Gym MMA
/fighter/Irina-Alekseeva-318403,Irina Alekseeva,Russian Ronda,Russia,"Chelyabinsk, Chelyabinsk Oblast","Jun 27, 1990","5'8""",135 lbs,Raty Team
/fighter/Irwin-Rivera-78383,Irwin Rivera,The Beast,United States,"New Windsor, New York","Feb 14, 1989","5'6""",135 lbs,Sanford MMA
/fighter/Isaac-Dulgarian-374778,Isaac Dulgarian,The MidWest Choppa,United States,"Kansas City, Missouri","Jul 4, 1996","5'7""",145 lbs,Factory X
/fighter/Isaac-Thomson-286035,Isaac Thomson,,Australia,"Sydney, New South Wales","May 3, 2002","5'11""",145 lbs,Team Alpha Male
/fighter/Isaac-VallieFlagg-8180,Isaac Vallie-Flagg,,United States,"Santa Fe, New Mexico","Apr 8, 1978","5'8""",159 lbs,Jackson-Wink MMA
/fighter/Isaac-Villanueva-41384,Isaac Villanueva,Hurricane Ike,United States,"Houston, Texas","Apr 4, 1984","6'3""",205 lbs,4oz. Fight Club
/fighter/Isabela-de-Padua-183333,Isabela de Padua,Belinha,Brazil,"Campinas, Sao Paulo","Sep 4, 1991","5'4""",115 lbs,Team Nikolai MMA
/fighter/Islam-Dulatov-236167,Islam Dulatov,The Ripper,Germany,Dusseldorf,"Aug 2, 1998","6'3""",170 lbs,Triple One Gym
/fighter/Islam-Makhachev-76836,Islam Makhachev,,Russia,"Makhachkala, Dagestan","Oct 27, 1991","5'10""",170 lbs,Eagles MMA
/fighter/Ismael-Bonfim-84528,Ismael Bonfim,Marreta,Brazil,"Brasilia, Federal District","Dec 28, 1995","5'9""",155 lbs,Bonfim Brothers
/fighter/Ismail-Naurdiev-168833,Ismail Naurdiev,Berzdog,Austria,Salzburg,"Aug 18, 1996","6'0""",185 lbs,Top Team Salzburg
/fighter/Israel-Adesanya-56374,Israel Adesanya,The Last Stylebender,Nigeria,Lagos,"Jul 22, 1989","6'4""",185 lbs,City Kickboxing
/fighter/Issei-Tamura-34371,Issei Tamura,,Japan,"Shinagawa, Tokyo","Mar 12, 1984","5'5""",145 lbs,IJC
/fighter/Istela-Nunes-83194,Istela Nunes,,Brazil,"Jose da Penha, Rio Grande do Norte","Jul 23, 1992","5'4""",115 lbs,Team Nunes
/fighter/Iuri-Alcantara-16129,Iuri Alcantara,Marajo,Brazil,"Marajo, Para","Aug 4, 1980","5'9""",135 lbs,Marajo Brothers Team
/fighter/Ivan-Erslan-198413,Ivan Erslan,,Croatia,Zagreb,"Nov 15, 1991","6'2""",206 lbs,American Top Team Zagreb
/fighter/Ivan-Jorge-5432,Ivan Jorge,Batman,Brazil,"Florianopolis, Santa Catarina","Nov 7, 1980","5'10""",155 lbs,Team Tavares
/fighter/Ivan-Menjivar-993,Ivan Menjivar,Pride of El Salvador,El Salvador,La Paz,"May 30, 1982","5'6""",135 lbs,Tristar Gym
/fighter/Ivan-Salaverry-1351,Ivan Salaverry,,United States,"Seattle, Washington","Jan 11, 1971","6'0""",185 lbs,Ivan Salaverry MMA
/fighter/Ivan-Serati-16300,Ivan Serati,,Italy,Monza,,"6'1""",225 lbs,Sure Grip Vale Tudo
/fighter/Ivana-Petrovic-331333,Ivana Petrovic,,Norway,Tonsberg,"Jun 11, 1994","5'8""",125 lbs,Valhall Gym
/fighter/Iwo-Baraniewski-381634,Iwo Baraniewski,Rudy,Poland,Warsaw,"Nov 20, 1998","6'0""",205 lbs,Aligatores Fight Club
/fighter/Izabela-Badurek-122349,Izabela Badurek,,Poland,Lublin,"Jul 11, 1991","5'4""",125 lbs,WCA Fight Team
/fighter/JC-Cottrell-43874,J.C. Cottrell,,United States,"Oklahoma City, Oklahoma","Nov 4, 1989","5'9""",155 lbs,Academy of Martial Arts
/fighter/JJ-Aldrich-75565,J.J. Aldrich,,United States,"Westminster, Colorado","Jun 11, 1992","5'5""",125 lbs,Freedom Fighters
/fighter/JP-Buys-197069,J.P. Buys,Young Savage,South Africa,"Johannesburg, Gauteng","Apr 30, 1996","5'6""",135 lbs,Xtreme Couture
/fighter/Jack-Becker-84392,Jack Becker,,Australia,"Perth, Western Australia","Dec 20, 1992","5'10""",156 lbs,Tristar Gym
/fighter/Jack-Della-Maddalena-208155,Jack Della Maddalena,,Australia,"Perth, Western Australia","Sep 10, 1996","5'11""",170 lbs,Scrappy MMA
/fighter/Jack-Hermansson-61146,Jack Hermansson,The Joker,Sweden,Uddevalla,"Jun 10, 1988","6'1""",170 lbs,Frontline Academy
/fighter/Jack-Jenkins-228039,Jack Jenkins,Phar,Australia,"Melbourne, Victoria","Mar 11, 1993","5'7""",145 lbs,Absolute Mixed Martial Arts
/fighter/Jack-Marshman-47545,Jack Marshman,The Hammer,Wales,"Abertillery, Gwent","Dec 19, 1989","6'0""",185 lbs,Tillery Combat MMA Academy
/fighter/Jack-May-83949,Jack May,The Outlaw,United States,"Chino Hills, California","Apr 14, 1981","6'8""",253 lbs,CSW
/fighter/Jack-McLaughlin-885,Jack McLaughlin,,United States,"Piqua, Ohio","Oct 1, 1961","5'10""",218 lbs,
/fighter/Jack-Nilson-161,Jack Nilson,The Ripper,United States,"Augusta, Georgia",,"6'3""",215 lbs,
/fighter/Jack-Shore-110177,Jack Shore,Tank,Wales,Abertillery,"Feb 6, 1995","5'9""",145 lbs,Tillery Combat MMA Academy
/fighter/Jackie-Lee-149,Jackie Lee,,United States,,,"5'8""",195 lbs,
/fighter/Jackson-McVey-349347,Jackson McVey,The Moose,United States,"St. Paul, Minnesota","Mar 25, 1999","6'4""",185 lbs,MMA Lab
/fighter/Jacob-Kilburn-238233,Jacob Kilburn,The Killer,United States,"Clarksville, Tennessee","Jun 28, 1995","5'9""",179 lbs,Harris Holt Combat Sports
/fighter/Jacob-Malkoun-204645,Jacob Malkoun,Mamba,Australia,"Sydney, New South Wales","Aug 26, 1995","5'9""",185 lbs,PMA Super Martial Arts
/fighter/Jacob-Volkmann-24765,Jacob Volkmann,Christmas,United States,"White Bear Lake, Minnesota","Sep 5, 1980","5'9""",170 lbs,The Academy MN
/fighter/Jacobe-Smith-394506,Jacobe Smith,Cobe,United States,"Muskogee, Oklahoma","Jan 17, 1996","5'10""",170 lbs,Ranger 47
/fighter/Jacqueline-Cavalcanti-293351,Jacqueline Cavalcanti,The Nightmare,Portugal,Almada,"Aug 29, 1997","5'9""",135 lbs,Syndicate MMA
/fighter/Jae-Hyun-Park-325247,Jae Hyun Park,The First Prospect,South Korea,Seoul,"Dec 10, 2001","5'10""",156 lbs,Korean Zombie MMA
/fighter/Jafel-Filho-131375,Jafel Filho,Pastor,Brazil,"Sento Se, Bahia","May 5, 1993","5'7""",135 lbs,Nova Uniao
/fighter/Jai-Herbert-168551,Jai Herbert,The Black Country Banger,England,"Wolverhampton, West Midlands","May 13, 1988","6'1""",155 lbs,Renegade Jiu Jitsu
/fighter/Jailton-Almeida-114657,Jailton Almeida,Malhadinho,Brazil,"Salvador, Bahia","Jun 28, 1991","6'4""",249 lbs,Galpao da Luta
/fighter/Jairzinho-Rozenstruik-102803,Jairzinho Rozenstruik,Bigi Boy,Suriname,Paramaribo,"Mar 17, 1988","6'2""",252 lbs,American Top Team
/fighter/Jake-Collier-83599,Jake Collier,The Prototype,United States,"Cuba, Missouri","Oct 23, 1988","6'3""",205 lbs,Pit MMA
/fighter/Jake-Ellenberger-13068,Jake Ellenberger,The Juggernaut,United States,"Omaha, Nebraska","Mar 28, 1985","5'9""",170 lbs,Reign MMA
/fighter/Jake-Hadley-200597,Jake Hadley,White Kong,England,"Birmingham, West Midlands","Aug 3, 1996","5'7""",135 lbs,Fearless MMA
/fighter/Jake-Hecht-15759,Jake Hecht,Hitman,United States,"Moscow Mills, Missouri","Feb 9, 1984","6'0""",170 lbs,Fiore MMA
/fighter/Jake-Lindsey-57214,Jake Lindsey,The Librarian,United States,"Manhattan, Kansas","Jun 21, 1986","5'11""",170 lbs,Combative Sports Center
/fighter/Jake-Matthews-122139,Jake Matthews,The Celtic Kid,Australia,"Epping, Victoria","Aug 19, 1994","5'11""",170 lbs,Nexus
/fighter/Jake-OBrien-14892,Jake O'Brien,,United States,"Indianapolis, Indiana","Sep 25, 1984","6'3""",205 lbs,Integrated Fighting Academy
/fighter/Jake-Rosholt-23322,Jake Rosholt,,United States,"Dallas, Texas","Sep 2, 1982","6'1""",205 lbs,Team Takedown
/fighter/Jake-Shields-502,Jake Shields,,United States,"San Francisco, California","Jan 9, 1979","6'0""",170 lbs,Cesar Gracie Fight Team
/fighter/Jakub-Wiklacz-169259,Jakub Wiklacz,Masa,Poland,Olsztyn,"Sep 10, 1996","5'8""",135 lbs,Arrachion Olsztyn
/fighter/Jalin-Turner-158269,Jalin Turner,The Tarantula,United States,"San Bernardino, California","May 18, 1995","6'3""",156 lbs,Adrenaline Combat Sports
/fighter/Jamahal-Hill-280417,Jamahal Hill,Sweet Dreams,United States,"Grand Rapids, Michigan","May 19, 1991","6'4""",205 lbs,Black Lion Jiu-Jitsu
/fighter/Jamal-Pogues-152993,Jamal Pogues,The Stormtrooper,United States,"Victorville, California","Dec 1, 1995","6'2""",264 lbs,Syndicate MMA
/fighter/Jamall-Emmers-84139,Jamall Emmers,Prettyboy,United States,"Redlands, California","Jul 24, 1989","5'10""",144 lbs,Pinnacle MMA
/fighter/James-Bochnovic-130011,James Bochnovic,,United States,"Kenosha, Wisconsin","Feb 13, 1989","6'4""",185 lbs,Rothwell MMA
/fighter/James-Giboo-14266,James Giboo,,United States,"Yale, Iowa","Jun 1, 1978","5'11""",170 lbs,
/fighter/James-Hammortree-42479,James Hammortree,Sledge,United States,"Ocala, Florida","Jun 25, 1986","6'3""",204 lbs,USA Martial Arts
/fighter/James-Head-23253,James Head,,United States,"Oklahoma City, Oklahoma","Feb 9, 1984","6'2""",170 lbs,R-1 MMA
/fighter/James-Irvin-7780,James Irvin,The Sandman,United States,"Citrus Heights, California","Sep 12, 1978","6'2""",185 lbs,Reign MMA
/fighter/James-Krause-31766,James Krause,The James Krause,United States,"Lee's Summit, Missouri","Jun 4, 1986","6'2""",170 lbs,Glory MMA & Fitness
/fighter/James-Lee-2224,James Lee,,United States,"Sylvan Lake, Michigan","Sep 22, 1973","5'11""",205 lbs,Mash Fight Team
/fighter/James-Llontop-191443,James Llontop,Goku,Peru,Lima,"Aug 2, 1999","6'0""",170 lbs,Team FFC
/fighter/James-McSweeney-22111,James McSweeney,The Hammer,England,"London, Greater London","Oct 24, 1980","6'4""",248 lbs,McSweeney Martial Arts
/fighter/James-Moontasri-36889,James Moontasri,Moonwalker,United States,"Los Angeles, California","Apr 10, 1988","5'10""",170 lbs,Black House
/fighter/James-Mulheron-63627,James Mulheron,The Juggernaut,England,"South Shields, Tyne and Wear",,"5'10""",243 lbs,
/fighter/James-Te-Huna-9033,James Te Huna,,Australia,"Penrith, New South Wales","Sep 29, 1981","6'1""",185 lbs,Pirtek Athletic Allstars
/fighter/James-Toney-60940,James Toney,Lights Out,United States,"Grand Rapids, Michigan","Aug 24, 1968","5'10""",237 lbs,M-1 Global Training Center
/fighter/James-Vick-81956,James Vick,The Texecutioner,United States,"Mineral Wells, Texas","Feb 23, 1987","6'3""",170 lbs,Team Lloyd Irvin
/fighter/James-Wilks-10569,James Wilks,Lightning,England,"Leicestershire, East Midlands","Apr 5, 1978","6'1""",170 lbs,Lightning MMA
/fighter/James-Zikic-1767,James Zikic,The Messenger,England,"Watford, Hertfordshire","Mar 31, 1977","6'2""",185 lbs,London Shootfighters
/fighter/Jamey-Simmons-237195,Jamey Simmons,The Afro Samurai,United States,"Milwaukee, Wisconsin","Sep 11, 1992","5'5""",135 lbs,Pura Vida BJJ
/fighter/JameyLyn-Horth-246541,Jamey-Lyn Horth,,Canada,"Squamish, British Columbia","Mar 30, 1990","5'7""",126 lbs,The Sound Martial Arts
/fighter/Jamie-Moyle-85597,Jamie Moyle,,United States,"Orlando, Florida","Mar 17, 1989","5'1""",125 lbs,Team Alpha Male
/fighter/Jamie-Mullarkey-68104,Jamie Mullarkey,,Australia,"Central Coast, New South Wales","Aug 17, 1994","5'8""",155 lbs,City Kickboxing
/fighter/Jamie-Pickett-72595,Jamie Pickett,The Nightwolf,United States,"Greenville, North Carolina","Aug 29, 1988","6'1""",185 lbs,The HitPit Martial Arts
/fighter/Jamie-Siraj-65930,Jamie Siraj,The Gremlin,Canada,"Chilliwack, British Columbia","Jun 28, 1994","5'7""",136 lbs,Pinnacle Combat Martial Arts Academy
/fighter/Jamie-Varner-7168,Jamie Varner,C-4,United States,"Phoenix, Arizona","Dec 10, 1984","5'8""",155 lbs,Arizona Combat Sports
/fighter/Jamie-Yager-42309,Jamie Yager,The Chosyn 1,United States,"Huntington Beach, California","Nov 29, 1983","6'2""",170 lbs,Kings MMA
/fighter/Jan-Blachowicz-25821,Jan Blachowicz,,Poland,Cieszyn,"Feb 24, 1983","6'2""",205 lbs,WCA Fight Team
/fighter/Jaqueline-Amorim-375210,Jaqueline Amorim,,Brazil,"Manaus, Amazonas","Jun 24, 1995","5'3""",116 lbs,American Top Team
/fighter/Jared-Cannonier-78628,Jared Cannonier,The Killa Gorilla,United States,"Anchorage, Alaska","Mar 16, 1984","6'0""",185 lbs,MMA Lab
/fighter/Jared-Gooden-187959,Jared Gooden,Nite Train,United States,"Atlanta, Georgia","Dec 5, 1993","6'4""",185 lbs,X3 Sports
/fighter/Jared-Gordon-74057,Jared Gordon,Flash,United States,"Queens, New York","Sep 6, 1988","5'9""",156 lbs,Kill Cliff FC
/fighter/Jared-Hamman-15949,Jared Hamman,The Messenger,United States,"Atascadero, California","Mar 7, 1982","6'3""",205 lbs,Dynamix MMA
/fighter/Jared-Papazian-33531,Jared Papazian,The Jackhammer,United States,"West Hills, California","Feb 1, 1988","5'8""",135 lbs,Team Hayastan
/fighter/Jared-Rollins-5781,Jared Rollins,J-Roc,United States,"Stanton, California","Jan 26, 1977","5'9""",185 lbs,Team Oyama
/fighter/Jared-Rosholt-76763,Jared Rosholt,The Big Show,United States,"Arlington, Texas","Aug 4, 1986","6'2""",240 lbs,Team Takedown
/fighter/Jared-Vanderaa-152987,Jared Vanderaa,The Mountain,United States,"Richland, California","May 12, 1992","6'4""",204 lbs,Team Quest
/fighter/Jarjis-Danho-76397,Jarjis Danho,Man Mountain,Syria,Al-Malikiyah,"Oct 15, 1983","6'3""",256 lbs,Hammers Team
/fighter/Jarno-Errens-207605,Jarno Errens,,Netherlands,Heerlen,"Nov 17, 1994","5'11""",145 lbs,Team Thriving
/fighter/Jarred-Brooks-174665,Jarred Brooks,The Monkey God,United States,"Warsaw, Indiana","May 2, 1993","5'3""",125 lbs,Mash Fight Team
/fighter/Jasmine-Jasudavicius-311001,Jasmine Jasudavicius,,Canada,"St. Catharines, Ontario","Mar 1, 1989","5'7""",125 lbs,Niagara Top Team
/fighter/Jason-Black-1042,Jason Black,The Black Legion,United States,"Davenport, Illinois","Aug 15, 1972","5'10""",169 lbs,Miletich Martial Arts
/fighter/Jason-Brilz-1927,Jason Brilz,The Hitman,United States,"Omaha, Nebraska","Jul 7, 1975","5'11""",205 lbs,Elite Performance
/fighter/Jason-Day-6811,Jason Day,Dooms,Canada,"Lethbridge, Alberta","Mar 18, 1979","6'0""",185 lbs,Champion's Creed MMA
/fighter/Jason-DeLucia-22,Jason DeLucia,,United States,"Bellingham, Massachusets","Jul 24, 1969","5'11""",190 lbs,
/fighter/Jason-Dent-8321,Jason Dent,Dynamite,United States,"Cincinnati, Ohio","Jun 12, 1980","5'10""",158 lbs,GriffonRawl Thaiboxing & MMA Academy
/fighter/Jason-Fairn-48,Jason Fairn,Bonecracker,Canada,"Vancouver, British Columbia","Jul 16, 1973","6'1""",230 lbs,Fairn Jiu-Jitsu
/fighter/Jason-Gilliam-10754,Jason Gilliam,,United States,"Muncie, Indiana","Oct 31, 1972","6'0""",169 lbs,Team Wolfpack
/fighter/Jason-Godsey-215,Jason Godsey,,United States,"Indianapolis, Indiana","Jan 1, 1964","6'2""",245 lbs,Integrated Fighting Academy
/fighter/Jason-Gonzalez-66736,Jason Gonzalez,Nicoyas,United States,"Colton, California","Feb 28, 1990","6'2""",155 lbs,Millennia MMA
/fighter/Jason-High-14185,Jason High,The Kansas City Bandit,United States,"Kansas City, Missouri","Oct 12, 1981","5'9""",155 lbs,American Top Team HD
/fighter/Jason-Knight-44957,Jason Knight,The Kid,United States,"D'Iberville, Mississippi","Jul 14, 1992","5'10""",141 lbs,Alan Belcher MMA Club
/fighter/Jason-Lambert-495,Jason Lambert,The Punisher,United States,"San Diego, California","Sep 23, 1977","5'10""",205 lbs,Alliance MMA
/fighter/Jason-MacDonald-4389,Jason MacDonald,The Athlete,Canada,"Edmonton, Alberta","Jun 3, 1975","6'2""",185 lbs,Pure Fitness
/fighter/Jason-Miller-7798,Jason Miller,Mayhem,United States,"Mission Viejo, California","Dec 24, 1980","6'0""",185 lbs,Team Mayhem
/fighter/Jason-Novelli-18136,Jason Novelli,Pepsi,United States,"Vancouver, Washington","Jun 8, 1979","6'0""",155 lbs,Team Quest
/fighter/Jason-Reinhardt-2347,Jason Reinhardt,,United States,"Decatur, Illinois","Oct 31, 1969","5'6""",135 lbs,Wand Fight Team
/fighter/Jason-Saggo-58213,Jason Saggo,,Canada,"Bolton, Ontario","Nov 23, 1985","5'11""",155 lbs,Wulfrun MMA
/fighter/Jason-Tan-12369,Jason Tan,,England,Liverpool,"Dec 17, 1981","5'10""",170 lbs,
/fighter/Jason-Thacker-12690,Jason Thacker,Strange Brew,Canada,"Whonnock, British Columbia","Aug 18, 1975","6'0""",185 lbs,
/fighter/Jason-Von-Flue-549,Jason Von Flue,Livewire,United States,"Clovis, California","Aug 1, 1975","6'0""",170 lbs,Team Live Wire
/fighter/Jason-Witt-127671,Jason Witt,The Vanilla Gorilla,United States,"Kansas City, Missouri","Nov 7, 1986","5'10""",180 lbs,Glory MMA & Fitness
/fighter/Jason-Young-17758,Jason Young,Shotgun,England,London,"Jun 28, 1986","5'9""",145 lbs,American Top Team
/fighter/Javad-Mahjoub-433196,Javad Mahjoub,,Iran,Chenaran,"May 26, 1991","6'1""",254 lbs,Alavanca Calgary
/fighter/Javid-Basharat-222651,Javid Basharat,The Snow Leopard,Afghanistan,,"Sep 7, 1995","5'7""",135 lbs,American Top Team
/fighter/Javier-Reyes-182691,Javier Reyes,Blair,Colombia,"Bogota, Capital District","Oct 10, 1993","5'10""",146 lbs,Xtreme Couture
/fighter/Javier-Vazquez-511,Javier Vazquez,Showtime,United States,"Pomona, California","Jul 16, 1977","5'7""",145 lbs,Gracie Jiu-Jitsu
/fighter/Jay-Cucciniello-61607,Jay Cucciniello,The Mellow Fellow,Ireland,Dublin,"Jul 23, 1986","5'7""",145 lbs,Lilius Barnatt Martial Arts
/fighter/Jay-Hieron-9267,Jay Hieron,The Thoroughbred,United States,"Long Island, New York","Jul 29, 1976","5'11""",170 lbs,Xtreme Couture
/fighter/Jay-Perrin-99689,Jay Perrin,The Joker,United States,"Hudson, New Hampshire","Jun 15, 1993","5'9""",135 lbs,Syndicate MMA
/fighter/Jay-Silva-34408,Jay Silva,Da Spyda Killa,United States,"Huntington Beach, California","May 25, 1981","6'2""",225 lbs,MPF Training Systems
/fighter/Jean-Matsumoto-263061,Jean Matsumoto,,Brazil,"Braganca Paulista, Sao Paulo","Sep 9, 1999","5'6""",135 lbs,Inside MMA
/fighter/Jean-Silva-239947,Jean Silva,Lord,Brazil,"Florianopolis, Santa Catarina","Dec 13, 1996","5'7""",145 lbs,Kingdom Thai
/fighter/JeanPaul-Lebosnoyani-248169,Jean-Paul Lebosnoyani,American Bandit,United States,"Hermosa Beach, California","Jan 27, 1999","5'11""",171 lbs,California Mixed Martial Arts
/fighter/Jeff-Cox-9785,Jeff Cox,,United States,"Cleveland, Ohio","Aug 2, 1968","5'10""",155 lbs,Strong Style Fight Team
/fighter/Jeff-Curran-770,Jeff Curran,Big Frog,United States,"Crystal Lake, Illinois","Sep 2, 1977","5'6""",135 lbs,Team Curran
/fighter/Jeff-Hougland-4870,Jeff Hougland,Hellbound,United States,"Enumclaw, Washington","Aug 2, 1978","5'9""",135 lbs,Combat Sport and Fitness
/fighter/Jeff-Hughes-23793,Jeff Hughes,Lights Out,United States,"Canton, Ohio","May 17, 1988","6'2""",253 lbs,Strong Style Fight Team
/fighter/Jeff-Joslin-6606,Jeff Joslin,The Inferno,Canada,"Hamilton, Ontario","Apr 30, 1975","6'0""",170 lbs,Joslin Fight Team
/fighter/Jeff-Molina-218069,Jeff Molina,El Jefe,United States,"Olathe, Kansas","Jul 17, 1997","5'6""",125 lbs,Glory MMA & Fitness
/fighter/Jeff-Monson-262,Jeff Monson,The Snowman,United States,"Miami, Florida","Jan 18, 1971","5'9""",238 lbs,American Top Team
/fighter/Jeff-Newton-3263,Jeff Newton,,United States,"Costa Mesa, California","Dec 11, 1966","6'2""",204 lbs,Todd Medina Freestyle Team
/fighter/Jefferson-Nascimento-348445,Jefferson Nascimento,Toddynho,Brazil,"Rio de Janeiro, Rio de Janeiro","Nov 19, 1998","5'8""",170 lbs,Renovacao Fight Team
/fighter/Jeisla-Chaves-424297,Jeisla Chaves,A Braba,Brazil,"Pocoes, Bahia","Feb 2, 1997","5'6""",125 lbs,Gomes Fight Team
/fighter/Jeka-Saragih-282415,Jeka Saragih,Si Tendangan Maut,Indonesia,"Simalungun Regency, North Sumatra","Jan 1, 1995","5'8""",145 lbs,Batam Fighter Club
/fighter/Jenel-Lausa-86123,Jenel Lausa,The Demolition Man,Philippines,"Concepcion, Iloilo","Aug 1, 1988","5'5""",125 lbs,Team Capanay
/fighter/Jennifer-Maia-57135,Jennifer Maia,,Brazil,"Curitiba, Parana","Oct 6, 1988","5'4""",133 lbs,Chute Boxe
/fighter/Jens-Pulver-228,Jens Pulver,Little Evil,United States,"Crystal Lake, Illinois","Dec 6, 1974","5'7""",135 lbs,Team Extreme
/fighter/Jeong-Yeong-Lee-135897,Jeong Yeong Lee,The Korean Tiger,South Korea,"Daegu, Yeongnam","Nov 13, 1995","5'10""",146 lbs,Ssen Gym
/fighter/Jeremia-Siregar-279135,Jeremia Siregar,The Teacher,Indonesia,"Bekasi, West Java","Jul 27, 1991","5'3""",125 lbs,Bhagasasi Gym
/fighter/Jeremiah-Wells-80157,Jeremiah Wells,,United States,"West Hazleton, Pennsylvania","Oct 30, 1986","5'9""",171 lbs,Renzo Gracie Philly
/fighter/Jeremy-Horn-202,Jeremy Horn,Gumby,United States,"Cedar Rapids, Iowa","Aug 25, 1975","6'1""",205 lbs,Jeremy Horn's Elite Performance Gym
/fighter/Jeremy-Jackson-2651,Jeremy Jackson,The Scorpion,United States,"Port Hueneme, California","Sep 19, 1982","5'10""",170 lbs,Team Freedom
/fighter/Jeremy-Kennedy-104645,Jeremy Kennedy,JBC,Canada,"Surrey, British Columbia","Sep 16, 1992","5'11""",155 lbs,Xtreme Couture
/fighter/Jeremy-Kimball-59375,Jeremy Kimball,Grizzly,United States,"Colorado Springs, Colorado","Mar 1, 1991","6'0""",213 lbs,Team Wildman Vale Tudo
/fighter/Jeremy-Larsen-19863,Jeremy Larsen,,United States,"Phoenix, Arizona","May 18, 1984","5'10""",145 lbs,Arizona Combat Sports
/fighter/Jeremy-Stephens-12179,Jeremy Stephens,Lil Heathen,United States,"Des Moines, Iowa","May 26, 1986","5'9""",160 lbs,Alliance MMA
/fighter/Jermaine-Andre-247,Jermaine Andre,Bam Bam,United States,"Collinville, Illinois","Jul 16, 1973","5'7""",185 lbs,
/fighter/Jerome-Rivera-139017,Jerome Rivera,The Renegade,United States,"Santa Fe, New Mexico","Apr 22, 1995","5'10""",125 lbs,Destroya MMA
/fighter/Jerrod-Sanders-48156,Jerrod Sanders,J-Reazie,United States,"El Reno, Oklahoma","Oct 1, 1980","5'8""",135 lbs,American Top Team OKC
/fighter/Jerry-Bohlander-127,Jerry Bohlander,,United States,"Napa, California","Nov 2, 1974","5'11""",199 lbs,Lion's Den
/fighter/Jess-Liaudin-3368,Jess Liaudin,The Joker,France,"Evry, Ile-de-France","Dec 21, 1973","5'9""",170 lbs,Pancrase London
/fighter/Jessamyn-Duke-71307,Jessamyn Duke,The Gun,United States,"Richmond, Kentucky","Jun 24, 1986","5'11""",136 lbs,UWF USA
/fighter/Jesse-Bongfeldt-6809,Jesse Bongfeldt,Water,Canada,"Kenora, Ontario","Aug 28, 1980","6'0""",185 lbs,Canadian Martial Arts Centre
/fighter/Jesse-Butler-217941,Jesse Butler,,United States,"West Monroe, Louisiana","May 24, 1992","5'10""",146 lbs,Fortis MMA
/fighter/Jesse-Forbes-13453,Jesse Forbes,Kid Hercules,United States,"Tempe, Arizona","Oct 24, 1984","6'2""",184 lbs,Power MMA Team
/fighter/Jesse-Lennox-17139,Jesse Lennox,The Ox,United States,"Cedar Rapids, Iowa","Mar 10, 1982","5'9""",170 lbs,Miletich Martial Arts
/fighter/Jesse-Ronson-56579,Jesse Ronson,The Body Snatcher,Canada,"London, Ontario","Dec 24, 1985","5'10""",175 lbs,Adrenaline Training Center
/fighter/Jesse-Sanders-16098,Jesse Sanders,,United States,"Oskaloosa, Iowa",,"6'1""",170 lbs,
/fighter/Jesse-Strader-105079,Jesse Strader,Sui Generis,United States,"Lancaster, California","May 29, 1991","5'7""",135 lbs,Kemo's Fight Factory
/fighter/Jesse-Taylor-17389,Jesse Taylor,JT Money,United States,"Poway, California","Jan 2, 1983","6'1""",170 lbs,Team Quest
/fighter/Jessica-Aguilar-15174,Jessica Aguilar,Jag,United States,"Houston, Texas","May 8, 1982","5'3""",107 lbs,Liborio Experience
/fighter/Jessica-Andrade-100715,Jessica Andrade,Bate Estaca,Brazil,"Umuarama, Parana","Sep 25, 1991","5'2""",115 lbs,GAEA Project
/fighter/Jessica-Eye-39575,Jessica Eye,Evil,United States,"Cleveland, Ohio","Jul 27, 1986","5'6""",126 lbs,Xtreme Couture
/fighter/Jessica-Penne-21247,Jessica Penne,,United States,"Huntington Beach, California","Jan 30, 1983","5'5""",115 lbs,Alliance MMA
/fighter/Jessica-Rakoczy-53506,Jessica Rakoczy,Ragin',Canada,"Hamilton, Ontario","Apr 14, 1977","5'7""",115 lbs,
/fighter/JessicaRose-Clark-115991,Jessica-Rose Clark,Jessy Jess,Australia,"Innisfail, Queensland","Nov 28, 1987","5'5""",135 lbs,Syndicate MMA
/fighter/Jessie-Rosas-338741,Jessie Rosas,Tachidito,United States,"Las Vegas, Nevada","Dec 4, 2002","5'9""",146 lbs,MMA Lab
/fighter/Jessin-Ayari-55449,Jessin Ayari,Abacus,Germany,"Nuremberg, Bavaria","May 31, 1992","6'0""",170 lbs,Hammers Team
/fighter/Jesus-Pinedo-146941,Jesus Pinedo,El Mudo,Peru,"Lima, Lima","Jun 22, 1996","5'11""",147 lbs,Pitbull Martial Arts Center
/fighter/Jesus-Santos-Aguilar-203965,Jesus Santos Aguilar,,Mexico,"Ensenada, Baja California","Mar 13, 1996","5'3""",125 lbs,Victory Fight Club
/fighter/Jhonata-Diniz-389887,Jhonata Diniz,,Brazil,"Sao Jose dos Pinhais, Parana","Jun 23, 1991","6'4""",257 lbs,Santa Fe Team
/fighter/Ji-Yeon-Kim-77250,Ji Yeon Kim,Fire Fist,South Korea,Incheon,"Oct 18, 1989","5'7""",125 lbs,Syndicate MMA
/fighter/Jiahefu-Wuziazibieke-186687,Jiahefu Wuziazibieke,Kazakh Warrior,China,Xinjiang,"Apr 9, 1990","5'10""",155 lbs,Wanshi Fight Gym
/fighter/Jianping-Yang-26365,Jianping Yang,,China,,"Jan 7, 1986","5'8""",140 lbs,Fight Emperor
/fighter/Jieleyisi-Baergeng-284119,Jieleyisi Baergeng,,China,Xinjiang,"Nov 24, 1995","5'9""",146 lbs,Wanshi Fight Gym
/fighter/Jilunzhou-Qiu-257571,Jilunzhou Qiu,Tibetan Knight,China,"Aba, Sichuan","Jul 8, 1997","5'8""",130 lbs,Enbo Fight Club
/fighter/Jim-Alers-36581,Jim Alers,The Beast,United States,"Orlando, Florida","Oct 14, 1986","5'9""",145 lbs,MMA Masters
/fighter/Jim-Hettes-48046,Jim Hettes,The Kid,United States,"Swoyersville, Pennsylvania","Jun 9, 1987","5'9""",145 lbs,Northeast Jiu-Jitsu
/fighter/Jim-Miller-14463,Jim Miller,A-10,United States,"Sparta, New Jersey","Aug 30, 1983","5'8""",155 lbs,Sussex County MMA
/fighter/Jim-Mullen-155,Jim Mullen,,United States,"Simi Valley, California",,"6'1""",215 lbs,
/fighter/Jim-Wallhead-12903,Jim Wallhead,Judo,England,"Loughborough, Leicestershire","Mar 14, 1984","5'10""",170 lbs,London Shootfighters
/fighter/Jimi-Manuwa-37528,Jimi Manuwa,Poster Boy,England,Morden,"Feb 18, 1980","6'0""",205 lbs,Keddles Gym
/fighter/Jimmie-Rivera-40954,Jimmie Rivera,El Terror,United States,"Ramsey, New Jersey","Jun 29, 1989","5'4""",135 lbs,Team Tiger Schulmann
/fighter/Jimmy-Crute-218959,Jimmy Crute,The Brute,Australia,"Altona Meadows, Victoria","Mar 4, 1996","6'2""",205 lbs,Stewie's House of BJJ
/fighter/Jimmy-Flick-60460,Jimmy Flick,The Brick,United States,"Sand Springs, Oklahoma","Sep 7, 1990","5'7""",125 lbs,Thunderkick Fitness
/fighter/Jimmy-Quinlan-84661,Jimmy Quinlan,Crash,United States,"Methuen, Massachusetts","May 25, 1986",,185 lbs,Mass BJJ
/fighter/Jin-Aoi-167105,Jin Aoi,Blue Devil,Japan,"Tsuyama, Okayama","Jan 21, 1997","5'7""",145 lbs,Shooto Gym Blows
/fighter/Jin-Soo-Son-168171,Jin Soo Son,,South Korea,Seoul,"Apr 1, 1993","5'7""",136 lbs,Cornerman
/fighter/Jinensibieke-Asikeerbai-233819,Jinensibieke Asikeerbai,Prairie Hero,China,"Harbin, Heilongjiang","Jul 10, 1988","5'11""",145 lbs,Longyun MMA Gym
/fighter/Jingliang-Li-26381,Jingliang Li,The Leech,China,"Tacheng, Xinjiang","Mar 20, 1988","6'0""",170 lbs,China Top Team
/fighter/Jingnan-Xiong-176083,Jingnan Xiong,The Panda,China,Beijing,"Jan 12, 1988","5'5""",117 lbs,The Block Bali
/fighter/Jinh-Yu-Frey-85549,Jinh Yu Frey,,United States,"Arlington, Texas","May 20, 1985","5'2""",115 lbs,Fortis MMA
/fighter/Jinnosuke-Kashimura-364821,Jinnosuke Kashimura,,Japan,"Mito, Ibaraki","Aug 12, 2001","5'8""",134 lbs,Battle Box
/fighter/Jiri-Prochazka-97529,Jiri Prochazka,BJP,Czech Republic,Hosteradice,"Oct 14, 1992","6'4""",205 lbs,Jetsaam Gym Brno
/fighter/Joachim-Christensen-31777,Joachim Christensen,,Denmark,Copenhagen,,"6'3""",204 lbs,Arte Suave Copenhagen
/fighter/Joanderson-Brito-181115,Joanderson Brito,Tubarao,Brazil,"Santa Helena, Maranhao","Feb 11, 1995","5'8""",145 lbs,Chute Boxe Joao Emilio
/fighter/Joanna-Jedrzejczyk-101411,Joanna Jedrzejczyk,,Poland,Olsztyn,"Aug 18, 1987","5'6""",115 lbs,American Top Team
/fighter/Joanne-Wood-94103,Joanne Wood,JoJo,Scotland,Glasgow,"Dec 23, 1985","5'6""",125 lbs,Syndicate MMA
/fighter/Joao-Marcos-Pierini-2490,Joao Marcos Pierini,,Mexico,"Playa del Carmen, Quintana Roo","Dec 11, 1971","6'1""",170 lbs,Team JM
/fighter/Joao-Roque-256,Joao Roque,,Angola,"Luanda, Luanda","Jul 22, 1971","5'6""",145 lbs,Nova Uniao
/fighter/Joao-Zeferino-17577,Joao Zeferino,The Brazilian Samurai,Brazil,"Florianopolis, Santa Catarina","Jan 15, 1986","5'11""",170 lbs,Rangel Farias Team
/fighter/Joaquim-Silva-146291,Joaquim Silva,Netto BJJ,Brazil,"Anapolis, Goias","Feb 5, 1989","5'8""",155 lbs,American Top Team
/fighter/Joaquin-Buckley-175481,Joaquin Buckley,New Mansa,United States,"St. Louis, Missouri","Apr 27, 1994","5'8""",170 lbs,Murcielago MMA
/fighter/Joby-Sanchez-50239,Joby Sanchez,,United States,"Albuquerque, New Mexico","Jun 24, 1991","5'6""",135 lbs,Jackson-Wink MMA
/fighter/Jocelyn-JonesLybarger-68957,Jocelyn Jones-Lybarger,,United States,"Phoenix, Arizona","Oct 4, 1985","5'7""",115 lbs,MMA Lab
/fighter/Jodie-Esquibel-66876,Jodie Esquibel,,United States,"Albuquerque, New Mexico","May 7, 1986","5'1""",116 lbs,Jackson-Wink MMA
/fighter/Joe-Brammer-17016,Joe Brammer,The Southside Strangler,United States,"Des Moines, Iowa","Aug 30, 1983","5'8""",156 lbs,Victory MMA
/fighter/Joe-Charles-46,Joe Charles,The Ghetto Man,United States,"Culver City, California","Jul 16, 1958","6'1""",260 lbs,
/fighter/Joe-Doerksen-390,Joe Doerksen,El Dirte,Canada,"Winnipeg, Manitoba","Oct 9, 1977","6'0""",186 lbs,Canadian Fighting Centre
/fighter/Joe-Ellenberger-14173,Joe Ellenberger,Excalibur,United States,"Omaha, Nebraska","Mar 28, 1985","5'8""",155 lbs,Premier Combat Center
/fighter/Joe-Giannetti-176087,Joe Giannetti,Skeletor,United States,"Whitman, Massachusetts","Jul 5, 1995","6'0""",156 lbs,South Shore Sportfighting
/fighter/Joe-Gigliotti-160679,Joe Gigliotti,Capo,United States,"Gilbert, Arizona","Aug 13, 1993","5'11""",185 lbs,Power MMA Team
/fighter/Joe-Jordan-4582,Joe Jordan,Porkchop,United States,"Pikeville, Kentucky","Jul 28, 1978","5'6""",170 lbs,Miletich Fighting Systems
/fighter/Joe-Lauzon-4923,Joe Lauzon,J-Lau,United States,"Bridgewater, Massachusetts","May 22, 1984","5'10""",155 lbs,Lauzon MMA
/fighter/Joe-Merritt-138127,Joe Merritt,Joey Slash,United States,"Rancho Cucamonga, California","Mar 7, 1984","6'0""",169 lbs,Millennia MMA
/fighter/Joe-Moreira-126,Joe Moreira,Macaco,Brazil,Rio de Janeiro,"Jul 3, 1961","5'11""",205 lbs,
/fighter/Joe-Pardo-199,Joe Pardo,,United States,"Torrance, California",,"6'1""",210 lbs,Gracie Jiu-Jitsu Academy
/fighter/Joe-Proctor-46307,Joe Proctor,,United States,"Pembroke, Massachusetts","Aug 10, 1985","5'10""",170 lbs,Team Aggression
/fighter/Joe-Pyfer-239253,Joe Pyfer,Bodybagz,United States,"Media, Pennsylvania","Sep 17, 1996","6'1""",185 lbs,Team Balance
/fighter/Joe-Riggs-2765,Joe Riggs,Diesel,United States,"Phoenix, Arizona","Sep 23, 1982","6'0""",170 lbs,Soul Fighters
/fighter/Joe-Slick-238,Joe Slick,,United States,"Iowa City, Iowa","Oct 17, 1977","6'0""",199 lbs,
/fighter/Joe-Solecki-227993,Joe Solecki,,United States,"Wenonah, New Jersey","Aug 27, 1993","5'9""",155 lbs,Gym-O
/fighter/Joe-Son-50,Joe Son,,United States,"Huntington Beach, California","Nov 20, 1970","5'4""",236 lbs,
/fighter/Joe-Soto-17004,Joe Soto,One Bad Mofo,United States,"Porterville, California","Mar 22, 1987","5'6""",135 lbs,Central Valley Combat Academy
/fighter/Joe-Stevenson-65,Joe Stevenson,Daddy,United States,"Victorville, California","Jun 15, 1982","5'7""",155 lbs,Joe Stevenson's Cobra Kai
/fighter/Joe-Vedepo-15833,Joe Vedepo,The Doctor,United States,"Cedar Rapids, Iowa","Jan 1, 1983","6'0""",205 lbs,
/fighter/Joe-Veres-7329,Joe Veres,,United States,"Glendale, California","Nov 9, 1977","5'6""",155 lbs,MMA Lab
/fighter/Joel-Alvarez-190201,Joel Alvarez,El Fenomeno,Spain,"Gijon, Asturias","Mar 2, 1993","6'2""",171 lbs,Bandog Fight Club
/fighter/Joel-Sutton-107,Joel Sutton,,United States,"Buffalo, New York","Jul 7, 1969","5'10""",202 lbs,
/fighter/Joey-Beltran-21219,Joey Beltran,The Mexicutioner,United States,"San Diego, California","Dec 9, 1981","6'1""",205 lbs,Blackline
/fighter/Joey-Gambino-55503,Joey Gambino,The Raging Warrior,United States,"Saugerties, New York","Oct 26, 1988","5'7""",145 lbs,Team Raging Warriors
/fighter/Joey-Gilbert-1306,Joey Gilbert,,United States,"Chicago, Illinois","Apr 14, 1970","5'5""",154 lbs,Gilbert Grappling
/fighter/Joey-Gomez-64975,Joey Gomez,The KO King,United States,"Hollis, New Hampshire","Jul 21, 1986","5'10""",135 lbs,Team Quest
/fighter/Joey-Roberts-1629,Joey Roberts,,United States,"Peculiar, Missouri","Nov 11, 1977","6'2""",205 lbs,Memphis Bad Boyz
/fighter/John-Adajar-243709,John Adajar,Outlaw,Philippines,Laguna,"Jun 22, 1996","5'11""",170 lbs,Fairtex Pattaya
/fighter/John-Albert-43796,John Albert,Prince,United States,"Puyallup, Washington","Oct 13, 1986","5'9""",135 lbs,Victory Athletics
/fighter/John-Alessio-259,John Alessio,The Natural,Canada,"Vancouver, British Columbia","Jul 5, 1979","5'10""",155 lbs,Xtreme Couture
/fighter/John-Allan-114875,John Allan,The Hunter,Brazil,"Curitiba, Parana","Feb 22, 1993","6'1""",205 lbs,Chute Boxe
/fighter/John-Campetella-140,John Campetella,,United States,"New York, New York",,"5'9""",235 lbs,
/fighter/John-Castaneda-86536,John Castaneda,Sexi Mexi,United States,"Mankato, Minnesota","Dec 18, 1991","5'7""",139 lbs,The Academy
/fighter/John-Cholish-35867,John Cholish,,United States,"Hackettstown, New Jersey","Dec 17, 1983","5'11""",155 lbs,Renzo Gracie Jiu-Jitsu
/fighter/John-Cofer-33523,John Cofer,The Potter,United States,"Athens, Georgia","Apr 29, 1984","5'9""",145 lbs,Hardcore Gym
/fighter/John-Dave-Almanza-334483,John Dave Almanza,The Striker,Philippines,"Paranaque, Paranaque","Mar 22, 2004","5'7""",126 lbs,Yaw-Yan Fervilleon
/fighter/John-Dodson-11660,John Dodson,The Magician,United States,"Albuquerque, New Mexico","Sep 26, 1984","5'3""",126 lbs,Jackson-Wink MMA
/fighter/John-Dowdy-58,John Dowdy,,United States,"Morganton, North Carolina",,"6'2""",207 lbs,
/fighter/John-Garza-386901,John Garza,Mowgli,United States,"Dallas, Texas","Oct 30, 2002","5'8""",136 lbs,AzTex MMA
/fighter/John-Gunderson-7018,John Gunderson,Guns,United States,"Houston, Texas","Jan 5, 1979","5'9""",145 lbs,Syndicate MMA
/fighter/John-Gunther-86098,John Gunther,The Machine,United States,"Lakeville, Ohio","Nov 24, 1985","5'9""",155 lbs,Strong Style Fight Team
/fighter/John-Halverson-7407,John Halverson,,United States,"Waukee, Iowa","Sep 8, 1972","5'9""",155 lbs,
/fighter/John-Hathaway-16704,John Hathaway,The Hitman,England,"Brighton, Sussex","Jul 1, 1987","6'2""",170 lbs,London Shootfighters
/fighter/John-Howard-11798,John Howard,Doomsday,United States,"Boston, Massachusetts","Mar 1, 1983","5'7""",171 lbs,Wai Kru MMA
/fighter/John-Kolosci-9062,John Kolosci,,United States,"Portage, Indiana","Nov 26, 1974","5'11""",155 lbs,Gilbert Grappling
/fighter/John-Lewis-230,John Lewis,,United States,"Las Vegas, Nevada","Jul 16, 1969","6'0""",160 lbs,Lewis
/fighter/John-Lineker-41906,John Lineker,Hands of Stone,Brazil,"Paranagua, Parana","Jun 12, 1990","5'3""",145 lbs,OCS Jiu-Jitsu
/fighter/John-Lober-210,John Lober,The Machine,United States,"Huntington Beach, California","Feb 26, 1968","5'11""",182 lbs,Team Machine
/fighter/John-Maguire-15574,John Maguire,The One,England,"Wisbech, Cambridgeshire","May 19, 1983","5'9""",169 lbs,Tsunami Gym
/fighter/John-Makdessi-37402,John Makdessi,The Bull,Canada,"Halifax, Nova Scotia","May 3, 1985","5'8""",155 lbs,Tristar Gym
/fighter/John-Marsh-9,John Marsh,The Bull,United States,"Torrance, California","Sep 15, 1970","6'0""",222 lbs,Team Neutral Grounds
/fighter/John-Matua-111,John Matua,,United States,"Garden Grove, California",,"6'2""",400 lbs,
/fighter/John-Moraga-55159,John Moraga,Chicano,United States,"Phoenix, Arizona","Mar 20, 1984","5'6""",125 lbs,Arizona Combat Sports
/fighter/John-Olav-Einemo-2873,John Olav Einemo,The Viking,Norway,"Oslo, Oslo","Dec 10, 1975","6'6""",251 lbs,Golden Glory
/fighter/John-Phillips-13470,John Phillips,The Welsh Wrecking Machine,Wales,Swansea,"Jun 9, 1985","5'11""",185 lbs,SBG Ireland
/fighter/John-Polakowski-9512,John Polakowski,Buckets of Blood,United States,"San Luis Obsipo, California","Jun 21, 1981","5'9""",155 lbs,The Pit
/fighter/John-Salter-44683,John Salter,,United States,"Nashville, Tennessee","Mar 21, 1985","6'1""",185 lbs,Gym-O
/fighter/John-Teixeira-44311,John Teixeira,Macapa,Brazil,"Macapa, Amapa","Nov 18, 1986","5'7""",155 lbs,Nova Uniao
/fighter/John-Yannis-249443,John Yannis,The Juice,United States,"Floydada, Texas","Jul 7, 1994","5'7""",136 lbs,Ambush Muay Thai
/fighter/Johnny-Bedford-19717,Johnny Bedford,Brutal,United States,"Fort Worth, Texas","Jan 6, 1983","5'9""",135 lbs,Fitness Fight Factory
/fighter/Johnny-Case-28017,Johnny Case,Hollywood,United States,"Jefferson, Iowa","Jun 28, 1989","5'10""",156 lbs,MMA Lab
/fighter/Johnny-Eduardo-426,Johnny Eduardo,Pretinho,Brazil,"Duque de Caxias, Rio de Janeiro","Aug 3, 1978","5'7""",135 lbs,Nova Uniao
/fighter/Johnny-Munoz-Jr-195507,Johnny Munoz Jr.,Kid Kvenbo,United States,"Norco, California","Feb 16, 1993","5'9""",135 lbs,C-Quence Jiu-Jitsu
/fighter/Johnny-Rees-14891,Johnny Rees,The Hater Hurter,United States,"Greenwood, Indiana","Oct 21, 1982","6'0""",178 lbs,
/fighter/Johnny-Rhodes-27,Johnny Rhodes,,United States,"Las Vegas, Nevada",,"6'0""",210 lbs,
/fighter/Johnny-Walker-170203,Johnny Walker,,Brazil,"Belford Roxo, Rio de Janeiro","Mar 30, 1992","6'5""",206 lbs,Xtreme Couture
/fighter/Johny-Hendricks-24539,Johny Hendricks,Bigg Rigg,United States,"Ada, Oklahoma","Sep 12, 1983","5'9""",185 lbs,Team Takedown
/fighter/Jon-Fitch-4865,Jon Fitch,,United States,"Fort Wayne, Indiana","Feb 24, 1978","6'0""",170 lbs,American Kickboxing Academy
/fighter/Jon-Hess-59,Jon Hess,The Giant With Attitude,United States,"Encinitas, California",,"6'7""",295 lbs,Team Quest
/fighter/Jon-Jones-27944,Jon Jones,Bones,United States,"Rochester, New York","Jul 19, 1987","6'4""",238 lbs,Jackson-Wink MMA
/fighter/Jon-Madsen-48820,Jon Madsen,,United States,"Granite City, Illinois","Feb 12, 1980","6'0""",222 lbs,Finney's HIT Squad
/fighter/Jon-Manley-26632,Jon Manley,,United States,"Adams, Massachusetts","Jul 7, 1986","6'0""",170 lbs,Team Link
/fighter/Jon-Tuck-45108,Jon Tuck,Super Saiyan,Guam,Chalan Pago,"Aug 28, 1984","5'11""",155 lbs,Kings MMA
/fighter/Jon-delos-Reyes-58594,Jon delos Reyes,The Heat,United States,"Tamuning, Guam","Aug 19, 1987","5'5""",125 lbs,Countershot MMA
/fighter/Jonathan-Brookins-17316,Jonathan Brookins,,United States,"Orlando, Florida","Aug 13, 1985","6'0""",145 lbs,Tristar Gym
/fighter/Jonathan-Goulet-4120,Jonathan Goulet,The Road Warrior,Canada,"Victoriaville, Quebec","Jul 13, 1979","6'0""",169 lbs,Team Legion
/fighter/Jonathan-Martinez-124959,Jonathan Martinez,Dragon,United States,"Plainview, Texas","Apr 20, 1994","5'7""",135 lbs,Factory X
/fighter/Jonathan-Meunier-146567,Jonathan Meunier,The French Spider,Canada,"Quebec City, Quebec","Aug 4, 1987","6'3""",170 lbs,Tristar Quebec
/fighter/Jonathan-Micallef-366859,Jonathan Micallef,The Captain,Australia,"Melbourne, Victoria","Mar 5, 1999","6'0""",170 lbs,Combat 1 MMA
/fighter/Jonathan-Pearce-183541,Jonathan Pearce,JSP,United States,"Johnson City, Tennessee","May 1, 1992","5'11""",145 lbs,Fight Ready
/fighter/Jonathan-Piersma-289927,Jonathan Piersma,War Hawk,United States,"Rochester, New York","Mar 3, 1996","5'11""",173 lbs,Synthesis BJJ
/fighter/Jonathan-Wiezorek-2688,Jonathan Wiezorek,Lock and Load,United States,"Valdosta, Georgia","Feb 10, 1979","6'3""",250 lbs,Valdosta Martial Arts Academy
/fighter/Jonathan-Wilson-108571,Jonathan Wilson,Johnny Bravo,United States,"San Bernardino, California",,"6'2""",217 lbs,Millennia MMA
/fighter/Jonavin-Webb-81634,Jonavin Webb,Spyder,United States,"Marlton, New Jersey","Apr 28, 1989","5'9""",170 lbs,Renzo Gracie Philly
/fighter/Jonny-Parsons-65875,Jonny Parsons,The Sluggernaut,United States,"Las Vegas, Nevada","Sep 6, 1991","5'10""",171 lbs,Syndicate MMA
/fighter/Joo-Sang-Yoo-387629,Joo Sang Yoo,Zombie Jr.,South Korea,"Uijeongbu, Gyeonggi","Jan 21, 1994","5'9""",153 lbs,Tiger Gym
/fighter/Jordan-Espinosa-64942,Jordan Espinosa,,United States,"Findlay, Ohio","Nov 8, 1989","5'7""",125 lbs,Luttrell-Yee MMA
/fighter/Jordan-Griffin-56524,Jordan Griffin,The Native Psycho,United States,"Milwaukee, Wisconsin","Feb 23, 1990","5'10""",145 lbs,Roufusport
/fighter/Jordan-Johnson-124405,Jordan Johnson,Big Swinging,United States,"San Diego, California","Nov 18, 1988","6'2""",205 lbs,MMA Lab
/fighter/Jordan-Leavitt-259871,Jordan Leavitt,The Monkey King,United States,"Las Vegas, Nevada","Jun 2, 1995","5'11""",145 lbs,Syndicate MMA
/fighter/Jordan-Mein-6749,Jordan Mein,Young Gun,Canada,"Lethbridge, Alberta","Oct 10, 1989","6'0""",184 lbs,Canadian Martial Arts Centre
/fighter/Jordan-Radev-5925,Jordan Radev,,Bulgaria,"Pomorie, Burgas","Mar 4, 1976","5'7""",170 lbs,Sportcentrum KOPS
/fighter/Jordan-Rinaldi-53815,Jordan Rinaldi,All Day,United States,"Charlotte, North Carolina","Sep 25, 1987","5'10""",145 lbs,One Kick's Gym
/fighter/Jordan-Vucenic-236825,Jordan Vucenic,The Epidemic,England,"Corby, Northamptonshire","Mar 2, 1996","5'9""",160 lbs,Blood Sweat and Tears
/fighter/Jordan-Williams-70941,Jordan Williams,Bomaye,United States,"Santa Rosa, California","Oct 13, 1990","6'0""",170 lbs,Nor-Cal Fighting Alliance
/fighter/Jordan-Wright-79138,Jordan Wright,The Beverly Hills Ninja,United States,"Los Angeles, California","Oct 7, 1991","6'1""",185 lbs,Dynamix MMA
/fighter/Jorge-Antonio-Cezario-de-Oliveira-15380,Jorge Antonio Cezario de Oliveira,Blade,Brazil,"Nilopolis, Rio de Janeiro","Jan 22, 1980","5'10""",170 lbs,Renovacao Fight Team
/fighter/Jorge-Gurgel-4025,Jorge Gurgel,J.G.,United States,"Cincinnati, Ohio","Jan 25, 1977","5'9""",154 lbs,Team Jorge Gurgel
/fighter/Jorge-Lopez-23271,Jorge Lopez,Lil' Monster,United States,"Las Vegas, Nevada","Nov 21, 1988","5'10""",170 lbs,Wand Fight Team
/fighter/Jorge-Masvidal-7688,Jorge Masvidal,Gamebred,United States,"Miami, Florida","Nov 12, 1984","5'11""",170 lbs,American Top Team
/fighter/Jorge-Patino-1015,Jorge Patino,Macaco,Brazil,"Sao Paulo, Sao Paulo","May 8, 1973","5'8""",155 lbs,Chute Boxe
/fighter/Jorge-Rivera-2712,Jorge Rivera,El Conquistador,United States,"Milford, Massachusetts","Feb 28, 1972","6'1""",185 lbs,Rivera Athletic Center
/fighter/Jorge-Santiago-5735,Jorge Santiago,The Sandman,Brazil,Rio de Janeiro,"Oct 9, 1980","6'1""",170 lbs,Blackzilians
/fighter/Jose-Aldo-11506,Jose Aldo,Junior,Brazil,"Manaus, Amazonas","Sep 9, 1986","5'7""",143 lbs,Nova Uniao
/fighter/Jose-Delgado-307733,Jose Delgado,,United States,"Phoenix, Arizona","Apr 21, 1998","5'11""",146 lbs,MMA Lab
/fighter/Jose-Henrique-Souza-362437,Jose Henrique Souza,Canela,Brazil,"Manaus, Amazonas","May 23, 2002","6'3""",171 lbs,Nova Uniao MPBJJ
/fighter/Jose-Johnson-238733,Jose Johnson,No Way,United States,"Flint, Michigan","May 20, 1995","6'0""",145 lbs,Twin Wolves MMA
/fighter/Jose-Luiz-398299,Jose Luiz,Montanha,Brazil,"Tangara da Serra, Mato Gross","Aug 25, 1996","6'4""",259 lbs,Gile Riberio Team
/fighter/Jose-Maria-Tome-37681,Jose Maria Tome,No Chance,Brazil,"Alto Santo, Ceara","Jan 4, 1982","5'4""",135 lbs,Team Nogueira
/fighter/Jose-Mariscal-171651,Jose Mariscal,Chepe / Machine Gun,United States,"Cicero, Illinois","Oct 27, 1992","5'6""",145 lbs,Elevation Fight Team
/fighter/Jose-Mauro-Delano-177407,Jose Mauro Delano,Ze,Brazil,"Recife, Pernambuco","Sep 11, 1996","5'8""",146 lbs,Brazilian Top Team
/fighter/Jose-Medina-251871,Jose Medina,Chicho,Bolivia,"Santa Cruz de La Sierra, Santa Cruz","May 17, 1991","6'0""",185 lbs,Phuket Fight Club
/fighter/Jose-Ochoa-302523,Jose Ochoa,Kalzifer,Peru,"Moyobamba, San Martin","Dec 31, 2000","5'7""",125 lbs,Chute Boxe Diego Lima
/fighter/Jose-Quinonez-152627,Jose Quinonez,Teco,Mexico,"Tlaltenango, Zacatecas","Jul 28, 1990","5'8""",144 lbs,La Malilla
/fighter/Jose-Torres-171605,Jose Torres,Shorty,United States,"Chicago, Illinois","Aug 2, 1992","5'4""",134 lbs,KHK MMA
/fighter/Josefine-Lindgren-Knutsson-378677,Josefine Lindgren Knutsson,Little Thunder,Sweden,"Bromma, Stockholm","Jan 16, 1996","5'3""",115 lbs,Allstars Training Center
/fighter/Joselyne-Edwards-156643,Joselyne Edwards,La Pantera,Panama,Panama City,"Sep 29, 1995","5'6""",135 lbs,Kings MMA
/fighter/Joseph-Benavidez-15008,Joseph Benavidez,,United States,"Sacramento, California","Jul 31, 1984","5'4""",125 lbs,Xtreme Couture
/fighter/Joseph-Duffy-17052,Joseph Duffy,Irish Joe,Ireland,Donegal,"Feb 18, 1988","5'10""",155 lbs,Tristar Gym
/fighter/Joseph-Holmes-285543,Joseph Holmes,Ugly Man,United States,"Arlington, Texas","Jul 4, 1995","6'4""",265 lbs,W4R Training Center
/fighter/Joseph-Kropschot-248331,Joseph Kropschot,The Land Animal,United States,"Danville, California","Jun 19, 1995","6'2""",186 lbs,Team Black
/fighter/Joseph-Larcinese-403110,Joseph Larcinese,Joe / Big Sexy,Australia,"Sydney, New South Wales","Oct 1, 1998","5'4""",126 lbs,Igor MMA
/fighter/Joseph-Morales-123553,Joseph Morales,Bopo,United States,"Clovis, California","Aug 22, 1994","5'6""",126 lbs,Team Alpha Male
/fighter/Joseph-Sandoval-63897,Joseph Sandoval,,United States,"Lubbock, Texas","May 11, 1986","5'6""",135 lbs,Bighead MMA
/fighter/Josh-Barnett-272,Josh Barnett,The Warmaster,United States,"Seattle, Washington","Nov 10, 1977","6'3""",248 lbs,UWF USA
/fighter/Josh-Bryant-21971,Josh Bryant,The Beast,United States,"Broken Arrow, Oklahoma","Apr 23, 1980","6'0""",185 lbs,Absolute Combat Alliance
/fighter/Josh-Clopton-22105,Josh Clopton,The Gentleman,United States,"San Francisco, California","Jul 11, 1981","5'7""",145 lbs,Skrap Pack
/fighter/Josh-Copeland-75537,Josh Copeland,Cuddly Bear,United States,"Denver, Colorado","Oct 20, 1982","6'1""",245 lbs,Grudge Training Center
/fighter/Josh-Emmett-85885,Josh Emmett,CC0,United States,"Sacramento, California","Mar 4, 1985","5'6""",145 lbs,Team Alpha Male
/fighter/Josh-Ferguson-26649,Josh Ferguson,Taz,United States,"Louisville, Kentucky","May 13, 1988","5'5""",125 lbs,All American MMA
/fighter/Josh-Fremd-162285,Josh Fremd,,United States,"Connellsville, Pennsylvania","Jan 15, 1994","6'4""",185 lbs,Factory X
/fighter/Josh-Grispi-20416,Josh Grispi,The Fluke,United States,"Rockland, Massachusetts","Oct 14, 1988","5'11""",146 lbs,South Shore Sportfighting
/fighter/Josh-Haynes-6254,Josh Haynes,Bring the Pain,United States,"Medford, Oregon","Jul 30, 1977","5'9""",205 lbs,Syndicate MMA
/fighter/Josh-Hendricks-7652,Josh Hendricks,Heavy,United States,"Mansfield, Ohio","Aug 28, 1976","6'2""",259 lbs,Superior Health Club
/fighter/Josh-Hokit-433441,Josh Hokit,The Incredible Hok,United States,"Clovis, California","Nov 12, 1997","6'1""",231 lbs,Jackson-Wink MMA
/fighter/Josh-Koscheck-9418,Josh Koscheck,Kos,United States,"Buffalo, New York","Nov 30, 1977","5'10""",170 lbs,Dethrone Base Camp
/fighter/Josh-Neer-9179,Josh Neer,The Dentist,United States,"Des Moines, Iowa","Mar 24, 1983","5'11""",170 lbs,Cesar Gracie Fight Team
/fighter/Josh-Parisian-181225,Josh Parisian,,United States,"Brighton, Michigan","Jun 28, 1989","6'4""",266 lbs,Scorpion Fighting System
/fighter/Josh-Quinlan-290925,Josh Quinlan,The Renegade / Bushido,United States,"Kauai, Hawaii","Feb 6, 1993","6'0""",170 lbs,Abe Brothers Jiu-Jitsu Las Vegas
/fighter/Josh-Rafferty-2682,Josh Rafferty,,United States,"Cincinnati, Ohio","Jan 6, 1981","6'0""",169 lbs,Meat Truck Inc.
/fighter/Josh-Samman-17460,Josh Samman,Anqa,United States,"Tallahassee, Florida","Mar 14, 1988","6'3""",186 lbs,MMA Masters
/fighter/Josh-Sampo-66883,Josh Sampo,The Gremlin,United States,"Lindenwood, Missouri","Jul 24, 1984","5'4""",125 lbs,Team Oyama
/fighter/Josh-Schockman-13270,Josh Schockman,The Warhammer,United States,"Nashville, Tennessee","Dec 29, 1980","6'4""",205 lbs,Dirty South Fight Team
/fighter/Josh-Shockley-24948,Josh Shockley,,United States,"Lake Station, Indiana","Nov 15, 1989","6'1""",155 lbs,Duneland Vale Tudo
/fighter/Josh-Stansbury-18495,Josh Stansbury,The Sandman,United States,"East Liverpool, Ohio","Nov 19, 1984","6'2""",205 lbs,Team Impact
/fighter/Josh-Stuart-185,Josh Stuart,,United States,"Harvey, Louisiana",,"5'9""",159 lbs,
/fighter/Josh-Thomson-2394,Josh Thomson,The Punk,United States,"San Jose, California","Sep 21, 1978","5'10""",153 lbs,American Kickboxing Academy
/fighter/Joshua-Burkman-10003,Joshua Burkman,The People's Warrior,United States,"Salt Lake City, Utah","Oct 4, 1980","5'10""",155 lbs,The Pit Elevated Fight Team
/fighter/Joshua-Culibao-222801,Joshua Culibao,Kuya,Australia,"Sydney, New South Wales","May 24, 1994","5'9""",145 lbs,Igor MMA
/fighter/Joshua-Van-365973,Joshua Van,The Fearless,Myanmar,"Hakha, Chin","Oct 10, 2001","5'5""",125 lbs,4oz. Fight Club
/fighter/Joshua-Weems-259641,Joshua Weems,Wide Open,United States,"Jackson, Mississippi","May 5, 1994","5'8""",145 lbs,Black Sails MMA
/fighter/Josiah-Harrell-317135,Josiah Harrell,Muscle Hamster,United States,"Columbus, Ohio","Nov 13, 1998","5'7""",171 lbs,Grove City BJJ
/fighter/Josiane-Nunes-147215,Josiane Nunes,Josi,Brazil,"Curitiba, Parana","Dec 23, 1993","5'3""",135 lbs,Striker's House
/fighter/Josias-Musasa-416801,Josias Musasa,The K.O. Wizard,"Congo, The Democratic Republic of the",Lubumbashi,"Oct 10, 1998","5'8""",135 lbs,Elite Training Center - Lubumbashi
/fighter/Journey-Newson-77464,Journey Newson,,United States,"Beaverton, Oregon","Mar 7, 1989","5'5""",139 lbs,Impact Jiu Jitsu
/fighter/Jovan-Leka-403812,Jovan Leka,,Serbia,Novi Sad,"Mar 15, 2002","6'4""",262 lbs,Family Fight Team
/fighter/Juan-Adams-239097,Juan Adams,The Kraken,United States,"Houston, Texas","Jan 16, 1992","6'5""",265 lbs,Jackson-Wink MMA
/fighter/Juan-Diaz-283661,Juan Diaz,Pegajoso,Peru,Lima,"Jun 3, 1998","5'7""",135 lbs,Entram Gym
/fighter/Juan-Espino-249511,Juan Espino,El Guapo,Spain,"Las Palmas, Canary Islands","Oct 9, 1980","6'4""",257 lbs,American Top Team
/fighter/Juan-Manuel-Puig-44638,Juan Manuel Puig,Fenix,Mexico,Mexico City,"Apr 23, 1989","5'9""",145 lbs,American Kickboxing Academy
/fighter/Juancamilo-Ronderos-227427,Juancamilo Ronderos,100,Colombia,Bogota,"Feb 17, 1995","5'3""",126 lbs,Xtreme Couture
/fighter/Jules-Bruchez-41539,Jules Bruchez,Cotton Mouth from the South,United States,"Lafayette, Louisiana","Aug 16, 1977","6'0""",184 lbs,Gladiator LA
/fighter/Julia-Avila-91159,Julia Avila,Raging Panda,United States,"Bakersfield, California","May 11, 1988","5'4""",136 lbs,All Powers Fitness and Fighting
/fighter/Julia-Polastri-266047,Julia Polastri,Psycho,Brazil,"Duque de Caxias, Rio de Janeiro","Mar 5, 1998","5'2""",119 lbs,CWB Fighter
/fighter/Julian-Erosa-71442,Julian Erosa,Juicy J,United States,"Yakima, Washington","Jul 31, 1989","6'1""",145 lbs,Xtreme Couture
/fighter/Julian-Marquez-77743,Julian Marquez,The Cuban Missile Crisis,United States,"Kansas City, Missouri","May 8, 1990","6'2""",185 lbs,MMA Lab
/fighter/Julian-Sanchez-144,Julian Sanchez,,United States,"San Antonio, Texas",,"6'3""",300 lbs,
/fighter/Juliana-Lima-73710,Juliana Lima,Ju Thai,Brazil,"Belo Horizonte, Minas Gerais","Mar 15, 1982","5'5""",116 lbs,Gracie Barra BH
/fighter/Juliana-Miller-259759,Juliana Miller,Killer,United States,"San Diego, California","May 7, 1996","5'7""",126 lbs,10th Planet San Diego
/fighter/Julianna-Pena-50883,Julianna Pena,The Venezuelan Vixen,United States,"Spokane, Washington","Aug 19, 1989","5'7""",135 lbs,SikJitsu
/fighter/Julie-Kedzie-10093,Julie Kedzie,Fireball,United States,"Bloomington, Indiana","Mar 18, 1981","5'5""",135 lbs,Jackson-Wink MMA
/fighter/Julien-Leblanc-161413,Julien Leblanc,,Canada,"Gatineau, Quebec","Jan 21, 1992","6'2""",185 lbs,Patenaude Martial Arts
/fighter/Julija-Stoliarenko-143533,Julija Stoliarenko,,Lithuania,Kaunas,"Apr 8, 1993","5'7""",125 lbs,Fighter House
/fighter/Julio-Arce-71299,Julio Arce,,United States,"Queens, New York","Oct 27, 1989","5'7""",145 lbs,Team Tiger Schulmann
/fighter/Julio-Paulino-18106,Julio Paulino,The Dominican Demon,United States,"Anchorage, Alaska","Dec 4, 1975","6'0""",236 lbs,Legacy Jiu-Jitsu
/fighter/Julius-Walker-366067,Julius Walker,Juice Box,United States,"Springfield, Missouri","Jul 16, 1999","6'4""",205 lbs,Team Fusion
/fighter/Jumabieke-Tuerxun-83505,Jumabieke Tuerxun,The Wild Wolf,China,"Xi'an, Shaanxi","Apr 17, 1986","5'7""",135 lbs,Xian Sports University
/fighter/Jun-Yong-Park-159071,Jun Yong Park,The Iron Turtle,South Korea,Seoul,"Feb 27, 1991","6'0""",185 lbs,World Top Team
/fighter/Jun-Young-Hong-188363,Jun Young Hong,Drunken Red,South Korea,Seoul,"Dec 18, 1990","5'10""",158 lbs,Korean Zombie MMA
/fighter/Jung-Hyun-Lee-289981,Jung Hyun Lee,Doraemon,South Korea,Seoul,"Sep 10, 2002","5'5""",126 lbs,Team aom
/fighter/Junie-Allen-Browning-28041,Junie Allen Browning,Lunatik,United States,"Lexington, Kentucky","May 12, 1985","5'10""",170 lbs,Legends MMA
/fighter/Junior-Albini-67923,Junior Albini,Baby,Brazil,"Paranagua, Parana","Mar 15, 1991","6'3""",265 lbs,Astra Fight Team
/fighter/Junior-Assuncao-10380,Junior Assuncao,,Brazil,"Recife, Pernambuco","Jun 24, 1981","5'9""",155 lbs,Ascension MMA
/fighter/Junior-Tafa-408471,Junior Tafa,The Juggernaut,New Zealand,Avondale,"Sep 21, 1996","6'3""",205 lbs,NTG Fight & Fitness
/fighter/Junior-dos-Santos-17272,Junior dos Santos,Cigano,Brazil,"Cacador, Santa Catarina","Jan 30, 1984","6'4""",245 lbs,Champion Team
/fighter/Jussier-Formiga-36939,Jussier Formiga,,Brazil,"Natal, Rio Grande do Norte","Apr 14, 1985","5'5""",125 lbs,American Top Team
/fighter/Justin-Buchholz-18062,Justin Buchholz,,United States,"Fairbanks, Alaska","Aug 22, 1983","5'10""",170 lbs,Independent
/fighter/Justin-Edwards-37452,Justin Edwards,Fast Eddy,United States,"Cincinnati, Ohio","Jan 26, 1983","5'10""",155 lbs,Team Jorge Gurgel
/fighter/Justin-Eilers-5936,Justin Eilers,,United States,"Nampa, Idaho","Jun 28, 1978","6'1""",235 lbs,Miletich Martial Arts
/fighter/Justin-Frazier-77208,Justin Frazier,The Grizzly Bear,United States,"Batesville, Arkansas","Jun 15, 1989","6'0""",281 lbs,Without Limits MMA
/fighter/Justin-Gaethje-46648,Justin Gaethje,The Highlight,United States,"Safford, Arizona","Nov 14, 1988","5'11""",155 lbs,Genesis Training Center
/fighter/Justin-James-1926,Justin James,Pretty Boy,United States,Nebraska,"Nov 8, 1976","5'10""",155 lbs,
/fighter/Justin-Jaynes-53713,Justin Jaynes,Guitar Hero,United States,"Las Vegas, Nevada","Aug 10, 1989","5'8""",159 lbs,Xtreme Couture
/fighter/Justin-Jones-93683,Justin Jones,Black Dynamite,United States,"San Diego, California","Feb 14, 1980","5'11""",205 lbs,Victory MMA
/fighter/Justin-Lawrence-73756,Justin Lawrence,The American Kid,United States,"Pacific, Missouri","May 15, 1990","5'8""",145 lbs,Power MMA
/fighter/Justin-Ledet-72052,Justin Ledet,El Blanco,United States,"Houston, Texas","Sep 28, 1988","6'4""",205 lbs,
/fighter/Justin-Levens-10226,Justin Levens,The Executioner,United States,"Newport Beach, California","Apr 18, 1980","5'10""",185 lbs,CSW
/fighter/Justin-Martin-150,Justin Martin,The Reaper,United States,"Dallas, Texas",,"6'0""",205 lbs,
/fighter/Justin-McCully-930,Justin McCully,The Insane One,United States,"Orange, California","Feb 18, 1976","6'2""",235 lbs,Team Punishment
/fighter/Justin-Salas-16180,Justin Salas,J-Bomb,United States,"Wheat Ridge, Colorado","Mar 13, 1982","5'8""",155 lbs,Grudge Training Center
/fighter/Justin-Scoggins-71120,Justin Scoggins,Tank,United States,"Spartanburg, South Carolina","May 2, 1992","5'7""",125 lbs,Revolution Mixed Martial Arts
/fighter/Justin-Tafa-254717,Justin Tafa,Bad Man,Australia,"Brisbane, New South Wales","Dec 13, 1993","6'0""",266 lbs,NTG Fight & Fitness
/fighter/Justin-Willis-63873,Justin Willis,Big Pretty,United States,"San Jose, California","Jul 19, 1987","6'1""",265 lbs,American Kickboxing Academy
/fighter/Justin-Wren-21401,Justin Wren,The Big Pygmy,United States,"Ames, Iowa","Apr 27, 1987","6'3""",265 lbs,Grudge Training Center
/fighter/Justine-Kish-67098,Justine Kish,The Machine,United States,"Cramerton, North Carolina","Apr 13, 1988","5'5""",125 lbs,Black House
/fighter/Jutaro-Nakao-438,Jutaro Nakao,,Japan,"Yokosuka, Kanagawa","Nov 30, 1970","5'9""",170 lbs,Jutaro Nakao MMA School
/fighter/KB-Bhullar-87341,K.B. Bhullar,The Bengal,Canada,"Edmonton, Alberta","Oct 12, 1991","6'4""",185 lbs,Shaved Bears MMA
/fighter/KJ-Noons-6727,K.J. Noons,King,United States,"San Diego, California","Dec 7, 1982","5'11""",168 lbs,The Arena
/fighter/Kaan-Ofli-189203,Kaan Ofli,Genghis,Australia,"Melbourne, Victoria","Jun 19, 1993","5'8""",145 lbs,XFC Narre Warren
/fighter/Kai-Asakura-226035,Kai Asakura,,Japan,"Toyohashi, Aichi","Oct 31, 1993","5'8""",136 lbs,Japan Top Team
/fighter/Kai-Kamaka-III-117585,Kai Kamaka III,The Fighting Hawaiian,United States,"Waipahu, Hawaii","Jan 5, 1995","5'7""",145 lbs,Xtreme Couture
/fighter/Kai-KaraFrance-73692,Kai Kara-France,Don't Blink,New Zealand,Auckland,"Mar 26, 1993","5'5""",125 lbs,City Kickboxing
/fighter/Kai-Lu-217317,Kai Lu,Lukas / The Last Gladiator,China,Shanghai,"Mar 1, 1994","5'9""",150 lbs,Qingdao Xinjiang International Fight Club
/fighter/Kai-Yoshida-422176,Kai Yoshida,Scorpion,Japan,"Kasugai, Aichi","Oct 10, 1999","5'9""",135 lbs,Karatedo Goju-Ryu Ho-Bukan
/fighter/Kailin-Curran-62703,Kailin Curran,,United States,"Ewa Beach, Hawaii","Apr 11, 1991","5'4""",113 lbs,RVCA
/fighter/Kaito-Oda-411079,Kaito Oda,,Japan,"Tsushima, Nagasaki","Feb 13, 1998","5'6""",126 lbs,Carpe Diem Fukuoka
/fighter/Kaiwen-Li-183217,Kaiwen Li,The Underdog,China,Hunan,"Oct 16, 1995","5'9""",145 lbs,Haosheng Fight Gym
/fighter/Kajan-Johnson-5615,Kajan Johnson,Ragin',Canada,"Burns Lake, British Columbia","Apr 21, 1984","5'11""",155 lbs,Tristar Gym
/fighter/Kalib-Starnes-8095,Kalib Starnes,,Canada,"Surrey, British Columbia","Jan 6, 1975","6'3""",205 lbs,Aegis Athletics
/fighter/Kalindra-Faria-48080,Kalindra Faria,,Brazil,"Taubate, Sao Paulo","Jul 23, 1986","5'7""",136 lbs,Vale Top Team
/fighter/Kalinn-Williams-198129,Kalinn Williams,Khaos the Ox Fighter,United States,"Lansing, Michigan","Mar 30, 1994","6'0""",170 lbs,Murcielago MMA
/fighter/Kamal-Shalorus-31151,Kamal Shalorus,Prince of Persia,Iran,"Ahmadabad, Ardabil","Aug 27, 1977","5'8""",155 lbs,Kaizen MMA
/fighter/Kamaru-Usman-120691,Kamaru Usman,The Nigerian Nightmare,Nigeria,"Auchi, Edo","May 11, 1987","6'0""",185 lbs,Kill Cliff FC
/fighter/Kamuela-Kirk-162187,Kamuela Kirk,The Jawaiian,United States,"Peoria, Arizona","Apr 13, 1994","5'9""",155 lbs,Siege MMA
/fighter/Kanako-Murata-219081,Kanako Murata,,Japan,"Matsuyama, Ehime","Aug 10, 1993","5'1""",115 lbs,Combat Sports Academy
/fighter/Kangjie-Zhu-341915,Kangjie Zhu,The Hypnotist / One Punch Man,China,"Hefei, Anhui","Jan 16, 1996","5'7""",145 lbs,Haosheng Fight Gym
/fighter/Karine-Gevorgyan-180823,Karine Gevorgyan,Princess,Armenia,Yerevan,"Mar 9, 1989","5'4""",130 lbs,Professional Armfighting Federation
/fighter/Karine-Silva-153807,Karine Silva,Killer,Brazil,"Dourados, Mato Grosso do Sul","Dec 2, 1993","5'4""",125 lbs,The Fighting Nerds
/fighter/Karl-Roberson-132605,Karl Roberson,Baby K,United States,"Neptune, New Jersey","Oct 4, 1990","6'1""",184 lbs,Killer B Combat Sports Academy
/fighter/Karl-Williams-333575,Karl Williams,,"Virgin Islands, U.S.",St. Thomas,"Jan 6, 1990","6'3""",263 lbs,Xtreme Couture
/fighter/Karlos-Vemola-40238,Karlos Vemola,The Terminator,Czech Republic,Olomouc,"Jul 1, 1985","6'0""",205 lbs,London Shootfighters
/fighter/Karo-Parisyan-5153,Karo Parisyan,The Heat,United States,"North Hollywood, California","Aug 28, 1982","5'10""",169 lbs,
/fighter/Karol-Rosa-115135,Karol Rosa,,Brazil,"Vila Velha, Espirito Santo","Dec 30, 1994","5'7""",135 lbs,GAEA Project
/fighter/Karolina-Kowalkiewicz-101401,Karolina Kowalkiewicz,,Poland,Lodz,"Oct 15, 1985","5'3""",116 lbs,American Top Team
/fighter/Kasib-Murdoch-396268,Kasib Murdoch,Murder,New Zealand,Dunedin,"May 15, 2001","5'4""",136 lbs,Freestyle Fighting Gym
/fighter/Katlyn-Cerminara-119071,Katlyn Cerminara,Blonde Fighter,United States,"Jersey City, New Jersey","Dec 28, 1988","5'9""",125 lbs,Team Renzo Gracie
/fighter/Katsuhisa-Fujii-234,Katsuhisa Fujii,Shamoji,Japan,"Fukuyama, Hiroshima","Aug 15, 1972","6'0""",217 lbs,Core
/fighter/Katsunori-Kikuno-16806,Katsunori Kikuno,,Japan,Kagoshima,"Oct 30, 1981","5'8""",155 lbs,Team Kikuno
/fighter/Kaue-Fernandes-297051,Kaue Fernandes,The Lumberjack,Brazil,"Rio de Janeiro, Rio de Janeiro","Mar 17, 1995","6'0""",156 lbs,Nova Uniao
/fighter/Kay-Hansen-270021,Kay Hansen,,United States,"Whittier, California","Aug 14, 1999","5'3""",115 lbs,10th Planet Jiu-Jitsu Buena Park
/fighter/Kayla-Harrison-237039,Kayla Harrison,,United States,"Middletown, Ohio","Jul 2, 1990","5'8""",135 lbs,American Top Team
/fighter/Kaynan-Kruschewsky-152747,Kaynan Kruschewsky,Bahia,Brazil,"Bauru, Sao Paulo","Apr 4, 1991","5'9""",155 lbs,The Fighting Nerds
/fighter/Kazuhiro-Nakamura-6943,Kazuhiro Nakamura,King Kaz,Japan,"Fukuyama, Hiroshima","Jul 16, 1979","5'11""",185 lbs,Yoshida Dojo
/fighter/Kazuki-Tokudome-26192,Kazuki Tokudome,,Japan,"Hachioji, Tokyo","Mar 4, 1987","5'11""",156 lbs,Paraestra Hachioji
/fighter/Kazuma-Maruyama-101583,Kazuma Maruyama,Gluttony,Japan,"Kagoshima, Kagoshima","Jul 19, 1992","5'11""",156 lbs,Tri.H Studio
/fighter/Kazuo-Takahashi-153,Kazuo Takahashi,Yoshiki,Japan,"Ichikawa, Chiba","Mar 13, 1969","5'10""",203 lbs,D-One Gym
/fighter/Kazushi-Sakuraba-84,Kazushi Sakuraba,The Gracie Hunter,Japan,"Katagami, Akita","Jul 14, 1969","6'0""",167 lbs,Laughter7
/fighter/Keigo-Kunihara-8198,Keigo Kunihara,,Japan,Niigata,,"6'0""",228 lbs,
/fighter/Keiichiro-Nakamura-403670,Keiichiro Nakamura,,Japan,"Yoichi, Hokkaido","Dec 2, 1998","5'10""",146 lbs,EXFIGHT
/fighter/Keiichiro-Yamamiya-237,Keiichiro Yamamiya,Kei,Japan,"Chigasaki, Kanagawa","Jul 12, 1972","5'11""",170 lbs,Grabaka
/fighter/Keisuke-Sasu-228117,Keisuke Sasu,Sasuke,Japan,"Oiso, Kanagawa","Sep 30, 1994","5'7""",145 lbs,Master Japan
/fighter/Keita-Nakamura-9572,Keita Nakamura,K-Taro,Japan,"Katsushika, Tokyo","May 22, 1984","5'11""",156 lbs,United Gym Tokyo
/fighter/Keith-Berish-46314,Keith Berish,Sha Bang Bang,United States,"Poughkeepsie, New York","Nov 14, 1985","6'0""",185 lbs,Black & Blue MMA
/fighter/Keith-Hackney-38,Keith Hackney,The Giant Killer,United States,"Addison, Illinois","Apr 15, 1958","5'11""",200 lbs,
/fighter/Keith-Jardine-2638,Keith Jardine,The Dean of Mean,United States,"Albuquerque, New Mexico","Oct 31, 1975","6'2""",185 lbs,Jackson-Wink MMA
/fighter/Keith-Mielke-123,Keith Mielke,,United States,"San Diego, California",,"5'9""",185 lbs,
/fighter/Keith-Rockel-2093,Keith Rockel,,United States,"Amherst, Massachusettes","Aug 28, 1965","6'0""",185 lbs,Team Elite
/fighter/Keith-Wisniewski-2095,Keith Wisniewski,The Polish Connection,United States,"Portage, Indiana","Oct 25, 1981","5'11""",170 lbs,Duneland Vale Tudo
/fighter/Kelly-Dullanty-354,Kelly Dullanty,Psycho,United States,"San Jose, California","Jul 4, 1977","5'8""",155 lbs,
/fighter/Kelly-Faszholz-117453,Kelly Faszholz,,United States,"Santa Rosa, California","Apr 9, 1984","5'8""",135 lbs,Nor-Cal Fighting Alliance
/fighter/Kelvin-Gastelum-74700,Kelvin Gastelum,,United States,"Yuma, Arizona","Oct 24, 1991","5'9""",185 lbs,Fight Ready
/fighter/Ken-Shamrock-4,Ken Shamrock,The World's Most Dangerous Man,United States,"San Diego, California","Feb 11, 1964","6'1""",212 lbs,Lion's Den
/fighter/Ken-Stone-24913,Ken Stone,,United States,"Coconut Creek, Florida","Oct 8, 1982","5'8""",135 lbs,American Top Team
/fighter/Kenan-Song-181737,Kenan Song,The Assassin,China,"Tangshan, Hebei","Mar 10, 1990","6'0""",170 lbs,Black Tiger
/fighter/Kendall-Grove-10126,Kendall Grove,Da Spyder,United States,"Maui, Hawaii","Nov 12, 1982","6'6""",185 lbs,Straight Rootless Fight Team
/fighter/Kenichi-Yamamoto-236,Kenichi Yamamoto,,Japan,"Kadoma, Osaka","Jul 11, 1976","5'11""",185 lbs,Power of Dream
/fighter/Kennedy-Nzechukwu-212289,Kennedy Nzechukwu,American Savage,United States,"Dallas, Texas","Jun 13, 1992","6'5""",244 lbs,Fortis MMA
/fighter/Kenny-Florian-8021,Kenny Florian,KenFlo,United States,"Westwood, Massachusetts","May 26, 1976","5'10""",145 lbs,Florian Martial Arts Center
/fighter/Kenny-Robertson-31978,Kenny Robertson,,United States,"East Peoria, Illinois","Feb 14, 1984","5'10""",170 lbs,Central Illinois Combat Club
/fighter/Keremuaili-Maimaitituoheti-227225,Keremuaili Maimaitituoheti,The Mountain Eagle,China,Tianjin,"Mar 18, 1991","5'7""",141 lbs,Haoyue Fight Gym
/fighter/Kerry-Schall-397,Kerry Schall,Meat Truck,United States,"Cincinnati, Ohio","Aug 9, 1971","6'2""",265 lbs,Meat Truck Inc.
/fighter/Ketlen-Souza-272209,Ketlen Souza,Esquentadinha,Brazil,"Manaus, Amazonas","Aug 18, 1994","5'2""",115 lbs,Carioca Academy
/fighter/Ketlen-Vieira-178961,Ketlen Vieira,Fenomeno,Brazil,"Manaus, Amazonas","Aug 26, 1991","5'9""",152 lbs,Nova Uniao
/fighter/Kevin-Aguilar-57838,Kevin Aguilar,The Angel of Death,United States,"Longview, Texas","Sep 7, 1988","5'7""",145 lbs,Longview MMA
/fighter/Kevin-Borjas-245493,Kevin Borjas,El Gallo Negro,Peru,Lima,"Dec 6, 1997","5'5""",126 lbs,Pitbull Martial Arts Center
/fighter/Kevin-Burns-20512,Kevin Burns,The Fire,United States,"Des Moines, Iowa","Mar 3, 1980","6'0""",170 lbs,Grudge Training Center
/fighter/Kevin-Casey-24121,Kevin Casey,King,United States,"Los Angeles, California","Jun 15, 1981","5'11""",185 lbs,Black House
/fighter/Kevin-Christian-214529,Kevin Christian,,Brazil,"Rio Preto da Eva, Amazonas","Jan 21, 1995","6'7""",205 lbs,Cosme Junior Team
/fighter/Kevin-Croom-67191,Kevin Croom,Crash,United States,"Columbia, Missouri","Jul 15, 1987","5'11""",135 lbs,Glory MMA & Fitness
/fighter/Kevin-Ferguson-22388,Kevin Ferguson,Kimbo Slice,United States,"Miami, Florida","Feb 8, 1974","6'2""",225 lbs,American Top Team
/fighter/Kevin-Holland-108999,Kevin Holland,Trailblazer,United States,"Fort Worth, Texas","Nov 5, 1992","6'3""",170 lbs,Phalanx MMA Academy
/fighter/Kevin-Jackson-172,Kevin Jackson,,United States,"Phoenix, Arizona","Nov 25, 1964","5'10""",199 lbs,
/fighter/Kevin-Jordan-4399,Kevin Jordan,The Shaman,United States,"Columbus, Georgia","Dec 31, 1970","6'3""",245 lbs,USCAA
/fighter/Kevin-Jousset-300519,Kevin Jousset,Air,New Zealand,Auckland,"May 2, 1993","6'2""",170 lbs,City Kickboxing
/fighter/Kevin-Lee-84342,Kevin Lee,The Motown Phenom,United States,"Grand Rapids, Michigan","Sep 4, 1992","5'9""",155 lbs,Tristar Gym
/fighter/Kevin-Natividad-84807,Kevin Natividad,Quicksand,United States,"Tempe, Arizona","Apr 2, 1993","5'6""",138 lbs,Arizona Combat Sports
/fighter/Kevin-Randleman-162,Kevin Randleman,The Monster,United States,"Columbus, Ohio","Aug 10, 1971","5'10""",205 lbs,Tapout Training Center
/fighter/Kevin-Rosier-17,Kevin Rosier,,United States,"Tampa, Florida","Jan 6, 1962","6'4""",265 lbs,
/fighter/Kevin-Vallejos-391233,Kevin Vallejos,El Chino,Argentina,"Mar del Plata, Buenos Aires","Dec 8, 2001","5'7""",145 lbs,Brothers of Life MMA
/fighter/Khabib-Nurmagomedov-56035,Khabib Nurmagomedov,The Eagle,Russia,"Makhachkala, Dagestan","Sep 20, 1988","5'10""",155 lbs,Fightspirit Team
/fighter/Khadis-Ibragimov-265067,Khadis Ibragimov,,Russia,St. Petersburg,"May 21, 1995","6'2""",266 lbs,Sambo Piter
/fighter/Khalid-Murtazaliev-186791,Khalid Murtazaliev,,Russia,"Makhachkala, Dagestan","Jul 15, 1993","5'11""",185 lbs,Fight Club Krepost
/fighter/Khalid-Taha-117849,Khalid Taha,The Warrior,Germany,Dortmund,"Feb 15, 1992","5'7""",150 lbs,Arena Dortmund
/fighter/Khalil-Rountree-77674,Khalil Rountree,The War Horse,United States,"Las Vegas, Nevada","Feb 6, 1990","6'1""",205 lbs,Syndicate MMA
/fighter/Khama-Worthy-82557,Khama Worthy,The Deathstar,United States,"Pittsburgh, Pennsylvania","Oct 15, 1986","5'11""",155 lbs,The Academy Pittsburgh
/fighter/Khamzat-Chimaev-280021,Khamzat Chimaev,Borz,United Arab Emirates,Dubai,"May 1, 1994","6'2""",185 lbs,Allstars Training Center
/fighter/Khusein-Askhabov-136435,Khusein Askhabov,Lion,United Arab Emirates,Dubai,"Feb 13, 1995","5'8""",145 lbs,American Top Team
/fighter/Kiefer-Crosbie-61160,Kiefer Crosbie,BDK,Ireland,Dublin,"Apr 5, 1990","6'0""",171 lbs,SBG Ireland
/fighter/Kierandip-Singh-Sahota-161451,Kierandip Singh Sahota,Kiru,England,,"May 28, 1995","5'10""",126 lbs,Manchester Top Team
/fighter/Kiichi-Kunimoto-21039,Kiichi Kunimoto,Strasser,Japan,"Osaka, Osaka","May 1, 1981","5'10""",170 lbs,Cobra Kai MMA Dojo
/fighter/Kimbert-Alintozon-396395,Kimbert Alintozon,,Philippines,"Hinoba-an, Negros Occidental","Jan 21, 1999","5'3""",133 lbs,Catalan MMA
/fighter/Kimo-Leopoldo-43,Kimo Leopoldo,,United States,"Huntington Beach, California","Jan 4, 1968","6'3""",235 lbs,Freelance
/fighter/King-Green-27953,King Green,,United States,"Redlands, California","Sep 9, 1986","5'10""",155 lbs,Pinnacle MMA
/fighter/Kiran-Singh-244901,Kiran Singh,Stubborn,India,Uttar Pradesh,"Jul 25, 2000","5'2""",110 lbs,Myo Plus Gym
/fighter/Kit-Cope-67,Kit Cope,,United States,"Las Vegas, Nevada","Mar 17, 1977","6'0""",167 lbs,Twisted Genetiks
/fighter/Kitt-Campbell-152391,Kitt Campbell,The Killer,Australia,"Melbourne, Victoria","Jun 26, 1994","6'2""",171 lbs,Pro Fitness MMA
/fighter/Klaudia-Sygula-328753,Klaudia Sygula,,Poland,Lodz,"Dec 30, 1998","5'8""",136 lbs,FitFabric Shark Top Team
/fighter/Kleydson-Rodrigues-229541,Kleydson Rodrigues,K.R.,Brazil,"Laranjal do Jari, Amapa","Oct 22, 1995","5'7""",135 lbs,Team Nogueira
/fighter/Klidson-Abreu-111535,Klidson Abreu,White Bear,Brazil,"Manaus, Amazonas","Dec 24, 1992","6'2""",239 lbs,Brazilian TKO
/fighter/Kody-Steele-392962,Kody Steele,,United States,"Austin, Texas","Apr 21, 1995","5'9""",155 lbs,Syndicate MMA
/fighter/Koji-Kitao-134,Koji Kitao,Mitsuharu,Japan,"Tsu, Mie","Aug 12, 1963","6'7""",390 lbs,New Japan Pro Wrestling
/fighter/Koji-Oishi-249,Koji Oishi,,Japan,"Kobe, Hyogo","May 31, 1977","5'8""",145 lbs,PANCRASEism
/fighter/Konklak-Suphisara-270881,Konklak Suphisara,Loma Lookboonmee,Thailand,Buriram,"Jan 18, 1996","5'1""",115 lbs,Tiger Muay Thai
/fighter/Konstantin-Erokhin-98151,Konstantin Erokhin,,Russia,Moscow,"Jan 2, 1983","5'11""",205 lbs,Fight Club Krepost
/fighter/Kouya-Kanda-290771,Kouya Kanda,Bushido,Japan,"Abiko, Chiba","Dec 20, 1995","5'11""",155 lbs,The Blackbelt Japan
/fighter/Koyomi-Matsushima-188675,Koyomi Matsushima,Moushigo,Japan,"Yokohama, Kanagawa","Oct 8, 1992","5'7""",144 lbs,Gaio Gym
/fighter/Kris-McCray-39432,Kris McCray,Savage,United States,"Toms River, New Jersey","Sep 24, 1981","6'0""",170 lbs,Iron Army
/fighter/Kris-Moutinho-126341,Kris Moutinho,,United States,"Milford, Massachusetts","Aug 9, 1992","5'7""",149 lbs,Rivera Athletic Center
/fighter/Kristian-Rothaermel-949,Kristian Rothaermel,,United States,"Metairie, Louisiana","Jan 31, 1972","6'0""",205 lbs,
/fighter/Kristof-Midoux-3363,Kristof Midoux,The French Hurricane,France,Nice,"Jul 30, 1972","6'1""",220 lbs,Boxing Squad
/fighter/Kron-Gracie-116971,Kron Gracie,,Brazil,"Rio de Janeiro, Rio de Janeiro","Jul 11, 1988","5'9""",145 lbs,Kron Gracie Jiu-Jitsu
/fighter/Krzysztof-Jotko-53380,Krzysztof Jotko,,Poland,Orneta,"Aug 19, 1989","6'1""",185 lbs,American Top Team
/fighter/Krzysztof-Soszynski-9178,Krzysztof Soszynski,The Polish Experiment,Canada,"Winnipeg, Manitoba","Aug 2, 1977","6'1""",205 lbs,Reign MMA
/fighter/Kuniyoshi-Hironaka-2575,Kuniyoshi Hironaka,,Japan,"Yamaguchi, Yamaguchi","Jun 17, 1976","5'10""",153 lbs,Master Japan
/fighter/Kurt-Holobaugh-68751,Kurt Holobaugh,The Hurt,United States,"Denham Springs, Louisiana","Sep 8, 1986","5'11""",155 lbs,Gracie United
/fighter/Kurt-Pellegrino-4153,Kurt Pellegrino,Batman,United States,"Point Pleasant, New Jersey","May 7, 1979","5'8""",155 lbs,Pellegrino MMA
/fighter/Kurtis-Campbell-302831,Kurtis Campbell,The Pink Panther,England,"Liverpool, Merseyside","Jul 29, 2002","5'9""",146 lbs,The MMA Academy Liverpool
/fighter/Kuya-Ito-124673,Kuya Ito,Psycho Zombie,Japan,"Okaya, Nagano","Oct 7, 1996","5'5""",135 lbs,Brave
/fighter/Kwan-Ho-Kwak-156471,Kwan Ho Kwak,,South Korea,Seoul,"Jun 18, 1989","5'7""",135 lbs,Korean Top Team
/fighter/Kyle-Bochniak-86246,Kyle Bochniak,Crash,United States,"Gloucester, Massachusetts","Feb 5, 1987","5'7""",145 lbs,Broadway Jiu-Jitsu
/fighter/Kyle-Bradley-7918,Kyle Bradley,,United States,"Denham Springs, Louisiana","Aug 19, 1982","5'10""",170 lbs,Team Voodoo
/fighter/Kyle-Daukaus-83350,Kyle Daukaus,The D'Arce Knight,United States,"Philadelphia, Pennsylvania","Feb 27, 1993","6'3""",185 lbs,Martinez BJJ
/fighter/Kyle-Kingsbury-16558,Kyle Kingsbury,Kingsbu,United States,"San Jose, California","Mar 22, 1982","6'4""",205 lbs,American Kickboxing Academy
/fighter/Kyle-Nelson-95383,Kyle Nelson,The Monster,Canada,"Huntsville, Ontario","Apr 20, 1991","5'11""",155 lbs,House of Champions MMA
/fighter/Kyle-Noke-7632,Kyle Noke,KO,Australia,"Dubbo, New South Wales","Mar 18, 1980","6'1""",170 lbs,Jackson-Wink MMA
/fighter/Kyle-Prepolec-80613,Kyle Prepolec,Killshot,Canada,"Windsor, Ontario","Aug 30, 1989","5'10""",155 lbs,Maximum Training Centre
/fighter/Kyle-Stewart-102333,Kyle Stewart,Gunz Up,United States,"Tempe, Arizona","Jan 31, 1989","5'10""",185 lbs,MMA Lab
/fighter/Kyle-Watson-7127,Kyle Watson,,United States,"Granite City, Illinois","Aug 9, 1979","6'0""",155 lbs,HIT Squad
/fighter/Kyler-Phillips-190919,Kyler Phillips,Matrix,United States,"Phoenix, Arizona","Jun 12, 1995","5'8""",135 lbs,MMA Lab
/fighter/Kyoji-Horiguchi-64413,Kyoji Horiguchi,Karate Kid,Japan,"Takasaki, Gunma","Oct 12, 1990","5'5""",126 lbs,American Top Team
/fighter/Kyu-Sung-Kim-171131,Kyu Sung Kim,,South Korea,"Jeonju, North Jeolla Province","Nov 5, 1992","5'11""",136 lbs,Jeonju First Gym
/fighter/Kyung-Ho-Kang-24067,Kyung Ho Kang,Mr. Perfect,South Korea,"Busan, Yeongnam","Sep 9, 1987","5'9""",136 lbs,Busan Team MAD
/fighter/Kyung-Pyo-Kim-189381,Kyung Pyo Kim,Red Horse,South Korea,Seoul,"Jan 29, 1992","5'10""",156 lbs,MMA Story
/fighter/LaVerne-Clark-184,LaVerne Clark,Fists of Fury,United States,"Davenport, Iowa","Dec 2, 1973","5'11""",185 lbs,Miletich Martial Arts
/fighter/Lajin-Ba-256587,Lajin Ba,Snow Leopard,China,"Qingdao, Shandong","Apr 1, 1992","5'9""",155 lbs,Qingdao Xinjiang International Fight Club
/fighter/Lance-Benoist-59764,Lance Benoist,,United States,"St. Louis, Missouri","Aug 26, 1988","5'11""",170 lbs,St. Charles MMA
/fighter/Lance-Gibson-246,Lance  Gibson,Fearless,Canada,"Port Moody, British Columbia","Nov 20, 1970","5'9""",185 lbs,Gibson Kickboxing & Pankration
/fighter/Lance-Gibson-Jr-217915,Lance Gibson Jr.,Fearless,Canada,"Port Moody, British Columbia","Feb 2, 1995","5'10""",155 lbs,Gibson Kickboxing & Pankration
/fighter/Lando-Vannata-82446,Lando Vannata,Groovy,United States,"Toms River, New Jersey","Mar 14, 1992","5'9""",155 lbs,Elevation Fight Team
/fighter/Landon-Quinones-277891,Landon Quinones,The Lone Wolf,United States,"Sunrise, Florida","Nov 21, 1996","5'9""",155 lbs,Kill Cliff FC
/fighter/Lara-Fritzen-164341,Lara Fritzen,,Brazil,"Belo Horizonte, Minas Gerais","Nov 14, 1995","5'4""",125 lbs,Nova Uniao
/fighter/Larissa-Pacheco-144115,Larissa Pacheco,,Brazil,"Belem, Para","Sep 7, 1994","5'8""",145 lbs,Joao Bastos Team
/fighter/Larry-Cureton-62,Larry Cureton,Thunderfoot,United States,"Jersey City, New Jersey",,"6'2""",248 lbs,
/fighter/Laureano-Staropoli-141271,Laureano Staropoli,Pepi,Argentina,"La Plata, Buenos Aires","Feb 27, 1993","6'1""",171 lbs,Chute Boxe Diego Lima
/fighter/Lauren-Mueller-202159,Lauren Mueller,Princess Tiger,United States,"San Diego, California","Nov 15, 1991","5'5""",136 lbs,Alliance MMA
/fighter/Lauren-Murphy-66725,Lauren Murphy,Lucky,United States,"Anchorage, Alaska","Jul 27, 1983","5'7""",125 lbs,Gracie Barra Katy
/fighter/Lavar-Johnson-9511,Lavar Johnson,Big,United States,"Madera, California","Jun 11, 1977","6'3""",253 lbs,Pro Buhawe
/fighter/Lawrence-Lui-327003,Lawrence Lui,Lok Yin / Lozza,Hong Kong,,"Aug 4, 1996","5'8""",135 lbs,City Kickboxing
/fighter/Leah-Letson-150829,Leah Letson,Nidas,United States,"Janesville, Wisconsin","Aug 21, 1992","5'7""",146 lbs,Pura Vida BJJ
/fighter/Leandro-Issa-19521,Leandro Issa,Brodinho,Brazil,"Ubatuba, Sao Paulo","Sep 19, 1983","5'6""",136 lbs,Evolve MMA
/fighter/Leandro-Silva-86382,Leandro Silva,Buscape / Apollo,Brazil,"Sao Paulo, Sao Paulo","Nov 11, 1985","5'9""",176 lbs,American Top Team
/fighter/Lee-Murray-1659,Lee Murray,Lightning,England,London,"Nov 12, 1977","6'0""",185 lbs,London Shootfighters
/fighter/Leigh-Remedios-3071,Leigh Remedios,Bulldog,England,Hudderfield,"Jan 13, 1976","5'7""",145 lbs,Team Quannum
/fighter/Leo-Kuntz-44602,Leo Kuntz,The Lion,United States,"Linton, North Dakota","Oct 3, 1983","5'10""",155 lbs,Daru Strong Performance Center
/fighter/Leomana-Martinez-130553,Leomana Martinez,Manaboi,United States,"Houston, Texas","Mar 25, 1996","5'10""",135 lbs,Glory MMA & Fitness
/fighter/Leon-Edwards-62665,Leon Edwards,Rocky,England,"Erdington, West Midlands","Aug 25, 1991","6'0""",170 lbs,Team Renegade
/fighter/Leon-Shahbazyan-158231,Leon Shahbazyan,S.O.G.,United States,"Glendale, California","Nov 18, 1995","6'4""",185 lbs,Glendale Fighting Club
/fighter/Leonard-Garcia-2815,Leonard Garcia,Bad Boy,United States,"Plainview, Texas","Jul 14, 1979","5'9""",145 lbs,Jackson-Wink MMA
/fighter/Leonardo-Guimaraes-14971,Leonardo Guimaraes,Leleco,Brazil,"Salvador, Bahia","Apr 15, 1982","6'0""",205 lbs,Tata Fight Team
/fighter/Leonardo-Mafra-Teixeira-76653,Leonardo Mafra Teixeira,Macarrao,Brazil,"Santo Andre, Santa Catarina","Apr 25, 1989","5'9""",170 lbs,Kings MMA
/fighter/Leonardo-Morales-111777,Leonardo Morales,Chimmy,Nicaragua,Managua,"Dec 22, 1992","5'9""",155 lbs,Gladiadores MMA
/fighter/Leonardo-Santos-4810,Leonardo Santos,,Brazil,"Rio de Janeiro, Rio de Janeiro","Feb 5, 1980","6'0""",155 lbs,Nova Uniao
/fighter/Lerone-Murphy-209721,Lerone Murphy,The Iceman,England,Stockport,"Jul 22, 1991","5'10""",145 lbs,Manchester Top Team
/fighter/Lerryan-Douglas-77125,Lerryan Douglas,Gunslinger,Brazil,"Paranagua, Parana","Apr 27, 1995","5'10""",146 lbs,Killer Bees
/fighter/Leslie-Smith-46542,Leslie Smith,The Peacemaker,United States,"Pleasant Hill, California","Aug 17, 1982","5'9""",145 lbs,Cesar Gracie Fight Team
/fighter/Levan-Chokheli-303143,Levan Chokheli,,Georgia,Tbilisi,"Oct 2, 1996","6'1""",170 lbs,Phoenix Sportakademie Kassel
/fighter/Levan-Makashvili-126881,Levan Makashvili,The Hornet,United States,"Oceanside, New York","Jan 7, 1989","5'8""",155 lbs,Mutant MMA
/fighter/Levi-Rodrigues-386559,Levi Rodrigues,Baby Monster,Brazil,"Jarinu, Sao Paulo","Oct 15, 1996","6'2""",205 lbs,Rasteira Fight Team
/fighter/Lewis-Gonzalez-84278,Lewis Gonzalez,Lethal,United States,"Turlock, California","Sep 19, 1987","5'10""",174 lbs,MMA Gold Fight Team
/fighter/Liana-Jojua-208997,Liana Jojua,She Wolf,Georgia,Tbilisi,"Mar 22, 1995","5'4""",129 lbs,Syndicate MMA
/fighter/Lijiburen-Wu-160545,Lijiburen Wu,The Beastmaster,China,Inner Mongolia,"Mar 1, 1989","5'9""",135 lbs,
/fighter/Liliya-Shakirova-255783,Liliya Shakirova,,Uzbekistan,Tashkent,"Oct 20, 1991","5'4""",125 lbs,Old School MMA
/fighter/Lina-Lansberg-122387,Lina Lansberg,Elbow Queen,Sweden,"Malmo, Scania","Mar 13, 1982","5'7""",135 lbs,Redline Training Center
/fighter/Lipeng-Zhang-50416,Lipeng Zhang,The Warrior,China,"Hohhot, Inner Mongolia","Mar 10, 1990","5'11""",170 lbs,Phuket Top Team
/fighter/Lisa-Ellis-10071,Lisa Ellis,,United States,"Olympia, Washington","Nov 15, 1982","5'4""",110 lbs,United Training Center
/fighter/Lisa-Kyriacou-300319,Lisa Kyriacou,The Savage,Australia,"Melbourne, Victoria","Nov 17, 1993","5'5""",125 lbs,Absolute MMA
/fighter/Liudvik-Sholinian-216799,Liudvik Sholinian,Palmeyros,Ukraine,Kyiv,"Jan 20, 1990","5'10""",135 lbs,Aurum
/fighter/Livinha-Souza-128267,Livinha Souza,The Brazilian Gangster,Brazil,"Araraquara, Sao Paulo","Mar 11, 1991","5'4""",115 lbs,Team Vinicius Maximo
/fighter/Liz-Carmouche-67007,Liz Carmouche,Girl-Rilla,United States,"San Diego, California","Feb 19, 1984","5'6""",125 lbs,The Arena
/fighter/Lodune-Sincaid-4208,Lodune Sincaid,The Vanilla Gorilla,United States,"North Hollywood, California","May 7, 1973","5'9""",185 lbs,
/fighter/Logan-Clark-19478,Logan Clark,The Pink Pounder,United States,"Eyota, Minnesota","Feb 16, 1985","6'2""",185 lbs,The Academy MN
/fighter/Loik-Radzhabov-154357,Loik Radzhabov,The Tajik Tank,Tajikistan,Dushanbe,"Sep 17, 1990","5'9""",155 lbs,Kill Cliff FC
/fighter/Loneer-Kavanagh-213249,Lone'er Kavanagh,,England,"London, Greater London","Jun 9, 1999","5'4""",125 lbs,Great Britain Top Team
/fighter/Long-Xiao-233007,Long Xiao,,China,Shanxi,"Apr 13, 1998","5'8""",136 lbs,Xin-Du Martial Arts Club
/fighter/Lorenz-Larkin-51345,Lorenz Larkin,The Monsoon,United States,"Riverside, California","Sep 3, 1986","5'11""",170 lbs,Millennia MMA
/fighter/Losene-Keita-287481,Losene Keita,Black Panther,Belgium,,"Dec 30, 1997","5'9""",146 lbs,Lamiro Fight Club
/fighter/Louie-Sutherland-357627,Louie Sutherland,The Vanilla Gorilla,England,Tottenham,"Feb 8, 1994","6'3""",258 lbs,Great Britain Top Team
/fighter/Louis-Cosce-282403,Louis Cosce,The Monster,United States,"Arcata, California","Aug 27, 1995","5'9""",170 lbs,Syndicate MMA
/fighter/Louis-Gaudinot-45230,Louis Gaudinot,Goodnight,United States,"Yonkers, New York","Aug 28, 1984","5'3""",125 lbs,Team Tiger Schulmann
/fighter/Louis-Jourdain-210837,Louis Jourdain,Mad Prince,Canada,"Beloeil, Quebec","Mar 13, 1997","5'9""",135 lbs,Academie Pro Star MMA
/fighter/Louis-Smolka-64792,Louis Smolka,Da Last Samurai,United States,"Waipahu, Hawaii","Jul 16, 1991","5'9""",135 lbs,Team Oyama
/fighter/Lowell-Anderson-231,Lowell Anderson,,United States,"Fairfield, Idaho",,"5'6""",158 lbs,Gracie Jiu-Jitsu
/fighter/Luan-Chagas-113505,Luan Chagas,Tarzan,Brazil,"Navirai, Mato Grosso do Sul","Jun 17, 1993","5'11""",170 lbs,Gile Ribeiro Team
/fighter/Luan-Lacerda-97579,Luan Lacerda,,Brazil,"Macapa, Amapa","Jan 7, 1993","5'7""",135 lbs,Nova Uniao
/fighter/Luana-Carolina-189719,Luana Carolina,Dread,Brazil,"Sao Paulo, Sao Paulo","Jun 11, 1993","5'7""",135 lbs,Capital da Luta
/fighter/Luana-Pinheiro-237525,Luana Pinheiro,,Brazil,"Joao Pessoa, Paraiba","Nov 18, 1992","5'4""",115 lbs,Nova Uniao
/fighter/Luana-Santos-327683,Luana Santos,,Brazil,"Sao Paulo, Sao Paulo","Apr 16, 2000","5'6""",135 lbs,011 MMA Team
/fighter/Lucas-Alexander-227745,Lucas Alexander,The Lion,Brazil,"Rio de Janeiro, Rio de Janeiro","Jul 28, 1995","5'11""",151 lbs,Fusion X-Cel Performance
/fighter/Lucas-Almeida-191243,Lucas Almeida,,Brazil,"Sorocaba, Sao Paulo","Jan 31, 1991","6'0""",145 lbs,MMA Sorocaba
/fighter/Lucas-Armand-420549,Lucas Armand,,United States,Michigan,"Oct 26, 1995",,265 lbs,
/fighter/Lucas-Brennan-271789,Lucas Brennan,Skywalker,United States,"Frisco, Texas","Jun 3, 2000","5'11""",155 lbs,Next Generation MMA Frisco
/fighter/Lucas-Fernando-227719,Lucas Fernando,,Brazil,Rio de Janeiro,"Jan 10, 1997","6'3""",205 lbs,Rizzo RVT
/fighter/Lucas-Martins-100031,Lucas Martins,Mineiro,Brazil,"Montes Claros, Minas Gerais","Nov 11, 1988","6'0""",145 lbs,Capital da Luta
/fighter/Lucas-Rocha-255729,Lucas Rocha,Fenomeno,Brazil,"Coari, Amazonas","Aug 12, 2000","5'4""",125 lbs,Renovacao Coari Team
/fighter/Lucia-Szabova-363981,Lucia Szabova,Silent Killer,Slovakia,Bratislava,"Dec 23, 1997","5'7""",136 lbs,Hanuman Gym Bratislava
/fighter/Lucie-Pudilova-159569,Lucie Pudilova,Bullet,Czech Republic,Pribram,"Jun 13, 1994","5'8""",135 lbs,SBG Ireland
/fighter/Lucio-Linhares-10543,Lucio Linhares,Spartan,Brazil,"Ipatinga, Minas Gerais","Dec 8, 1973","6'2""",185 lbs,Alliance Jiu-Jitsu
/fighter/Ludovit-Klein-183159,Ludovit Klein,Mr. Highlight,Slovakia,Nove Zamky,"Feb 22, 1995","5'8""",155 lbs,Spartakus Fight Gym
/fighter/Luigi-Fioravanti-12199,Luigi Fioravanti,The Italian Tank,United States,"St. Louis, Missouri","Jan 22, 1981","5'9""",183 lbs,Flawless MMA
/fighter/Luigi-Vendramini-225223,Luigi Vendramini,The Italian Stallion,Brazil,"Brasilia, Federal District","Jan 16, 1996","5'10""",155 lbs,Factory X
/fighter/Luis-Felipe-Dias-257975,Luis Felipe Dias,,Brazil,"Sao Jose dos Campos, Sao Paulo","Jan 17, 1995","5'10""",185 lbs,Parana Vale Tudo
/fighter/Luis-Gurule-390304,Luis Gurule,Grim,United States,"Sheridan, Colorado","Nov 16, 1993","5'5""",135 lbs,Factory X
/fighter/Luis-Henrique-6608,Luis Henrique,Lion Heart,Brazil,"Rio de Janeiro, Rio de Janeiro","Aug 21, 1993","6'2""",253 lbs,Tata Fight Team
/fighter/Luis-Pajuelo-287861,Luis Pajuelo,Corazon de Leon,Peru,Lima,"Dec 18, 1994","5'11""",145 lbs,Contacto Livre
/fighter/Luis-Pena-174693,Luis Pena,Violent Bob Ross,United States,"Little Rock, Arkansas","Jul 5, 1993","6'3""",155 lbs,American Top Team Sunrise
/fighter/Luis-Ramos-3217,Luis Ramos,Beicao,Brazil,"Rio de Janeiro, Rio de Janeiro","Jan 18, 1981","5'8""",170 lbs,Nova Uniao
/fighter/Luis-Saldana-77414,Luis Saldana,,United States,"Des Moines, Iowa","Jan 27, 1991","5'11""",145 lbs,Fight Ready
/fighter/Luiz-Cane-17559,Luiz Cane,Banha,Brazil,"Sao Paulo, Sao Paulo","Apr 2, 1981","6'2""",205 lbs,Demian Maia Jiu-Jitsu
/fighter/Luiz-Eduardo-Garagorri-202081,Luiz Eduardo Garagorri,,Uruguay,Rivera,"May 28, 1989","5'10""",145 lbs,Fronteira Fight Team
/fighter/Luiz-Jorge-Dutra-Jr-8121,Luiz Jorge Dutra Jr.,Besouro,Brazil,"Rio de Janeiro, Rio de Janeiro","May 6, 1982","5'11""",170 lbs,Renovacao Fight Team
/fighter/Lukasz-Brzeski-132249,Lukasz Brzeski,The Bull,Poland,Krakow,"May 17, 1992","6'2""",242 lbs,NKSW Holy Team
/fighter/Lukasz-Sajewski-31110,Lukasz Sajewski,Wookie,Poland,Gdansk,"Nov 27, 1990","5'8""",155 lbs,Mighty Bulls Gdynia
/fighter/Luke-Barnatt-56567,Luke Barnatt,Bigslow,England,"Barking, Essex","Apr 13, 1988","6'6""",185 lbs,Tsunami Gym
/fighter/Luke-Caudillo-7406,Luke Caudillo,Lil' Hulk,United States,"North Platte, Nebraska","Nov 30, 1980","5'7""",155 lbs,Grudge Training Center
/fighter/Luke-Cummo-6428,Luke Cummo,,United States,"New Hyde Park, New York","Apr 27, 1980","6'0""",170 lbs,Serra-Longo Fight Team
/fighter/Luke-Fernandez-376548,Luke Fernandez,,United States,"Forked River, New Jersey","Jun 29, 1995","6'2""",205 lbs,Dante Rivera BJJ
/fighter/Luke-Jumeau-52853,Luke Jumeau,The Jedi,New Zealand,"Hamilton, Waikato","Feb 12, 1988","5'11""",170 lbs,Phuket Top Team
/fighter/Luke-Riley-354035,Luke Riley,,England,"Liverpool, Merseyside","Jun 30, 1999","5'9""",145 lbs,Next Generation MMA Liverpool
/fighter/Luke-Rockhold-23345,Luke Rockhold,,United States,"San Jose, California","Oct 17, 1984","6'3""",185 lbs,American Kickboxing Academy
/fighter/Luke-Sanders-74975,Luke Sanders,Cool Hand,United States,"Clarksville, Tennessee","Dec 12, 1985","5'7""",145 lbs,Nashville MMA
/fighter/Luke-Zachrich-15720,Luke Zachrich,,United States,"Cincinnati, Ohio","Dec 19, 1981","6'2""",185 lbs,Ronin Training Center
/fighter/Lupita-Godinez-246543,Lupita Godinez,Loopy,Mexico,Aguascalientes,"Sep 6, 1993","5'2""",115 lbs,Lobo Gym MMA
/fighter/Lyman-Good-14207,Lyman Good,Cyborg,United States,"New York City, New York","May 26, 1985","6'0""",170 lbs,Team Tiger Schulmann
/fighter/Lyoto-Machida-7513,Lyoto Machida,The Dragon,Brazil,"Belem, Para","May 30, 1978","6'1""",185 lbs,APAM
/fighter/Mac-Danzig-3396,Mac Danzig,,United States,"Los Angeles, California","Jan 2, 1980","5'8""",155 lbs,Danzig MMA
/fighter/Machi-Fukuda-395317,Machi Fukuda,Kakutou Komachi,Japan,"Utsunomiya, Tochigi","Jun 3, 2003","5'0""",115 lbs,Freelance
/fighter/Maciej-Jewtuszko-27440,Maciej Jewtuszko,Irokez,Poland,Szczecin,"Jan 31, 1981","6'0""",170 lbs,Berserker's Team
/fighter/Mackens-Semerzier-38841,Mackens Semerzier,Mack da Menace,United States,"Virginia Beach, Virginia","Nov 3, 1980","5'9""",145 lbs,Team Curran
/fighter/Mackenzie-Dern-137171,Mackenzie Dern,,United States,"Phoenix, Arizona","Mar 24, 1993","5'4""",115 lbs,RVCA
/fighter/Macy-Chiasson-190279,Macy Chiasson,,United States,"New Orleans, Louisiana","Jul 27, 1991","5'11""",135 lbs,Fortis MMA
/fighter/Mads-Burnell-84910,Mads Burnell,,Denmark,Copenhagen,"Mar 6, 1994","5'8""",145 lbs,Burnell MMA
/fighter/Magnus-Cedenblad-22137,Magnus Cedenblad,Jycken,Sweden,Stockholm,"Apr 10, 1982","6'3""",185 lbs,Allstars Training Center
/fighter/Magomed-Ankalaev-170785,Magomed Ankalaev,Big Ank,Russia,"Makhachkala, Dagestan","Jun 2, 1992","6'3""",205 lbs,Gorets Fight Club
/fighter/Magomed-Bibulatov-141553,Magomed Bibulatov,Chaborz,Russia,"Grozny, Chechnya","Aug 22, 1988","5'5""",135 lbs,Fight Club Akhmat
/fighter/Magomed-Gadzhiyasulov-272659,Magomed Gadzhiyasulov,Mohammed Haji,Russia,"Makhachkala, Dagestan","Nov 4, 1993","6'2""",205 lbs,KHK MMA
/fighter/Magomed-Mustafaev-80231,Magomed Mustafaev,,Russia,"Sochi, Krasnodar Krai","Aug 2, 1988","5'9""",155 lbs,Fight Club Akhmat
/fighter/Magomed-Tuchalov-339963,Magomed Tuchalov,Wild,Russia,"Makhachkala, Dagestan","Dec 30, 1999","6'5""",205 lbs,Dagestan Fighter
/fighter/Magomed-Zaynukov-383513,Magomed Zaynukov,Wild Chanco,Russia,"Makhachkala, Dagestan","Jan 2, 1995","5'11""",155 lbs,Abdulmanap Nurmagomedov School
/fighter/Maheshate-Hayisaer-336819,Maheshate Hayisaer,,China,"Chengdu, Sichuan","Dec 1, 1999","6'0""",156 lbs,Enbo Fight Club
/fighter/Maia-Kahaunaele-91345,Maia Kahaunaele,,United States,"Yucaipa, California","Mar 19, 1982","5'4""",115 lbs,Joe Stevenson's Cobra Kai
/fighter/Maimaitijiang-Yilizhati-422867,Maimaitijiang Yilizhati,,China,"Zhongshan, Guangdong",,"6'4""",186 lbs,Tuowu Fight Gym
/fighter/Maiquel-Falcao-30304,Maiquel Falcao,Big Rig,Brazil,"Pelotas, Rio Grande do Sul","Mar 8, 1981","5'9""",202 lbs,Rasthai Temple
/fighter/Mairbek-Taisumov-33161,Mairbek Taisumov,Beckan,Russia,"Grozny, Chechnya","Aug 8, 1988","5'9""",155 lbs,Team Taisumov
/fighter/Mairon-Santos-297155,Mairon Santos,The Legend,Brazil,"Rio de Janeiro, Rio de Janeiro","Jun 10, 2000","5'9""",148 lbs,Xtreme Couture
/fighter/Makhmud-Muradov-109565,Makhmud Muradov,Mach,Uzbekistan,Bukhara,"Feb 8, 1990","6'2""",186 lbs,Ankos MMA
/fighter/Maki-Pitolo-51049,Maki Pitolo,Coconut Bombz,United States,"Nanakuli, Hawaii","Nov 24, 1990","5'9""",179 lbs,Xtreme Couture
/fighter/Makwan-Amirkhani-69406,Makwan Amirkhani,Mr. Finland,Finland,Turku,"Nov 8, 1988","5'10""",150 lbs,SBG Ireland
/fighter/Malcolm-Gordon-113429,Malcolm Gordon,X,Canada,"London, Ontario","May 19, 1990","5'7""",128 lbs,Adrenaline Training Center
/fighter/Malcolm-Wellmaker-277031,Malcolm Wellmaker,The Machine,United States,"Augusta, Georgia","Jun 4, 1994","5'9""",135 lbs,Faglier's Mixed Martial Arts
/fighter/Mallory-Martin-200771,Mallory Martin,,United States,"Denver, Colorado","Jan 29, 1994","5'4""",115 lbs,Elevation Fight Team
/fighter/Mandel-Nallo-121011,Mandel Nallo,Rat Garbage / Mango,Canada,"Vancouver, British Columbia","Jul 26, 1989","6'0""",155 lbs,Tristar Gym
/fighter/Mandy-Bohm-172907,Mandy Bohm,Monster,Germany,Gelsenkirchen,"Jul 30, 1989","5'6""",125 lbs,SBG Ireland
/fighter/Manel-Kape-101189,Manel Kape,Starboy,Angola,Luanda,"Nov 14, 1993","5'6""",125 lbs,Xtreme Couture
/fighter/Manny-Bermudez-112009,Manny Bermudez,The Bermudez Triangle,United States,"Abington, Massachusetts","Jul 19, 1994","5'6""",145 lbs,South Shore Sportfighting
/fighter/Manny-Gamburyan-5185,Manny Gamburyan,The Anvil,United States,"Los Angeles, California","May 8, 1981","5'5""",135 lbs,Team Hayastan
/fighter/Manoel-Sousa-319559,Manoel Sousa,Manumito,Brazil,"Acarau, Ceara","Jun 4, 1997","5'9""",156 lbs,Academia Octogono
/fighter/Manolo-Zecchini-168091,Manolo Zecchini,Angelo Veneziano,Italy,Venezia,"Oct 22, 1996","5'9""",145 lbs,MMA Atletica Boxe Milano
/fighter/Manon-Fiorot-228689,Manon Fiorot,The Beast,France,Nice,"Feb 17, 1990","5'7""",125 lbs,Boxing Squad
/fighter/Mansher-Khera-386001,Mansher Khera,New Era,United States,"Hoboken, New Jersey","Apr 15, 1992","5'10""",169 lbs,UFC Gym Hoboken
/fighter/Mansur-AbdulMalik-393926,Mansur Abdul-Malik,,United States,"Columbia, Maryland","Oct 7, 1997","6'2""",186 lbs,Xtreme Couture
/fighter/Mantas-Kondratavicius-310159,Mantas Kondratavicius,,Lithuania,Kaunas,"Jul 17, 1999","6'2""",185 lbs,Fighter House
/fighter/Manuel-Rodriguez-46484,Manuel Rodriguez,Chalate,El Salvador,"Sydney, Australia","Apr 25, 1985","5'9""",185 lbs,TP Fight Team
/fighter/Manuel-Torres-297203,Manuel Torres,El Loco,Mexico,"Chihuahua, Chihuahua","Mar 25, 1995","5'9""",155 lbs,Entram Gym
/fighter/MarQuel-Mederos-302655,MarQuel Mederos,,United States,"Dallas, Texas","Nov 30, 1996","5'10""",156 lbs,MMA Lab
/fighter/Mara-Romero-Borella-164915,Mara Romero Borella,Maravilla,Italy,"Ponte dell'Olio, Piacenza","Jun 3, 1986","5'6""",125 lbs,American Top Team
/fighter/Marc-Diakiese-111545,Marc Diakiese,Bonecrusher,"Congo, The Democratic Republic of the","Doncaster, South Yorkshire","Mar 16, 1993","5'10""",155 lbs,Great Britain Top Team
/fighter/MarcAndre-Barriault-170803,Marc-Andre Barriault,Power Bar,Canada,"Gatineau, Quebec","Feb 18, 1990","6'1""",185 lbs,Kill Cliff FC
/fighter/Marcel-Fortuna-79995,Marcel Fortuna,Maozinha,Brazil,"Tubarao, Santa Catarina","Oct 22, 1985","6'1""",205 lbs,Ralph Gracie Jiu-Jitsu
/fighter/Marcelo-Aguiar-257,Marcelo Aguiar,,Brazil,,"Jan 20, 1969","5'8""",168 lbs,Academia Boxe
/fighter/Marcelo-Golm-190735,Marcelo Golm,,Brazil,"Pitangueiras, Sao Paulo","Sep 15, 1992","6'3""",266 lbs,Corinthians MMA
/fighter/Marcelo-Guimaraes-20277,Marcelo Guimaraes,Magrao,Brazil,"Itapemirim, Espirito Santo","Jun 25, 1983","6'0""",185 lbs,American Top Team
/fighter/Marcelo-Mello-219,Marcelo Mello,,Brazil,,,"5'7""",169 lbs,
/fighter/Marcelo-Rojo-92673,Marcelo Rojo,Pitbull,Argentina,Cordoba,"Jul 2, 1988","5'8""",145 lbs,Entram Gym
/fighter/Marcin-Bandel-55705,Marcin Bandel,Bomba,Poland,Lodz,"Oct 10, 1989","5'10""",170 lbs,Zenith Vera Fight Club
/fighter/Marcin-Held-47065,Marcin Held,,Poland,Tychy,"Jan 18, 1992","5'9""",155 lbs,Ankos MMA
/fighter/Marcin-Prachnio-141251,Marcin Prachnio,,Poland,Warsaw,"Jul 14, 1988","6'3""",205 lbs,Tatsujin Dojo
/fighter/Marcin-Tybura-86928,Marcin Tybura,Tybur,Poland,Uniejow,"Nov 9, 1985","6'3""",254 lbs,Ankos MMA
/fighter/Marcin-Wrzosek-85623,Marcin Wrzosek,The Polish Zombie,Poland,Bydgoszcz,"Oct 14, 1987","5'9""",145 lbs,FitFabric Shark Top Team
/fighter/Marcio-Alexandre-Jr-95457,Marcio Alexandre Jr.,Lyoto,Brazil,"Sao Jose, Santa Catarina","May 3, 1989","6'1""",185 lbs,Astra Fight Team
/fighter/Marcio-Barbosa-245029,Marcio Barbosa,Ticoto,Brazil,"Santana, Amapa","May 22, 1998","5'6""",146 lbs,RD Champions
/fighter/Marcio-Cruz-13976,Marcio Cruz,Pe de Pano,Brazil,Rio de Janeiro,"Apr 24, 1978","6'4""",205 lbs,Gracie Fusion
/fighter/Marco-Beltran-40285,Marco Beltran,Psycho,Mexico,Mexico City,"May 18, 1986","5'8""",125 lbs,Aranha Barcelona BJJ
/fighter/Marco-Polo-Reyes-114125,Marco Polo Reyes,El Toro,Mexico,"Tepic, Nayarit","Nov 7, 1984","5'10""",155 lbs,Entram Gym
/fighter/Marco-Ruas-120,Marco Ruas,The King of the Streets,Brazil,Rio De Janeiro,"Jan 23, 1961","6'1""",210 lbs,Ruas Vale Tudo
/fighter/Marco-Tulio-263543,Marco Tulio,Matuto,Brazil,"Uberlandia, Minas Gerais","Aug 30, 1994","6'0""",185 lbs,Chute Boxe Diego Lima
/fighter/Marcos-Mariano-182785,Marcos Mariano,Dhalsim,Brazil,"Guarulhos, Sao Paulo","Oct 12, 1986","6'1""",155 lbs,Killer Bees
/fighter/Marcos-Rogerio-de-Lima-51955,Marcos Rogerio de Lima,Pezao,Brazil,"Ribeirao Pires, Sao Paulo","Jun 25, 1985","6'1""",262 lbs,American Top Team
/fighter/Marcos-Vinicius-Borges-51728,Marcos Vinicius Borges,Vina,Brazil,"Curitiba, Parana","Dec 5, 1979","5'9""",145 lbs,Team Bronx
/fighter/Marcus-Almeida-116977,Marcus Almeida,Buchecha,Brazil,"Santos, Sao Paulo","Jan 8, 1990","6'3""",253 lbs,American Top Team
/fighter/Marcus-Aurelio-4833,Marcus Aurelio,Maximus,Brazil,"Fortaleza, Ceara","Aug 18, 1973","5'10""",170 lbs,Elite Mixed Fighters
/fighter/Marcus-Bossett-54,Marcus Bossett,The Grasshopper,United States,"Los Angeles, California",,"6'1""",220 lbs,
/fighter/Marcus-Brimage-21618,Marcus Brimage,The Bama Beast,United States,"Birmingham, Alabama","Apr 6, 1985","5'4""",135 lbs,
/fighter/Marcus-Davis-8592,Marcus Davis,The Irish Hand Grenade,United States,"Bangor, Maine","Aug 24, 1973","5'8""",170 lbs,Team Irish
/fighter/Marcus-Jones-25912,Marcus Jones,Big Baby,United States,"Tampa, Florida","Aug 15, 1973","6'6""",265 lbs,
/fighter/Marcus-LeVesseur-23538,Marcus LeVesseur,The Prospect,United States,"Minneapolis, Minnesota","Jul 17, 1983","5'10""",155 lbs,Minnesota Fight Factory
/fighter/Marcus-McGhee-122153,Marcus McGhee,The Maniac,United States,"Phoenix, Arizona","May 7, 1990","5'8""",135 lbs,MMA Lab
/fighter/Marcus-Silveira-183,Marcus Silveira,Conan,Brazil,Rio de Janeiro,"Dec 9, 1964","6'3""",242 lbs,American Top Team
/fighter/Marek-Bujlo-396050,Marek Bujlo,Bujdzilla,Poland,Elk,"Oct 10, 1992","6'4""",265 lbs,Grappler Elk
/fighter/Maria-Oliveira-207835,Maria Oliveira,Spider-Girl,Brazil,"Sao Joao de Meriti, Rio de Janeiro","Dec 9, 1996","5'5""",115 lbs,Parana Vale Tudo
/fighter/Marina-Rodriguez-193977,Marina Rodriguez,,Brazil,"Bage, Rio Grande do Sul","Apr 29, 1987","5'7""",115 lbs,Thai Brasil Floripa
/fighter/Marina-Spasic-398528,Marina Spasic,,Serbia,Belgrade,,"5'5""",115 lbs,
/fighter/Mario-Bautista-128107,Mario Bautista,,United States,"Phoenix, Arizona","Jul 1, 1993","5'9""",135 lbs,MMA Lab
/fighter/Mario-Miranda-23852,Mario Miranda,Super Mario,Brazil,Rio de Janeiro,"Sep 21, 1978","6'3""",185 lbs,Black House
/fighter/Mario-Neto-1950,Mario Neto,Sukata,Brazil,"Joao Pessoa, Paraiba",,"6'0""",229 lbs,Mario Sukata Team
/fighter/Mario-Pinto-310173,Mario Pinto,,Portugal,Lisbon,"Mar 14, 1998","6'5""",252 lbs,Urban Warriors
/fighter/Marion-Reneau-61266,Marion Reneau,The Belizean Bruiser,United States,"Visalia, California","Jun 20, 1977","5'6""",135 lbs,Elite Team
/fighter/Mariya-Agapova-206861,Mariya Agapova,Money Mashka,Kazakhstan,"Pavlodar, Pavlodar","Apr 7, 1997","5'6""",125 lbs,MMA Science Academy
/fighter/Mark-Bocek-9781,Mark Bocek,,Canada,"Toronto, Ontario","Oct 24, 1981","5'9""",155 lbs,Tristar Gym
/fighter/Mark-Choinski-375943,Mark Choinski,The Shark,United States,"Milwaukee, Wisconsin","Oct 22, 1995","5'8""",155 lbs,Roufusport
/fighter/Mark-Climaco-226573,Mark Climaco,,United States,"Hayward, California","Nov 6, 1997","5'4""",126 lbs,American Kickboxing Academy
/fighter/Mark-Coleman-136,Mark Coleman,The Hammer,United States,"Columbus, Ohio","Dec 20, 1964","6'1""",205 lbs,Hammer House
/fighter/Mark-De-La-Rosa-151745,Mark De La Rosa,Bumblebee,United States,"Fort Worth, Texas","Aug 31, 1994","5'6""",135 lbs,Factory X
/fighter/Mark-Eddiva-75370,Mark Eddiva,,Philippines,,"Feb 16, 1986","5'8""",145 lbs,Lakay MMA
/fighter/Mark-Godbeer-54637,Mark Godbeer,The Hand of,England,"Bridgwater, Somerset","Nov 22, 1983","6'4""",245 lbs,Scottish Hit Squad
/fighter/Mark-Hall-118,Mark Hall,The Cobra,United States,"Murrieta, California","Mar 3, 1961","6'0""",190 lbs,
/fighter/Mark-Holst-14862,Mark Holst,Boots,Canada,"Ottawa, Ontario","Aug 14, 1985","6'0""",169 lbs,OAMA
/fighter/Mark-Hominick-4728,Mark Hominick,The Machine,Canada,"London, Ontario","Jul 22, 1982","5'8""",145 lbs,Team Tompkins
/fighter/Mark-Hughes-268,Mark Hughes,,United States,"Hillsborough, Illinois","Oct 13, 1973","5'8""",185 lbs,Miletich Martial Arts
/fighter/Mark-Hunt-10668,Mark Hunt,The Super Samoan,New Zealand,"South Auckland, Auckland","Mar 23, 1974","5'10""",265 lbs,American Top Team
/fighter/Mark-Kerr-71,Mark Kerr,The Smashing Machine,United States,"Phoenix, Arizona","Dec 21, 1968","6'3""",255 lbs,Team Kerr
/fighter/Mark-Munoz-22411,Mark Munoz,The Filipino Wrecking Machine,United States,"Mission Viejo, California","Feb 9, 1978","6'0""",185 lbs,Reign MMA
/fighter/Mark-O-Madsen-145559,Mark O. Madsen,The Olympian,Denmark,Nykobing Falster,"Sep 23, 1984","5'10""",155 lbs,Rumble Sports
/fighter/Mark-Robinson-280,Mark Robinson,White Rhino,United States,"Atlanta, Georgia","Dec 31, 1969","6'0""",300 lbs,Cal Cooper
/fighter/Mark-Scanlon-18253,Mark Scanlon,Scanno,England,"Liverpool, Merseyside",,"5'9""",170 lbs,Team Kaobon
/fighter/Mark-Schultz-133,Mark Schultz,,United States,"Lindon, Utah","Oct 26, 1960","5'10""",203 lbs,
/fighter/Mark-Striegl-50217,Mark Striegl,Mugen,Philippines,"Baguio City, Benguet","Jun 23, 1988","5'8""",145 lbs,Round 1 MMA
/fighter/Mark-Vologdin-309575,Mark Vologdin,,Russia,Petrozavodsk,"Apr 18, 2000","5'5""",135 lbs,Allstars Training Center
/fighter/Mark-Weir-3599,Mark Weir,The Wizard,England,"Gloucester, Gloucestershire","Sep 19, 1967","6'2""",185 lbs,Range
/fighter/Markus-Perez-131219,Markus Perez,Maluko,Brazil,"Sao Paulo, Sao Paulo","Jun 22, 1990","6'2""",185 lbs,Viscardi Andrade Team
/fighter/Marlon-Moraes-30936,Marlon Moraes,Magic,Brazil,"Nova Friburgo, Rio de Janeiro","Apr 26, 1988","5'6""",145 lbs,American Top Team
/fighter/Marlon-Vera-97179,Marlon Vera,Chito,Ecuador,"Chone, Manabi","Dec 2, 1992","5'8""",135 lbs,Team Oyama
/fighter/Marnic-Mann-268753,Marnic Mann,The Sawed-Off Savage,United States,"Kalispell, Montana","Mar 5, 1993","5'0""",115 lbs,SBG Kalispell
/fighter/Martin-Bravo-99699,Martin Bravo,El Toro,Mexico,"Rosarito Beach, Baja California","Sep 21, 1993","5'8""",146 lbs,Entram Gym
/fighter/Martin-Buday-164475,Martin Buday,Badys,Slovakia,Trnava,"Nov 11, 1991","6'5""",266 lbs,Spartakus Fight Gym
/fighter/Martin-Day-155883,Martin Day,The Spartan,United States,"Kailua, Hawaii","Nov 10, 1988","5'10""",145 lbs,Hawaii Elite MMA
/fighter/Martin-Kampmann-5344,Martin Kampmann,Hitman,Denmark,Aarhus,"Apr 17, 1982","6'0""",170 lbs,Xtreme Couture
/fighter/Martin-Sano-72698,Martin Sano,Spartan,United States,"Vallejo, California","May 30, 1991","5'11""",170 lbs,Nick Diaz Academy
/fighter/Martin-Svensson-31065,Martin Svensson,,Sweden,Malmo,"Apr 24, 1985","6'1""",155 lbs,Frontier MMA
/fighter/Marvin-Eastman-339,Marvin Eastman,The Beastman,United States,"Las Vegas, Nevada","Jun 8, 1971","5'9""",207 lbs,J-Sect MMA
/fighter/Marvin-Vettori-80421,Marvin Vettori,The Italian Dream,Italy,"Mezzocorona, Trentino","Sep 20, 1993","6'0""",185 lbs,American Top Team
/fighter/Marwan-Rahiki-430352,Marwan Rahiki,Freaky,Morocco,Rabat,"May 10, 2002","5'10""",146 lbs,Lions Den Academy
/fighter/Maryna-Moroz-151905,Maryna Moroz,The Iron Lady,Ukraine,Vilnohirsk,"Sep 8, 1991","5'7""",125 lbs,American Top Team
/fighter/Masanori-Kanehara-13767,Masanori Kanehara,,Japan,"Musashimurayama, Tokyo","Nov 18, 1982","5'8""",145 lbs,Reversal Gym Tachikawa Alpha
/fighter/Masio-Fullen-40356,Masio Fullen,Lobo,Mexico,"Gudalajara, Jalisco","Oct 6, 1987","5'10""",145 lbs,Alliance MMA
/fighter/Mason-Jones-256311,Mason Jones,The Dragon,Wales,Blaenavon,"Apr 26, 1995","5'10""",156 lbs,Pedro Bessa BJJ
/fighter/Masutatsu-Yano-235,Masutatsu Yano,,Japan,"Sakurai, Nara","Jul 11, 1975","5'9""",198 lbs,RJW Central
/fighter/Masuto-Kawana-387670,Masuto Kawana,Mast,Japan,"Higashihiroshima, Hiroshima","Jan 30, 1995","5'7""",145 lbs,Lotus Setagaya
/fighter/Mateus-Mendonca-336923,Mateus Mendonca,Bocao,Brazil,"Pindare-Mirim, Maranhao","Jan 7, 1999","5'5""",125 lbs,Chute Boxe Diego Lima
/fighter/Mateusz-Gamrot-90605,Mateusz Gamrot,Gamer,Poland,Poznan,"Dec 11, 1990","5'10""",156 lbs,American Top Team
/fighter/Mateusz-Rebecki-146417,Mateusz Rebecki,Chinczyk,Poland,Szczecin,"Oct 3, 1992","5'7""",155 lbs,American Top Team
/fighter/Matheus-Camilo-319531,Matheus Camilo,Jaguar,Brazil,"Rio Branco, Acre","Jan 2, 2001","5'10""",155 lbs,Nova Uniao
/fighter/Matheus-Nicolau-69341,Matheus Nicolau,,Brazil,"Belo Horizonte, Minas Gerais","Jan 6, 1993","5'6""",125 lbs,Nova Uniao
/fighter/Mats-Nilsson-32446,Mats Nilsson,,Sweden,Helsingborg,"Dec 5, 1983","6'1""",185 lbs,Rumble Sports
/fighter/Matt-Andersen-132,Matt Andersen,,United States,"Omaha, Nebraska","May 29, 1971","6'2""",245 lbs,
/fighter/Matt-Arroyo-19456,Matt Arroyo,No Regard,United States,"Cobleskill, New York","Sep 1, 1982","6'0""",170 lbs,Gracie Tampa South
/fighter/Matt-Bessette-34374,Matt Bessette,The Mangler,United States,"Bristol, Connecticut","Dec 28, 1984","5'10""",145 lbs,Underdog Brazilian Jiu-Jitsu
/fighter/Matt-Brown-14310,Matt Brown,The Immortal,United States,"Xenia, Ohio","Jan 10, 1981","6'0""",170 lbs,Immortal Fight Team
/fighter/Matt-Dwyer-53933,Matt Dwyer,,Canada,"Kelowna, British Columbia","Dec 17, 1989","6'4""",183 lbs,Toshido Mixed Martial Arts
/fighter/Matt-Frevola-100247,Matt Frevola,The Steamrolla,United States,"Huntington, New York","Jun 11, 1990","5'9""",155 lbs,Gracie Tampa South
/fighter/Matt-Grice-14539,Matt Grice,The Real One,United States,"Harrah, Oklahoma","Jul 29, 1981","5'8""",145 lbs,R-1 MMA
/fighter/Matt-Hamill-16695,Matt Hamill,The Hammer,United States,"Loveland, Ohio","Oct 5, 1976","6'2""",205 lbs,Independent
/fighter/Matt-Hobar-59713,Matt Hobar,The Crowbar,United States,"Dallas, Texas","Jan 7, 1987","5'10""",135 lbs,Octagon MMA
/fighter/Matt-Horwich-8654,Matt Horwich,Suave,United States,"Hollywood, California","Feb 10, 1978","5'11""",186 lbs,Legends MMA
/fighter/Matt-Hughes-232,Matt Hughes,,United States,"Hillsboro, Illinois","Oct 13, 1973","5'9""",170 lbs,HIT Squad
/fighter/Matt-Lindland-276,Matt Lindland,The Law,United States,"Eagle Creek, Oregon","May 17, 1970","6'0""",185 lbs,Team Quest
/fighter/Matt-Lucas-18915,Matt Lucas,Luke Duke,United States,"Mesa, Arizona","Dec 27, 1973","6'1""",205 lbs,Arizona Combat Sports
/fighter/Matt-Mitrione-49519,Matt Mitrione,Meathead,United States,"Indianapolis, Indiana","Jul 15, 1978","6'3""",255 lbs,Kill Cliff FC
/fighter/Matt-Riddle-34072,Matt Riddle,Deep Waters,United States,"Lehighton, Pennsylvania","Jan 14, 1986","6'1""",170 lbs,Throwdown
/fighter/Matt-Sayles-93675,Matt Sayles,Robo,United States,"San Diego, California","Feb 21, 1994","5'7""",155 lbs,Alliance MMA
/fighter/Matt-Schnell-47006,Matt Schnell,Danger,United States,"Shreveport, Louisiana","Jan 15, 1990","5'8""",125 lbs,Fortis MMA
/fighter/Matt-Serra-1305,Matt Serra,The Terror,United States,"Long Island, New York","Jun 2, 1974","5'6""",170 lbs,Serra-Longo Fight Team
/fighter/Matt-Van-Buren-64754,Matt Van Buren,Gutter,United States,"Norfolk, Virginia","Jun 12, 1986","6'5""",205 lbs,Team Gutter
/fighter/Matt-Veach-23350,Matt Veach,,United States,"Granite City, Illinois","May 31, 1981","5'7""",170 lbs,Finney's MMA
/fighter/Matt-Wiman-12236,Matt Wiman,Handsome,United States,"Tulsa, Oklahoma","Sep 19, 1983","5'10""",155 lbs,Skrap Pack
/fighter/Matthew-Lopez-136139,Matthew Lopez,,United States,"Safford, Arizona","Jan 21, 1987","5'7""",135 lbs,Genesis Training Center
/fighter/Matthew-Semelsberger-251541,Matthew Semelsberger,Semi the Jedi,United States,"Frederick, Maryland","Nov 23, 1992","6'1""",170 lbs,Clinch Academy
/fighter/Matthieu-Letho-Duclos-350789,Matthieu Letho Duclos,,France,Paris,"Apr 4, 1995","6'3""",185 lbs,Venum Training Camp Paris
/fighter/Maurice-Greene-85198,Maurice Greene,The Crochet Boss,United States,"Evanston, Illinois","Jul 5, 1986","6'7""",264 lbs,Jackson-Wink MMA
/fighter/Maurice-Smith-175,Maurice Smith,Mo,United States,"Seattle, Washington","Dec 13, 1961","6'2""",206 lbs,The Alliance
/fighter/Mauricio-Rua-5707,Mauricio Rua,Shogun,Brazil,"Curitiba, Parana","Nov 25, 1981","6'1""",205 lbs,Universidade da Luta
/fighter/Mauricio-Ruffy-192545,Mauricio Ruffy,,Brazil,"Sao Paulo, Sao Paulo","Jun 17, 1996","5'11""",155 lbs,The Fighting Nerds
/fighter/Max-Gimenis-403252,Max Gimenis,,United States,"Ellicott City, Maryland","Apr 14, 1993","6'1""",256 lbs,Culture of Jiu-Jitsu
/fighter/Max-Griffin-53904,Max Griffin,Pain,United States,"Sacramento, California","Nov 29, 1985","5'11""",170 lbs,MMA Gold Fight Team
/fighter/Max-Holloway-38671,Max Holloway,Blessed,United States,"Waianae, Hawaii","Dec 4, 1991","5'11""",170 lbs,Gracie Technics
/fighter/Max-Rohskopf-264605,Max Rohskopf,,United States,"Killbuck, Ohio","Sep 27, 1994","6'1""",155 lbs,Zenith MMA
/fighter/Maxim-Grishin-33201,Maxim Grishin,Maximus,Russia,"Tambov, Tambov Oblast","May 2, 1984","6'3""",207 lbs,Fight Club Akhmat
/fighter/Maximo-Blanco-36618,Maximo Blanco,Maxi,Venezuela,Caracas,"Oct 16, 1983","5'8""",145 lbs,Yoshida Dojo
/fighter/Maycee-Barber-253613,Maycee Barber,The Future,United States,"Greeley, Colorado","May 18, 1998","5'5""",126 lbs,Team Alpha Male
/fighter/Mayra-Bueno-Silva-223917,Mayra Bueno Silva,Sheetara,Brazil,"Uberlandia, Minas Gerais","Aug 22, 1991","5'7""",135 lbs,American Top Team
/fighter/Megan-Anderson-149769,Megan Anderson,,Australia,"Gold Coast, Queensland","Feb 11, 1990","6'0""",145 lbs,Glory MMA & Fitness
/fighter/Mehdi-Baghdad-41993,Mehdi Baghdad,The Sultan,France,Six-Fours-les-Plages,"Apr 13, 1985","6'1""",170 lbs,Black House
/fighter/Mehemmedali-Osmanli-390629,Mehemmedali Osmanli,Ineffable,Azerbaijan,Baku,"Aug 5, 2004","5'9""",135 lbs,Zabit Samedov FC
/fighter/Melinda-Fabian-198055,Melinda Fabian,,Hungary,Budapest,"Jun 25, 1987","5'6""",125 lbs,Budapest Top Team
/fighter/Melissa-Amaya-393892,Melissa Amaya,Mamba,United States,"Spokane, Washington","Nov 27, 1994","5'4""",116 lbs,Sikjitsu
/fighter/Melissa-Croden-234687,Melissa Croden,Scare,Canada,"Crowsnest Pass, Alberta","Apr 12, 1991","5'10""",135 lbs,Raven House MMA
/fighter/Melissa-Gatto-193547,Melissa Gatto,,Brazil,"Campinas, Sao Paulo","May 2, 1996","5'5""",125 lbs,MSP
/fighter/Melissa-Martinez-224241,Melissa Martinez,Super Mely,Mexico,Mexico City,"Aug 18, 1997","5'2""",115 lbs,Bonebreakers Team
/fighter/Melissa-Mullins-287951,Melissa Mullins,No Mess,England,"Coventry, West Midlands","Jul 23, 1991","5'7""",135 lbs,Lions Gym Coventry
/fighter/Melquizael-Costa-168403,Melquizael Costa,The Dalmatian,Brazil,"Porto de Moz, Para","Sep 14, 1996","5'10""",145 lbs,Chute Boxe Joao Emilio
/fighter/Melsik-Baghdasaryan-164681,Melsik Baghdasaryan,The Gun,United States,"Glendale, California","Jan 28, 1992","5'8""",145 lbs,Glendale Fighting Club
/fighter/Melton-Bowen-51,Melton Bowen,The Punisher,United States,"Irmo, South Carolina","Mar 10, 1969","6'0""",225 lbs,
/fighter/Melvin-Guillard-7431,Melvin Guillard,The Young Assassin,United States,"New Orleans, Louisiana","Mar 30, 1983","5'9""",171 lbs,Genesis Training Center
/fighter/Meng-Ding-241311,Meng Ding,Ruthless Assassin,China,Tianjin,"Sep 27, 1994","6'2""",171 lbs,Black Tiger Fight Club
/fighter/Merab-Dvalishvili-157355,Merab Dvalishvili,The Machine,Georgia,Tbilisi,"Jan 10, 1991","5'6""",135 lbs,Serra-Longo Fight Team
/fighter/Michael-Aljarouj-250049,Michael Aljarouj,The Soldier,France,Paris,"Aug 21, 1997","5'6""",126 lbs,Old School Academy
/fighter/Michael-Aswell-286497,Michael Aswell,The Texas Kid,United States,"Houston, Texas","Sep 27, 2000","5'8""",145 lbs,4oz. Fight Club
/fighter/Michael-Bisping-10196,Michael Bisping,The Count,England,Manchester,"Feb 28, 1979","6'2""",185 lbs,HB Ultimate
/fighter/Michael-Chandler-50829,Michael Chandler,Iron,United States,"High Ridge, Missouri","Apr 24, 1986","5'8""",156 lbs,Kill Cliff FC
/fighter/Michael-Chiesa-46224,Michael Chiesa,Maverick,United States,"Spokane, Washington","Dec 7, 1987","6'1""",170 lbs,Sikjitsu
/fighter/Michael-Graves-64989,Michael Graves,,United States,"Coconut Creek, Florida","Jan 8, 1991","5'10""",171 lbs,American Top Team
/fighter/Michael-Guymon-4015,Michael Guymon,The Joker,United States,"Lake Forest, California","Sep 17, 1974","6'0""",155 lbs,Joker's MMA
/fighter/Michael-Johnson-68788,Michael Johnson,The Menace,United States,"Springfield, Missouri","Jun 4, 1986","5'10""",155 lbs,Kill Cliff FC
/fighter/Michael-Kuiper-42901,Michael Kuiper,Judo,Netherlands,Tilburg,"Jun 7, 1989","6'0""",205 lbs,Team Topfighter
/fighter/Michael-McBride-109357,Michael McBride,,United States,"Webster City, Iowa",,"6'1""",155 lbs,
/fighter/Michael-McDonald-30297,Michael McDonald,Mayday,United States,"Modesto, California","Jan 15, 1991","5'8""",136 lbs,Last Stand Fight Team
/fighter/Michael-Morales-268041,Michael Morales,,Ecuador,"Machala, El Oro","Jun 24, 1999","6'0""",170 lbs,Entram Gym
/fighter/Michael-Oliveira-400985,Michael Oliveira,PQD / The Missile,Brazil,"Rio de Janeiro, Rio de Janeiro","Jan 21, 1998","6'0""",171 lbs,KO Squad MMA
/fighter/Michael-Page-91937,Michael Page,Venom,England,London,"Apr 7, 1987","6'3""",185 lbs,London Shootfighters
/fighter/Michael-Patt-3506,Michael Patt,,United States,"Dayton, Ohio",,"6'0""",205 lbs,Meat Truck Inc.
/fighter/Michael-Trizano-163551,Michael Trizano,The Lone Wolf,United States,"Ramsey, New Jersey","Dec 31, 1991","5'11""",148 lbs,Team Tiger Schulmann
/fighter/Michal-Figlak-151393,Michal Figlak,Mad Dog,Poland,Poznan,"Aug 16, 1996","5'10""",155 lbs,Trojan Free Fighters
/fighter/Michal-Oleksiejczuk-156397,Michal Oleksiejczuk,Hussar,Poland,Barki,"Feb 22, 1995","6'0""",185 lbs,Akademia Sportow Walki Wilanow
/fighter/Micheal-Gillmore-184113,Micheal Gillmore,The Gentleman,United States,Michigan,"Mar 28, 1987","5'11""",185 lbs,Murcielago MMA
/fighter/Michel-Batista-217891,Michel Batista,,United States,"Miami, Florida","Apr 20, 1984","6'3""",256 lbs,American Top Team Kendall
/fighter/Michel-Pereira-135705,Michel Pereira,Demolidor,Brazil,"Tucuma, Para","Oct 6, 1993","6'1""",186 lbs,Overcome Academy
/fighter/Michel-Prazeres-22218,Michel Prazeres,Trator,Brazil,"Belem, Para","Jul 25, 1981","5'6""",171 lbs,Coalizao Fight Team
/fighter/Michel-Quinones-75509,Michel Quinones,El Capo,United States,"Coral Springs, Florida","Dec 22, 1984","5'10""",145 lbs,American Top Team Wolfpack
/fighter/Michelle-Montague-326995,Michelle Montague,The Wild One,New Zealand,"Matamata, Waikato","Nov 25, 1993","5'9""",135 lbs,American Top Team
/fighter/Michelle-WatersonGomez-23091,Michelle Waterson-Gomez,The Karate Hottie,United States,"Albuquerque, New Mexico","Jan 6, 1986","5'3""",115 lbs,Jackson-Wink MMA
/fighter/Michihiro-Omigawa-13005,Michihiro Omigawa,Michi,Japan,Ibaraki,"Dec 19, 1975","5'6""",145 lbs,Neo Judo Academy
/fighter/Michinori-Tanaka-71942,Michinori Tanaka,,Japan,"Yokohama, Kanagawa","Oct 4, 1990","5'5""",135 lbs,Team Alpha Male Japan
/fighter/Mick-Parkin-224411,Mick Parkin,,England,"London, Greater London","Oct 2, 1995","6'3""",264 lbs,TFT MMA
/fighter/Mickael-Lebout-81143,Mickael Lebout,Ragnar,France,Paris,"Aug 16, 1987","5'11""",159 lbs,Obyfight
/fighter/Mickey-Gall-160145,Mickey Gall,,United States,"Green Brook, New Jersey","Jan 22, 1992","6'2""",170 lbs,Kill Cliff FC
/fighter/Miesha-Tate-26252,Miesha Tate,Cupcake,United States,"Tacoma, Washington","Aug 18, 1986","5'6""",136 lbs,Xtreme Couture
/fighter/Miguel-Baeza-231403,Miguel Baeza,Caramel Thunder,United States,"Davie, Florida","Aug 23, 1992","6'2""",170 lbs,MMA Masters
/fighter/Miguel-Torres-3006,Miguel Torres,,United States,"East Chicago, Indiana","Jan 18, 1981","5'9""",145 lbs,Tristar Gym
/fighter/Mike-Breeden-243687,Mike Breeden,Money,United States,"Lee's Summit, Missouri","Apr 21, 1989","5'10""",160 lbs,Marathon MMA
/fighter/Mike-Ciesnolevicz-14047,Mike Ciesnolevicz,,United States,"Harrisburg, Pennsylvania","Oct 28, 1979","6'0""",204 lbs,Miletich Martial Arts
/fighter/Mike-Davis-202169,Mike Davis,Beast Boy,United States,"Cairo, New York","Oct 7, 1992","6'0""",155 lbs,Fusion X-Cel Performance
/fighter/Mike-Easton-9626,Mike Easton,The Hulk,United States,"Temple Hills, Maryland","Jan 25, 1984","5'6""",135 lbs,Alliance MMA
/fighter/Mike-Grundy-84263,Mike Grundy,,England,"Wigan, Greater Manchester","Mar 1, 1987","5'8""",145 lbs,Team Kaobon Wigan
/fighter/Mike-Jackson-63272,Mike Jackson,The Truth,United States,"Houston, Texas","Mar 22, 1985","6'2""",170 lbs,Main Street Boxing & Muay Thai
/fighter/Mike-King-50928,Mike King,,United States,"Perrysburg, Ohio","Aug 4, 1983","6'3""",184 lbs,Buckeye MMA
/fighter/Mike-Kyle-3619,Mike Kyle,MAK,United States,"San Jose, California","Mar 31, 1980","6'3""",220 lbs,American Kickboxing Academy
/fighter/Mike-Lullo-36885,Mike Lullo,,United States,"Schaumburg, Illinois","Jul 24, 1979","5'8""",145 lbs,
/fighter/Mike-Malott-79377,Mike Malott,Proper,Canada,"Halifax, Nova Scotia","Nov 7, 1991","6'1""",170 lbs,Team Alpha Male
/fighter/Mike-Massenzio-12852,Mike Massenzio,,United States,"Paterson, New Jersey","Nov 1, 1982","6'2""",185 lbs,Team Bombsquad
/fighter/Mike-Mathetha-266635,Mike Mathetha,Blood Diamond,Zimbabwe,Bulawayo,"Jul 10, 1988","6'1""",170 lbs,City Kickboxing
/fighter/Mike-Nickels-11278,Mike Nickels,Big,United States,"Denver, Colorado","Dec 13, 1971","6'4""",204 lbs,Colorado Brazilian Jiu-Jitsu
/fighter/Mike-Perry-176179,Mike Perry,Platinum,United States,"Altamonte Springs, Florida","Sep 15, 1991","5'10""",170 lbs,Independent
/fighter/Mike-Pierce-25415,Mike Pierce,,United States,"Portland, Oregon","Sep 1, 1980","5'8""",170 lbs,Sports Lab
/fighter/Mike-Pyle-4577,Mike Pyle,Quicksand,United States,"Las Vegas, Nevada","Sep 18, 1975","6'0""",170 lbs,Syndicate MMA
/fighter/Mike-Rhodes-87296,Mike Rhodes,Biggie,United States,"Waterloo, Iowa","Dec 4, 1989","6'1""",185 lbs,Roufusport
/fighter/Mike-Ricci-33532,Mike Ricci,The Accountant,Canada,"Montreal, Quebec","Mar 18, 1986","6'0""",155 lbs,Tristar Gym
/fighter/Mike-Rio-54833,Mike Rio,The Wolverine,United States,"Miami, Florida","Jul 6, 1981","5'10""",155 lbs,Zen Jiu-Jitsu
/fighter/Mike-Rodriguez-107891,Mike Rodriguez,Slow,United States,"Boston, Massachusetts","Nov 28, 1988","6'3""",205 lbs,Lauzon MMA
/fighter/Mike-Russow-20552,Mike Russow,,United States,"Chicago, Illinois","Nov 9, 1976","6'1""",256 lbs,
/fighter/Mike-Santiago-66110,Mike Santiago,,United States,"Melrose Park, Illinois","Jul 28, 1989","5'10""",145 lbs,Top Notch Fitness
/fighter/Mike-Stumpf-20967,Mike Stumpf,,United States,"Crystal Lake, Illinois","Aug 1, 1986","5'10""",170 lbs,Team Curran
/fighter/Mike-Swick-5199,Mike Swick,Quick,United States,"San Jose, California","Jun 19, 1979","6'1""",170 lbs,AKA Thailand
/fighter/Mike-Thomas-Brown-3069,Mike Thomas Brown,,United States,"Portland, Maine","Sep 8, 1975","5'6""",145 lbs,American Top Team
/fighter/Mike-Van-Arsdale-198,Mike Van Arsdale,,United States,"San Jose, California","Jun 20, 1965","6'2""",205 lbs,
/fighter/Mike-Wessel-25524,Mike Wessel,The Juggernaut,United States,"Little Rock, Arkansas","Dec 2, 1977","6'0""",263 lbs,Westside Fight Team
/fighter/Mike-Whitehead-4397,Mike Whitehead,Iron,United States,"Salt Lake City, Utah","Jun 29, 1981","6'1""",261 lbs,Xtreme Couture
/fighter/Mike-Wilkinson-50586,Mike Wilkinson,The Warrior,England,"Leigh, Wigan","Sep 15, 1987","5'8""",145 lbs,Atherton Submission Wrestling
/fighter/Mike-de-la-Torre-17915,Mike de la Torre,El Cucuy,United States,"San Diego, California","Sep 22, 1986","6'0""",155 lbs,Inv1ktus MMA
/fighter/Mikey-Burnett-186,Mikey Burnett,The Eastside Assassin,United States,"Tulsa, Oklahoma","Apr 12, 1974","5'6""",170 lbs,Lion's Den
/fighter/Miki-Motono-317479,Miki Motono,,Japan,Ishikawa,"May 18, 1994","5'2""",115 lbs,Reversal Gym Yokohama Ground Slam
/fighter/Milana-Dudieva-43885,Milana Dudieva,,Russia,"Vladikavkaz, North Ossetia","Apr 8, 1989","5'5""",126 lbs,Peresvet Fight Team
/fighter/Miles-Johns-172691,Miles Johns,Chapo,United States,"Newton, Kansas","Mar 30, 1994","5'7""",146 lbs,Marathon MMA
/fighter/Milos-Janicic-221619,Milos Janicic,Cobra,Montenegro,Podgorica,"May 3, 1997","5'11""",156 lbs,UFD Gym
/fighter/Milton-Vieira-4481,Milton Vieira,Miltinho,Brazil,"Rio de Janeiro, Rio de Janeiro","Oct 4, 1978","6'0""",145 lbs,Rio Fighters
/fighter/Ming-Shi-257533,Ming Shi,Dr. Sleep,China,Hebei,"Nov 14, 1994","5'3""",115 lbs,China Catch Wrestling
/fighter/Mingyang-Zhang-243033,Mingyang Zhang,Mountain Tiger,China,"Fuyang, Anhui","Aug 16, 1998","6'2""",205 lbs,Qingdao Xinjiang International Fight Club
/fighter/Minoki-Ichihara-35,Minoki Ichihara,,Japan,Shimane,"Jun 30, 1968","5'7""",178 lbs,Daido Juku
/fighter/Miranda-Granger-251041,Miranda Granger,Danger,United States,"Everett, Washington","Apr 13, 1992","5'7""",115 lbs,Charlie's Combat Club
/fighter/Miranda-Maverick-230031,Miranda Maverick,Fear The,United States,"Springfield, Missouri","Jul 1, 1997","5'3""",125 lbs,Elevation Fight Team
/fighter/Mirko-Filipovic-2326,Mirko Filipovic,Cro Cop,Croatia,Zagreb,"Sep 10, 1974","6'2""",234 lbs,Cro Cop Top Team
/fighter/Mirsad-Bektic-59766,Mirsad Bektic,,United States,"Lincoln, Nebraska","Feb 16, 1991","5'8""",145 lbs,Tristar Gym
/fighter/Misha-Cirkunov-59197,Misha Cirkunov,,Latvia,Riga,"Feb 27, 1987","6'3""",205 lbs,Xtreme Couture
/fighter/Mitch-Clarke-22556,Mitch Clarke,Danger Zone,Canada,"Saskatoon, Saskatchewan","Nov 24, 1985","5'10""",154 lbs,
/fighter/Mitch-Gagnon-37404,Mitch Gagnon,,Canada,"Sudbury, Ontario","Oct 10, 1984","5'6""",135 lbs,Troop MMA
/fighter/Mitch-Ramirez-244107,Mitch Ramirez,The Fight Stalker,United States,"Orem, Utah","Nov 3, 1992","5'11""",155 lbs,Syndicate MMA
/fighter/Mitch-Raposo-278793,Mitch Raposo,,United States,"Fall River, Massachusetts","Oct 16, 1998","5'5""",125 lbs,Regiment Training Center
/fighter/Mizuki-Inoue-71390,Mizuki Inoue,,Japan,"Toyohashi, Aichi","Aug 19, 1994","5'4""",115 lbs,Serra-Longo Fight Team
/fighter/Mizuto-Hirota-12078,Mizuto Hirota,Pugnus,Japan,"Isahaya, Nagasaki","May 5, 1981","5'7""",155 lbs,Cave
/fighter/Modestas-Bukauskas-152163,Modestas Bukauskas,The Baltic Gladiator,Lithuania,Klaipeda,"Feb 10, 1994","6'3""",205 lbs,Gintas Combat
/fighter/Mohammad-Yahya-104821,Mohammad Yahya,The UAE Warrior,United Arab Emirates,Dubai,"May 23, 1994","5'9""",145 lbs,TK MMA & Fitness
/fighter/Mohammed-Usman-253535,Mohammed Usman,The Motor,Nigeria,Auchi,"Apr 1, 1989","6'2""",245 lbs,Kill Cliff FC
/fighter/Molly-McCann-150485,Molly McCann,Meatball,England,"Liverpool, Merseyside","May 4, 1990","5'4""",116 lbs,Next Generation MMA Liverpool
/fighter/Montana-De-La-Rosa-175479,Montana De La Rosa,,United States,"Helena, Montana","Feb 14, 1995","5'7""",125 lbs,Elevation Fight Team
/fighter/Montel-Jackson-206717,Montel Jackson,Quik,United States,"Milwaukee, Wisconsin","Apr 24, 1992","5'10""",135 lbs,Red Schafer MMA
/fighter/Montserrat-Rendon-392870,Montserrat Rendon,Monster,Mexico,"Cancun, Quintana Roo","Mar 16, 1989","5'8""",135 lbs,ECR Fight Center
/fighter/Montserrat-Ruiz-175799,Montserrat Ruiz,Conejo,Mexico,"Leon, Guanajuato","Feb 3, 1993","5'0""",115 lbs,Kings MMA
/fighter/Morgan-Charriere-186243,Morgan Charriere,The Last Pirate,France,Poissy,"Oct 26, 1995","5'8""",145 lbs,Team Chapa Quente
/fighter/Mostapha-AlTurk-8224,Mostapha Al-Turk,,England,London,"Jul 14, 1973","6'2""",235 lbs,London Shootfighters
/fighter/Moti-Horenstein-139,Moti Horenstein,The Hammer,United States,"Spring Valley, New York","Mar 23, 1964","6'1""",205 lbs,Moti Horenstein MMA
/fighter/Motonobu-Tezuka-19390,Motonobu Tezuka,,Japan,"Azumino, Nagano","Aug 29, 1987","5'7""",145 lbs,Secret Base Dominate
/fighter/Mounir-Lazzez-104851,Mounir Lazzez,Sniper,Tunisia,Sfax,"Nov 16, 1987","6'1""",170 lbs,Team Nogueira Dubai
/fighter/Movsar-Evloev-183539,Movsar Evloev,,Russia,"Sunzha, Ingushetia","Feb 11, 1994","5'8""",145 lbs,American Top Team
/fighter/Mridul-Saikia-271195,Mridul Saikia,Crusher,India,"Guwahati, Assam","May 9, 1997","5'7""",126 lbs,Dojang MMA and Fitness Studio
/fighter/Muhammad-Mokaev-236141,Muhammad Mokaev,The Punisher,England,"Manchester, Greater Manchester","Jul 30, 2000","5'9""",135 lbs,KHK MMA
/fighter/Muhammad-Saidov-319053,Muhammad Saidov,Kubik,Russia,Moscow,"Jan 10, 1996","6'2""",205 lbs,GOR MMA
/fighter/Muhammadjon-Naimov-228381,Muhammadjon Naimov,Hillman,Tajikistan,Dushanbe,"Aug 7, 1994","5'9""",145 lbs,Elevation Fight Team
/fighter/Muin-Gafurov-182325,Muin Gafurov,Tajik,Tajikistan,Dushanbe,"May 17, 1996","5'7""",141 lbs,Taj-Fighter
/fighter/Murilo-Bustamante-253,Murilo Bustamante,,Brazil,"Arpoador, Rio de Janeiro","Jul 30, 1966","6'1""",185 lbs,Brazilian Top Team
/fighter/Murtazali-Magomedov-417141,Murtazali Magomedov,The Highlight,Kyrgyzstan,Bishkek,"Aug 26, 1999","5'11""",145 lbs,
/fighter/Muslim-Salikhov-129929,Muslim Salikhov,King of Kung Fu,Russia,"Buynaksk, Dagestan","Jun 9, 1984","5'11""",171 lbs,Abdulmanap Nurmagomedov School
/fighter/Myktybek-Orolbai-316759,Myktybek Orolbai,,Kyrgyzstan,Osh,"Feb 10, 1998","5'10""",171 lbs,Uluu Kyrgyz Team
/fighter/Myles-Jury-34236,Myles Jury,Fury,United States,"Hazel Park, Michigan","Oct 31, 1988","5'11""",155 lbs,Power MMA
/fighter/Na-Liang-241321,Na Liang,Dragon Girl,China,"Harbin, Heilongjiang","Jul 27, 1996","5'7""",125 lbs,Longyun MMA Gym
/fighter/Nad-Narimani-67643,Nad Narimani,Smiler,England,Bristol,"Apr 14, 1987","5'8""",150 lbs,Team Alpha Male
/fighter/Nadia-Kassem-214579,Nadia Kassem,187,Australia,"Sydney, New South Wales","Nov 15, 1995","5'5""",120 lbs,Australian Top Team
/fighter/NahShon-Burrell-53596,Nah-Shon Burrell,The Rock-N-Rolla,United States,"Philadelphia, Pennsylvania","Feb 5, 1990","5'11""",185 lbs,Renzo Gracie Philly
/fighter/Nam-Phan-5778,Nam Phan,,United States,"Garden Grove, California","Mar 13, 1983","5'6""",141 lbs,Nam Phan MMA Academy
/fighter/Namsrai-Batbayar-403618,Namsrai Batbayar,Steppe Warrior,Mongolia,Ovorkhangai,"Dec 29, 2000","5'4""",126 lbs,Storm Team
/fighter/Nandor-Guelmino-28286,Nandor Guelmino,The Hun,Austria,Vienna,"Dec 20, 1975","6'3""",230 lbs,Gym 23
/fighter/Naoki-Inoue-158487,Naoki Inoue,,Japan,"Toyohashi, Aichi","Jun 14, 1997","5'8""",134 lbs,Kill Cliff FC
/fighter/Naoyuki-Kotani-393,Naoyuki Kotani,,Japan,"Yokosuka, Kanagawa","Dec 8, 1981","5'8""",155 lbs,Rodeo Style
/fighter/Nasrat-Haqparast-122581,Nasrat Haqparast,,Morocco,Rabat,"Aug 22, 1995","5'10""",156 lbs,Tristar Gym
/fighter/Nassourdine-Imavov-217405,Nassourdine Imavov,The Sniper,France,Paris,"Mar 1, 1995","6'3""",185 lbs,Venum Training Camp
/fighter/Natalia-Silva-193033,Natalia Silva,,Brazil,"Timoteo, Minas Gerais","Feb 3, 1997","5'5""",125 lbs,Team Borracha
/fighter/Natan-Levy-227411,Natan Levy,Lethal,Israel,Tel Aviv,"Sep 30, 1991","5'9""",157 lbs,Syndicate MMA
/fighter/Nate-Diaz-11451,Nate Diaz,,United States,"Stockton, California","Apr 16, 1985","6'0""",169 lbs,Cesar Gracie Fight Team
/fighter/Nate-Landwehr-101493,Nate Landwehr,The Train,United States,"Clarksville, Tennessee","Jun 7, 1988","5'9""",145 lbs,MMA Masters
/fighter/Nate-Loughran-15626,Nate Loughran,,United States,"Santa Rosa, California","Jul 28, 1980","6'2""",170 lbs,Nor-Cal Fighting Alliance
/fighter/Nate-Marquardt-1712,Nate Marquardt,The Great,United States,"Aurora, Colorado","Apr 20, 1979","6'0""",185 lbs,High Altitude Martial Arts
/fighter/Nate-Mohr-8396,Nate Mohr,,United States,"Cedar Falls, Iowa","Mar 3, 1983","5'9""",155 lbs,Team Curran
/fighter/Nate-Quarry-2383,Nate Quarry,Rock,United States,"Gresham, Oregon","Mar 18, 1972","6'0""",185 lbs,Team Quest
/fighter/Nate-Schroeder-255,Nate Schroeder,,United States,"Rock Island, Illinois","Jun 2, 1973","6'1""",230 lbs,
/fighter/Nathan-Coy-25412,Nathan Coy,Soulforce,United States,"Portland, Oregon","Jul 24, 1978","5'10""",170 lbs,American Top Team
/fighter/Nathan-Fletcher-275293,Nathan Fletcher,,England,Liverpool,"Jan 3, 1998","5'8""",135 lbs,Next Generation MMA Liverpool
/fighter/Nathan-Maness-158855,Nathan Maness,Mayhem,United States,"Morganfield, Kentucky","Jun 27, 1991","5'10""",125 lbs,Salvation Mixed Martial Arts
/fighter/Nathaniel-Wood-82395,Nathaniel Wood,The Last Kingsman,England,London,"Aug 5, 1993","5'6""",146 lbs,Great Britain Top Team
/fighter/Navajo-Stirling-413272,Navajo Stirling,,New Zealand,Auckland,"Nov 7, 1997","6'4""",205 lbs,City Kickboxing
/fighter/Nazareno-Malegarie-33115,Nazareno Malegarie,El Tigre,Argentina,"Arrecifes, Buenos Aires","May 16, 1986","5'8""",145 lbs,Team Tavares
/fighter/Nazim-Sadykhov-264031,Nazim Sadykhov,Black Wolf,Azerbaijan,Baku,"May 16, 1994","5'10""",155 lbs,Longo-Weidman MMA
/fighter/Neil-Grove-23219,Neil Grove,Goliath,England,London,"Aug 1, 1971","6'6""",264 lbs,Daigaku Karate Kai London
/fighter/Neil-Magny-69166,Neil Magny,The Haitian Sensation,United States,"Brooklyn, New York","Aug 3, 1987","6'3""",171 lbs,Elevation Fight Team
/fighter/Neil-Seery-14062,Neil Seery,2 Tap,Ireland,Dublin,"Aug 30, 1979","5'6""",125 lbs,Team Ryano
/fighter/Neil-Wain-20121,Neil Wain,Old Skool,England,Doncaster,,"5'10""",242 lbs,
/fighter/Nicco-Montano-138319,Nicco Montano,,United States,"Lukachukai, Arizona","Dec 16, 1988","5'5""",125 lbs,Fit NHB
/fighter/Nicholas-Musoke-26160,Nicholas Musoke,Nico,Sweden,"Botkyrka, Stockholm","Apr 5, 1986","6'0""",170 lbs,Allstars Training Center
/fighter/Nick-Agallar-2295,Nick Agallar,,United States,"Racine, Wisconsin","Jan 13, 1979","5'8""",155 lbs,Agallar Combative Systems
/fighter/Nick-Aguirre-297869,Nick Aguirre,Slick,United States,"Oswego, Illinois","Jan 15, 1996","5'9""",135 lbs,Valle Flow Striking
/fighter/Nick-Catone-23006,Nick Catone,The Jersey Devil,United States,"Englewood, New Jersey","Sep 1, 1981","6'0""",185 lbs,Nick Catone MMA & Fitness
/fighter/Nick-Denis-19128,Nick Denis,The Ninja of Love,Canada,"Ottawa, Ontario","Oct 11, 1983","5'6""",135 lbs,Ronin MMA
/fighter/Nick-Diaz-2831,Nick Diaz,,United States,"Stockton, California","Aug 2, 1983","6'1""",185 lbs,Cesar Gracie Fight Team
/fighter/Nick-Fiore-230223,Nick Fiore,,United States,"Windham, New Hampshire","Dec 10, 1997","5'11""",155 lbs,Renzo Gracie Jiu-Jitsu NH
/fighter/Nick-Hein-50774,Nick Hein,Sergeant,Germany,Cologne,"Apr 24, 1984","5'6""",155 lbs,Tiger Muay Thai
/fighter/Nick-Klein-270893,Nick Klein,Blue Collar,United States,"Plymouth, Wisconsin","Sep 8, 1995","6'1""",185 lbs,Pura Vida BJJ
/fighter/Nick-Maximov-302823,Nick Maximov,,United States,"Chico, California","Dec 23, 1997","6'0""",185 lbs,Nick Diaz Academy
/fighter/Nick-Osipczak-30033,Nick Osipczak,Slick,England,"Nottingham, Nottinghamshire","Dec 30, 1984","6'1""",170 lbs,Team Rough House
/fighter/Nick-Pace-40956,Nick Pace,,United States,"Staten Island, New York","Apr 17, 1987","5'7""",135 lbs,Team Tiger Schulmann
/fighter/Nick-Penner-23736,Nick Penner,The Quiet Assassin,Canada,"Blumenort, Manitoba","Mar 26, 1980","6'0""",205 lbs,Frank Lee's Muay Thai
/fighter/Nick-Ring-6748,Nick Ring,The Promise,Canada,"Calgary, Alberta","Feb 10, 1979","6'0""",185 lbs,Champion's Creed MMA
/fighter/Nick-Roehrick-189015,Nick Roehrick,,United States,"Orlando, Florida","Jul 6, 1987","6'3""",205 lbs,Elevation Fight Team
/fighter/Nick-Sanzo-148,Nick Sanzo,,United States,"Niskayuna, New York","Jan 16, 1963","5'9""",190 lbs,
/fighter/Nick-Serra-3225,Nick Serra,The Mad Monkey,United States,"East Meadow, New York","Mar 27, 1978","5'9""",170 lbs,Serra-Longo Fight Team
/fighter/Nick-Thompson-7124,Nick Thompson,The Goat,United States,"Minneapolis, Minnesota","Jun 23, 1981","6'1""",170 lbs,The Academy MN
/fighter/Nicolae-Negumereanu-237147,Nicolae Negumereanu,Nick,Romania,Brasov,"Sep 4, 1994","6'0""",206 lbs,Korona Sports Centre
/fighter/Nicolas-Dalby-63608,Nicolas Dalby,Lokomotivo,Denmark,Copenhagen,"Nov 16, 1984","5'11""",171 lbs,Rumble Sports
/fighter/Nicolle-Caliari-202195,Nicolle Caliari,,Brazil,"Curitiba, Parana","Nov 4, 1996","5'3""",115 lbs,Thai Brasil Floripa
/fighter/Nik-Lentz-15058,Nik Lentz,The Carny,United States,"St. Paul, Minnesota","Aug 13, 1984","5'8""",155 lbs,Kill Cliff FC
/fighter/Nikita-Krylov-110937,Nikita Krylov,The Miner,Ukraine,Donetsk,"Mar 7, 1992","6'3""",205 lbs,Raty Team
/fighter/Niklas-Backstrom-54620,Niklas Backstrom,King in the North,Sweden,Stockholm,"Aug 22, 1989","6'0""",145 lbs,Allstars Training Center
/fighter/Niklas-Stolze-163897,Niklas Stolze,Green Mask,Germany,"Magdeburg, Saxony-Anhalt","Dec 28, 1992","6'0""",170 lbs,SBG Ireland
/fighter/Niko-Price-96921,Niko Price,The Hybrid,United States,"Cape Coral, Florida","Sep 29, 1989","6'0""",170 lbs,Futures MMA
/fighter/Nikolas-Motta-103887,Nikolas Motta,Iron,Brazil,"Governador Valadares, Minas Gerais","Feb 8, 1993","5'8""",155 lbs,Nova Uniao
/fighter/Nikolay-Veretennikov-186789,Nikolay Veretennikov,Gladiator,Kazakhstan,Astana,"Dec 22, 1989","6'0""",170 lbs,Kings MMA
/fighter/Nilson-Rojas-232247,Nilson Rojas,El Rayo,Peru,Lima,"Apr 21, 1999","5'5""",125 lbs,Pitbull Martial Arts Center
/fighter/Nina-Nikolija-Milosevic-399822,Nina Nikolija Milosevic,Queen Beast,Serbia,,"Aug 8, 1996","5'5""",135 lbs,Family Fight Team
/fighter/Nina-Nunes-69632,Nina Nunes,The Strina,United States,"Fort Lauderdale, Florida","Dec 3, 1985","5'5""",126 lbs,Lioness Studio
/fighter/Nissen-Osterneck-17591,Nissen Osterneck,,United States,"Maui, Hawaii","May 1, 1981","6'2""",185 lbs,Relson Gracie Jiu-Jitsu
/fighter/Niushiyue-Ji-257563,Niushiyue Ji,Little King Kong,China,"Chengdu, Sichuan","Dec 9, 2000","5'8""",126 lbs,Enbo Fight Club
/fighter/Noad-Lahat-35732,Noad Lahat,Neo,United States,"Las Vegas, Nevada","Jun 8, 1984","5'9""",145 lbs,Xtreme Couture
/fighter/Noah-Gugnon-236171,Noah Gugnon,,France,Sarrebourg,"Oct 18, 2000","5'10""",155 lbs,Bulgarian Top Team
/fighter/Noe-Hernandez-193,Noe Hernandez,,,,,,,
/fighter/Nohelin-Hernandez-110415,Nohelin Hernandez,Suave,United States,"Gilroy, California","Mar 1, 1994","5'10""",135 lbs,American Kickboxing Academy
/fighter/Nolan-Ticman-72084,Nolan Ticman,,United States,"Palm Springs, California","May 17, 1988","5'6""",125 lbs,Kings MMA
/fighter/Nora-Cornolle-367103,Nora Cornolle,Wonder,France,Epinay-sur-Seine,"Dec 6, 1989","5'7""",136 lbs,Team Cornolle
/fighter/Nordine-Taleb-26261,Nordine Taleb,,Canada,"Montreal, Quebec","Jun 10, 1981","6'1""",170 lbs,Tristar Gym
/fighter/Norifumi-Yamamoto-1354,Norifumi Yamamoto,Kid,Japan,"Kawasaki, Kanagawa","Mar 15, 1977","5'4""",135 lbs,Krazy Bee
/fighter/Norma-Dumont-233587,Norma Dumont,The Immortal,Brazil,"Belo Horizonte, Minas Gerais","Oct 1, 1990","5'7""",135 lbs,Team Rules
/fighter/Norman-Parke-47549,Norman Parke,Stormin,Northern Ireland,"Bushmills, Antrim","Dec 22, 1986","5'10""",200 lbs,Next Generation I.M.M.A.
/fighter/Nueraji-Taiyilake-380968,Nueraji Taiyilake,Super Saiyan,China,"Chengdu, Sichuan","Jan 12, 2001","6'2""",170 lbs,Enbo Fight Club
/fighter/Nuerdanbieke-Shayilan-245853,Nuerdanbieke Shayilan,Wolverine,China,Heilongjiang,"May 4, 1994","5'8""",145 lbs,China Top Team
/fighter/Nursulton-Ruziboev-175547,Nursulton Ruziboev,Black,Uzbekistan,Tashkent,"Nov 19, 1993","6'5""",186 lbs,UZB Patriot
/fighter/Nurullo-Aliev-274869,Nurullo Aliev,Tajik Eagle,Tajikistan,Dushanbe,"Oct 16, 1999","5'10""",155 lbs,Kaizen MMA
/fighter/Nyamjargal-Tumendemberel-403608,Nyamjargal Tumendemberel,Art of Knockout,Mongolia,"Bayanbulag, Bayankhongor","Mar 22, 1998","5'7""",126 lbs,ASM BJJ Association
/fighter/Oban-Elliott-247601,Oban Elliott,The Welsh Gangster,Wales,Merthyr Tydfil,"Dec 19, 1997","5'11""",170 lbs,Shore MMA
/fighter/Ode-Osbourne-137969,Ode Osbourne,The Jamaican Sensation,United States,"Waukesha, Wisconsin","Jan 9, 1992","5'7""",135 lbs,Waukesha MMA
/fighter/Oleg-Taktarov-47,Oleg Taktarov,The Russian Bear,Russia,Nizhny Novgorod,"Aug 26, 1967","6'0""",210 lbs,Freelance
/fighter/Oli-Thompson-54543,Oli Thompson,The Spartan,England,"Hove, East Sussex","Jan 2, 1980","6'1""",234 lbs,GOR MMA
/fighter/Oliver-Enkamp-122281,Oliver Enkamp,,Sweden,Stockholm,"Aug 10, 1991","6'0""",170 lbs,Pancrase Gym Sweden
/fighter/Oliver-Schmid-326999,Oliver Schmid,Ollie / The Hungarian Stallion,Hungary,,"Dec 28, 2000","5'9""",145 lbs,City Kickboxing
/fighter/Olivier-AubinMercier-86241,Olivier Aubin-Mercier,The Canadian Gangster,Canada,"Boucherville, Quebec","Feb 23, 1989","5'9""",155 lbs,H2O MMA
/fighter/Oluwale-Bamgbose-103153,Oluwale Bamgbose,The Holy War Angel,United States,"New York, New York","Aug 4, 1987","5'11""",185 lbs,Chute Boxe USA
/fighter/Omar-Morales-120645,Omar Morales,Venezuelan Fighter,Venezuela,"Caracas, Capital District","Oct 17, 1985","5'11""",155 lbs,The Goat Shed Academy
/fighter/Omari-Akhmedov-83462,Omari Akhmedov,Wolverine,Russia,"Makhachkala, Dagestan","Oct 12, 1987","6'0""",185 lbs,American Top Team
/fighter/Onassis-Parungao-116,Onassis Parungao,,Philippines,Manila,,"5'11""",205 lbs,
/fighter/Orion-Cosce-156917,Orion Cosce,Galaxy,United States,"Arcata, California","Jul 15, 1994","5'11""",173 lbs,Lost Boys Jiu-Jitsu and Muay Thai
/fighter/Orlando-Wiet-31,Orlando Wiet,The Gladiator,France,Nancy,"Oct 24, 1965","5'10""",170 lbs,Team Wiet
/fighter/Oskar-Piechota-77303,Oskar Piechota,Imadlo,Poland,Gdansk,"Jan 24, 1990","6'0""",185 lbs,Piranha Grappling Team
/fighter/Osman-Diaz-156965,Osman Diaz,Ozzy,United States,"Los Angeles, California","Nov 22, 1990","6'4""",185 lbs,California Mixed Martial Arts
/fighter/Otari-Tanzilovi-333455,Otari Tanzilovi,,Georgia,"Telavi, Kakheti","Apr 9, 1998","5'9""",138 lbs,Guram Fight Club
/fighter/Otgonbaatar-Boldbaatar-443122,Otgonbaatar Boldbaatar,Conqueror,Mongolia,"Bayantsagaan, Bayankhongor","Dec 25, 2002","5'6""",125 lbs,Shandas Devjee
/fighter/Ottman-Azaitar-173073,Ottman Azaitar,Bulldozer,Germany,Cologne,"Feb 20, 1990","5'7""",156 lbs,Jupps Fight Team
/fighter/Oumar-Sy-310239,Oumar Sy,,France,Paris,"Nov 21, 1995","6'4""",206 lbs,Bulgarian Top Team
/fighter/Ovince-St-Preux-38842,Ovince St. Preux,OSP,United States,"Knoxville, Tennessee","Apr 8, 1983","6'3""",205 lbs,Knoxville MMA
/fighter/Pablo-Garza-35448,Pablo Garza,The Scarecrow,United States,"Fargo, North Dakota","Sep 16, 1983","6'1""",145 lbs,Academy of Combat Arts
/fighter/Paddy-Pimblett-84902,Paddy Pimblett,The Baddy,England,"Liverpool, Merseyside","Jan 3, 1995","5'10""",155 lbs,Next Generation MMA Liverpool
/fighter/Paige-VanZant-99019,Paige VanZant,12 Gauge,United States,"Sparks, Nevada","Mar 26, 1994","5'4""",125 lbs,Gracie Barra Portland
/fighter/Pannie-Kianzad-99523,Pannie Kianzad,Banzai,Sweden,"Helsingborg, Skane","Dec 8, 1991","5'7""",135 lbs,Arte Suave Copenhagen
/fighter/Papy-Abedi-20812,Papy Abedi,Makambo,Sweden,Stockholm,"Jun 30, 1978","5'11""",185 lbs,Allstars Training Center
/fighter/Parker-Porter-24916,Parker Porter,,United States,"Hartford, Connecticut","Apr 22, 1985","6'0""",256 lbs,Underdog Brazilian Jiu-Jitsu
/fighter/Pascal-Krauss-43439,Pascal Krauss,Panzer,Germany,Freiburg,"Apr 19, 1987","6'1""",170 lbs,Peak MMA
/fighter/Pat-Audinwood-25476,Pat Audinwood,Awesomely Awesome,United States,"Cortland, New York","Apr 16, 1986","6'0""",155 lbs,Team Bombsquad
/fighter/Pat-Barry-33342,Pat Barry,HD,United States,"New Orleans, Louisiana","Jul 7, 1979","5'11""",237 lbs,Team Death Clutch
/fighter/Pat-Healy-6246,Pat Healy,Bam Bam,United States,"St. Louis, Missouri","Jul 20, 1983","5'10""",155 lbs,Sports Lab
/fighter/Pat-Miletich-188,Pat Miletich,The Croation Sensation,United States,"Bettendorf, Iowa","Mar 9, 1968","5'10""",169 lbs,Miletich Martial Arts
/fighter/Pat-Sabatini-60415,Pat Sabatini,,United States,"Bristol, Pennsylvania","Nov 9, 1990","5'9""",145 lbs,Renzo Gracie Philly
/fighter/Pat-Schilling-54054,Pat Schilling,Thrilling,United States,"St. Paul, Minnesota","Aug 28, 1988","5'8""",145 lbs,Ambition Training Academy
/fighter/Patricio-Freire-9960,Patricio Freire,Pitbull,Brazil,"Natal, Rio Grande do Norte","Jul 7, 1987","5'6""",145 lbs,Pitbull Brothers
/fighter/Patrick-Cote-6612,Patrick Cote,The Predator,Canada,"Quebec City, Quebec","Feb 29, 1980","5'11""",170 lbs,BTT Canada
/fighter/Patrick-Cummins-72981,Patrick Cummins,Durkin,United States,"Reinholds, Pennsylvania","Nov 16, 1980","6'2""",205 lbs,Reign MMA
/fighter/Patrick-Holohan-63616,Patrick Holohan,The Hooligan,Ireland,Dublin,"May 3, 1988","5'9""",125 lbs,SBG Ireland
/fighter/Patrick-Mix-161007,Patrick Mix,Patchy,United States,"Angola, New York","Aug 16, 1993","5'8""",141 lbs,Xtreme Couture
/fighter/Patrick-Smith-21,Patrick Smith,,United States,"Denver, Colorado","Aug 28, 1963","6'2""",225 lbs,
/fighter/Patrick-Walsh-67971,Patrick Walsh,The Beast of the East,United States,"West Bridgewater, Massachusetts","Nov 28, 1988","5'11""",258 lbs,Wai Kru MMA
/fighter/Patrick-Williams-69607,Patrick Williams,The Animal,United States,"Homestead, Florida","Sep 7, 1981","5'8""",135 lbs,Independent
/fighter/Paul-Bradley-19726,Paul Bradley,The Gentleman,United States,"San Diego, California","Jun 13, 1983","5'9""",170 lbs,Alliance MMA
/fighter/Paul-Buentello-347,Paul Buentello,The Headhunter,United States,"Amarillo, Texas","Jan 16, 1974","6'3""",205 lbs,Grudge Training Center
/fighter/Paul-Craig-110167,Paul Craig,Bearjew,Scotland,Coatbridge,"Nov 27, 1987","6'4""",205 lbs,Scottish Hit Squad
/fighter/Paul-Creighton-4441,Paul Creighton,,United States,"Suwanee, Georgia","Jul 4, 1970","5'6""",155 lbs,Renzo Gracie Jiu-Jitsu
/fighter/Paul-Daley-4270,Paul Daley,Semtex,England,Nottingham,"Feb 21, 1983","5'9""",171 lbs,Spirit Dojo
/fighter/Paul-Felder-68205,Paul Felder,The Irish Dragon,United States,"Philadelphia, Pennsylvania","Apr 25, 1985","5'10""",155 lbs,Roufusport
/fighter/Paul-Georgieff-11408,Paul Georgieff,,United States,"St. Paul, Minnesota","Sep 22, 1982","6'2""",155 lbs,
/fighter/Paul-Herrera-130,Paul Herrera,,United States,"Huntington Beach, California","Feb 21, 1964","5'10""",185 lbs,Empire Training Center
/fighter/Paul-Jones-224,Paul Jones,,United States,"Boys Ranch, Texas","Feb 10, 1963","5'9""",198 lbs,USWF
/fighter/Paul-Kelly-14028,Paul Kelly,Tellys,England,Liverpool,"Sep 12, 1984","5'9""",169 lbs,Team Kaobon
/fighter/Paul-Redmond-56615,Paul Redmond,Redser,Ireland,Dublin,"Oct 20, 1986","5'10""",155 lbs,Team Ryano
/fighter/Paul-Rodriguez-1332,Paul Rodriguez,,United States,"Orlando, Florida","May 18, 1975","5'8""",155 lbs,American Top Team Orlando
/fighter/Paul-Sass-23531,Paul Sass,Sassangle,England,Liverpool,"Aug 4, 1988","6'1""",155 lbs,Team Kaobon
/fighter/Paul-Taylor-6326,Paul Taylor,Relentless,England,Walsall,"Dec 15, 1979","6'0""",155 lbs,Team Supreme
/fighter/Paul-Varelans-112,Paul Varelans,The Polar Bear,United States,"Fairbanks, Alaska","Sep 17, 1969","6'8""",300 lbs,
/fighter/Paula-Luna-377310,Paula Luna,La Prodigio,Peru,Lima,"May 7, 1999","5'3""",115 lbs,Capone BJJ
/fighter/Paulo-Costa-147165,Paulo Costa,Borrachinha,Brazil,"Belo Horizonte, Minas Gerais","Apr 21, 1991","6'0""",205 lbs,Team Borracha
/fighter/Paulo-Santos-204,Paulo Santos,,,,,,,
/fighter/Paulo-Thiago-13336,Paulo Thiago,Caveira,Brazil,"Brasilia, Federal District","Jan 25, 1981","5'11""",170 lbs,X-Gym
/fighter/Pavel-Andrusca-384442,Pavel Andrusca,,Moldova,,"May 8, 2002","5'6""",146 lbs,
/fighter/Pawan-Maan-Singh-116081,Pawan Maan Singh,,India,"Lucknow, Uttar Pradesh","Apr 6, 1986","5'7""",155 lbs,Black House Fight Club
/fighter/Pawel-Pawlak-65543,Pawel Pawlak,Plastinho,Poland,Lodz,"Feb 8, 1989","6'0""",185 lbs,Octopus Lodz
/fighter/Payton-Talbott-296553,Payton Talbott,,United States,"Reno, Nevada","Sep 9, 1998","5'10""",135 lbs,Reno Academy of Combat
/fighter/Pearl-Gonzalez-90485,Pearl Gonzalez,The Chi-Town Princess,United States,"Cicero, Illinois","Aug 12, 1986","5'4""",125 lbs,10th Planet San Diego
/fighter/Pedro-Falcao-150185,Pedro Falcao,Pedrinho,Brazil,"Porto Velho, Rondonia","Jul 30, 1992","5'6""",135 lbs,Nova Uniao
/fighter/Pedro-Munhoz-52407,Pedro Munhoz,The Young Punisher,Brazil,"Sao Paulo, Sao Paulo","Sep 7, 1986","5'6""",135 lbs,American Top Team
/fighter/Pedro-Nobre-44211,Pedro Nobre,The Rock,Brazil,"Rio de Janeiro, Rio de Janeiro","Feb 13, 1986","5'5""",125 lbs,Brazilian Top Team
/fighter/Pedro-Rizzo-208,Pedro Rizzo,The Rock,Brazil,"Rio de Janeiro, Rio de Janeiro","May 3, 1974","6'1""",244 lbs,Ruas Vale Tudo
/fighter/Peggy-Morgan-91565,Peggy Morgan,The Daywalker,United States,"Manchester, New Hampshire","Dec 6, 1979","6'1""",145 lbs,Triumph MMA
/fighter/Per-Eklund-3707,Per Eklund,,Sweden,Stockholm,"Nov 12, 1980","5'10""",145 lbs,Orla
/fighter/Pete-Rodriguez-261813,Pete Rodriguez,Dead Game,United States,"Tucson, Arizona","Nov 13, 1996","5'9""",170 lbs,Dominate MMA
/fighter/Pete-Sell-7795,Pete Sell,Drago,United States,"Bay Shore, New York","Aug 25, 1982","5'11""",179 lbs,Serra-Longo Fight Team
/fighter/Pete-Spratt-3195,Pete Spratt,The Secret Weapon,United States,"San Antonio, Texas","Jan 9, 1971","5'9""",170 lbs,Pete Spratt American Muay Thai
/fighter/Pete-Williams-201,Pete Williams,El Duro,United States,"San Lorenzo, California","Jul 10, 1975","6'3""",225 lbs,Lion's Den
/fighter/Peter-Barrett-79095,Peter Barrett,Slippery Pete,United States,"Plymouth, Massachusetts","Aug 10, 1986","5'9""",155 lbs,Sityodtong Boston
/fighter/Peter-Danesoe-332659,Peter Danesoe,The Asian Viking,Thailand,Chiang Mai,"Sep 1, 2000","5'9""",136 lbs,Team Quest Thailand
/fighter/Peter-Sobotta-15816,Peter Sobotta,,Germany,"Balingen, Baden-Wurttemberg","Jan 11, 1987","6'0""",170 lbs,Planet Eater
/fighter/Petr-Yan-186873,Petr Yan,No Mercy,Russia,"Yekaterinburg, Omsk","Feb 11, 1993","5'7""",135 lbs,Archangel Michael Club
/fighter/Phil-Baroni-278,Phil Baroni,New York Bad Ass,United States,"Long Island, New York","Apr 16, 1976","5'9""",170 lbs,American Kickboxing Academy
/fighter/Phil-Brooks-184933,Phil Brooks,CM Punk,United States,"Chicago, Illinois","Oct 26, 1978","6'2""",170 lbs,Roufusport
/fighter/Phil-Davis-27802,Phil Davis,Mr. Wonderful,United States,"Harrisburg, Pennsylvania","Sep 25, 1984","6'2""",205 lbs,Alliance MMA
/fighter/Phil-De-Fries-46202,Phil De Fries,And Still,England,"Sunderland, Tyne and Wear","Apr 21, 1986","6'4""",264 lbs,TFT MMA
/fighter/Phil-Harris-8753,Phil Harris,Billy,England,"Portsmouth, Hampshire","Apr 9, 1983","5'5""",125 lbs,Gym01
/fighter/Phil-Hawes-130935,Phil Hawes,No Hype,United States,"Little Ferry, New Jersey","Jan 8, 1989","5'11""",185 lbs,Kill Cliff FC
/fighter/Phil-Johns-282,Phil Johns,Little Giant,United States,"Canton, Illinois","Dec 31, 1969","5'2""",160 lbs,Silverbacks Vale Tudo
/fighter/Philip-Rowe-121067,Philip Rowe,The Fresh Prince,United States,"Queens, New York","Jul 18, 1990","6'3""",181 lbs,Fusion X-Cel Performance
/fighter/Philipe-Lins-61438,Philipe Lins,Monstro,Brazil,"Natal, Rio Grande do Norte","Aug 17, 1985","6'1""",223 lbs,American Top Team
/fighter/Phillip-Miller-482,Phillip Miller,,United States,"Hesperia, California","Feb 20, 1979","5'11""",182 lbs,Williams Combat Grappling
/fighter/Phillipe-Nover-7415,Phillipe Nover,Super,United States,"Brooklyn, New York","Feb 3, 1984","5'9""",145 lbs,Team Renzo Gracie
/fighter/Piera-Rodriguez-247469,Piera Rodriguez,La Fiera,Venezuela,"Maracaibo, Zulia","Nov 11, 1992","5'3""",115 lbs,Black House MMA
/fighter/Pingyuan-Liu-83520,Pingyuan Liu,,China,"Zhengzhou, Henan","Feb 13, 1993","5'6""",135 lbs,Team Alpha Male
/fighter/Piotr-Hallmann-53375,Piotr Hallmann,Pletwal,Poland,Gdynia,"Aug 25, 1987","5'9""",155 lbs,Mighty Bulls Gdynia
/fighter/Poliana-Botelho-164275,Poliana Botelho,,Brazil,"Muriae, Minas Gerais","Dec 15, 1988","5'5""",125 lbs,Nova Uniao
/fighter/Polyana-Viana-153951,Polyana Viana,,Brazil,"Sao Geraldo do Araguaia, Para","Jun 14, 1992","5'7""",115 lbs,Chute Boxe Diego Lima
/fighter/Preston-Parsons-173219,Preston Parsons,Pressure,United States,"Jacksonville Beach, Florida","Jul 15, 1995","5'11""",170 lbs,Elevate MMA
/fighter/Priscila-Cachoeira-227399,Priscila Cachoeira,Zombie Girl,Brazil,"Rio de Janeiro, Rio de Janeiro","Aug 19, 1988","5'7""",135 lbs,MMA Masters
/fighter/Priya-Sharma-233189,Priya Sharma,The Catwoman,India,Chandigarh,"Aug 29, 1991","5'2""",119 lbs,Superhuman Gym
/fighter/Puja-Tomar-148323,Puja Tomar,The Cyclone,India,"Muzaffarnagar, Uttar Pradesh","Dec 5, 1993","5'1""",116 lbs,Soma Fight Club
/fighter/Punahele-Soriano-230239,Punahele Soriano,Story Time,United States,"Wailua, Hawaii","Nov 22, 1992","6'0""",170 lbs,Xtreme Couture
/fighter/Qihui-Yan-242711,Qihui Yan,Queen Kong,China,"Guangnan, Yunnan","Sep 21, 1996","5'3""",125 lbs,Xin-Du Martial Arts Club
/fighter/Qileng-Aori-222519,Qileng Aori,Mongolian Murderer,China,"Xilingol, Inner Mongolia","Jun 25, 1993","5'7""",135 lbs,Fight Ready
/fighter/Qinghe-Zhang-382525,Qinghe Zhang,,China,Shandong,"Nov 5, 2001","5'7""",135 lbs,Yunnan Kunli Junlong Fight Club
/fighter/Quang-Le-223785,Quang Le,Bang,Vietnam,"Bien Hoa, Dong Nai","Oct 18, 1991","5'7""",135 lbs,The Academy MN
/fighter/Quillan-Salkilld-300317,Quillan Salkilld,,Australia,"Perth, Western Australia","Dec 28, 1999","6'0""",156 lbs,Luistro Combat Academy
/fighter/Quinn-Mulhern-22873,Quinn Mulhern,,United States,"Santa Fe, New Mexico","Sep 20, 1984","6'3""",155 lbs,Jackson-Wink MMA
/fighter/Quinton-Jackson-348,Quinton Jackson,Rampage,United States,"Memphis, Tennessee","Jun 20, 1978","6'1""",265 lbs,Wolfslair Academy
/fighter/Rabindra-Dhant-375262,Rabindra Dhant,,Nepal,"Bajhang, Sudurpashchim Province","Nov 30, 1998","5'9""",136 lbs,LocknRoll MMA Nepal
/fighter/Rachael-Ostovich-69142,Rachael Ostovich,,United States,"Honolulu, Hawaii","Feb 25, 1991","5'3""",125 lbs,Jesus Is Lord
/fighter/Rafa-Garcia-186049,Rafa Garcia,Gifted,Mexico,"Mexicali, Baja California","Aug 5, 1994","5'7""",155 lbs,Team Elevation
/fighter/Rafael-Alves-96651,Rafael Alves,The Turn,Brazil,"Belem, Para","Oct 11, 1990","5'7""",155 lbs,Main Street Boxing & Muay Thai
/fighter/Rafael-Carino-131,Rafael Carino,Earthquake,Brazil,Rio De Janeiro,"Jul 16, 1973","6'8""",245 lbs,Nova Uniao
/fighter/Rafael-Cavalcante-16161,Rafael Cavalcante,Feijao,Brazil,"Ilha Solteira, Sao Paulo","Apr 4, 1980","6'0""",205 lbs,Team Nogueira
/fighter/Rafael-Estevam-200851,Rafael Estevam,Macapa,Brazil,"Macapa, Amapa","Aug 10, 1996","5'8""",137 lbs,Nova Uniao
/fighter/Rafael-Fiziev-202657,Rafael Fiziev,Ataman,Kazakhstan,Korday,"Mar 5, 1993","5'8""",155 lbs,Tiger Muay Thai
/fighter/Rafael-Natal-13968,Rafael Natal,Sapo,Brazil,"Belo Horizonte, Minas Gerais","Dec 25, 1982","6'0""",185 lbs,Renzo Gracie Jiu-Jitsu
/fighter/Rafael-Tobias-403663,Rafael Tobias,Bipolar,Brazil,"Curitiba, Parana","Mar 20, 2003","6'2""",204 lbs,Chute Boxe Monstro
/fighter/Rafael-dos-Anjos-11675,Rafael dos Anjos,,Brazil,"Rio de Janeiro, Rio de Janeiro","Oct 26, 1984","5'8""",170 lbs,RDA Academy
/fighter/Rafaello-Oliveira-37260,Rafaello Oliveira,Tractor,United States,"Whippany, New Jersey","Jan 26, 1982","5'8""",155 lbs,AMA Fight Club
/fighter/Raffael-Cerqueira-344561,Raffael Cerqueira,The Lion,Brazil,"Salvador, Bahia","Mar 15, 1990","6'3""",205 lbs,CTJ Judo & Jiu-Jitsu
/fighter/Rainy-Martinez-152,Rainy Martinez,,United States,"Tucson, Arizona",,"6'0""",195 lbs,
/fighter/Rama-Supandhi-315439,Rama Supandhi,Hellboy / Anoman,Indonesia,"Jakarta, Java","Nov 7, 1991","5'5""",125 lbs,Rival Martial Arts Academy
/fighter/Ramazan-Emeev-72356,Ramazan Emeev,Gorets,Russia,"Makhachkala, Dagestan","May 20, 1987","5'10""",187 lbs,American Top Team
/fighter/Ramazonbek-Temirov-215649,Ramazonbek Temirov,Temurlan,Uzbekistan,Kashkadarya,"Jan 31, 1997","5'5""",126 lbs,Muradov Legion Team
/fighter/Rameau-Thierry-Sokoudjou-17010,Rameau Thierry Sokoudjou,The African Assassin,United States,"San Diego, California","Apr 18, 1984","5'10""",205 lbs,Team Quest
/fighter/Ramiro-Hernandez-26934,Ramiro Hernandez,Junior,United States,"Muscatine, Iowa","Jul 22, 1986","5'9""",145 lbs,TSG Combat Sports
/fighter/Ramiz-Brahimaj-178855,Ramiz Brahimaj,,United States,"Bronx, New York","Nov 17, 1992","5'10""",170 lbs,Valle Flow Striking
/fighter/Ramon-Taveras-332055,Ramon Taveras,The Savage,United States,"Jacksonville, Florida","Jan 9, 1994","5'7""",147 lbs,Bulldog Boxing
/fighter/Ramona-Pascual-232645,Ramona Pascual,,Hong Kong,,"Sep 23, 1988","5'7""",146 lbs,Syndicate MMA
/fighter/Ramsey-Nijem-36963,Ramsey Nijem,Nasty,United States,"Orem, Utah","Apr 1, 1988","5'11""",155 lbs,Skrap Pack
/fighter/Rana-Rudra-Pratap-Singh-300179,Rana Rudra Pratap Singh,Ashwathama,India,"Lucknow, Uttar Pradesh","May 9, 1997","5'10""",155 lbs,Yogya MMA
/fighter/Randa-Markos-75417,Randa Markos,Quiet Storm,Canada,"Windsor, Ontario","Aug 10, 1985","5'5""",115 lbs,Michigan Top Team
/fighter/Randy-Brown-115641,Randy Brown,Rude Boy,Jamaica,Spanish Town,"Jul 8, 1990","6'3""",170 lbs,Budokan Martial Arts Academy
/fighter/Randy-Costa-189731,Randy Costa,The Zohan,United States,"Taunton, Massachusetts","Jul 6, 1994","5'10""",135 lbs,Lauzon MMA
/fighter/Randy-Couture-166,Randy Couture,The Natural,United States,"Corvallis, Oregon","Jun 22, 1963","6'1""",203 lbs,Xtreme Couture
/fighter/Rangbo-Sulang-387333,Rangbo Sulang,,China,"Chengdu, Sichuan","Jul 17, 2005","5'9""",136 lbs,Enbo Fight Club
/fighter/Rani-Yahya-10425,Rani Yahya,,Brazil,"Brasilia, Federal District","Sep 12, 1984","5'6""",135 lbs,Constrictor Team
/fighter/Raoni-Barcelos-94587,Raoni Barcelos,,Brazil,"Rio de Janeiro, Rio de Janeiro","May 1, 1987","5'7""",135 lbs,Laerte Barcelos Team
/fighter/Raphael-Assuncao-9574,Raphael Assuncao,,Brazil,"Recife, Pernambuco","Jul 19, 1982","5'5""",135 lbs,Xtreme Couture
/fighter/Raphael-Pessoa-242953,Raphael Pessoa,Bebezao,Brazil,"Rio de Janeiro, Rio de Janeiro","Mar 9, 1989","6'4""",247 lbs,HWB _ Heavyweight Brothers MMA
/fighter/Raquel-Pennington-75564,Raquel Pennington,Rocky,United States,"Colorado Springs, Colorado","Sep 5, 1988","5'7""",135 lbs,Altitude MMA
/fighter/Rashad-Coulter-81719,Rashad Coulter,Daywalker,United States,"Dallas, Texas","Nov 27, 1981","5'11""",208 lbs,Fortis MMA
/fighter/Rashad-Evans-10200,Rashad Evans,Suga,United States,"Niagara Falls, New York","Sep 25, 1979","5'11""",205 lbs,Kill Cliff FC
/fighter/Rashid-Magomedov-41524,Rashid Magomedov,,Russia,"Makhachkala, Dagestan","May 14, 1984","5'9""",155 lbs,Gorets Fight Club
/fighter/Raul-Rosas-Jr-339419,Raul Rosas Jr.,El Nino Problema,United States,"Santa Rosa, California","Oct 8, 2004","5'9""",135 lbs,10th Planet Jiu Jitsu Las Vegas
/fighter/Raulian-Paiva-167575,Raulian Paiva,,Brazil,"Santana, Amapa","Oct 17, 1995","5'8""",135 lbs,Team Alpha Male
/fighter/Ravena-Oliveira-258909,Ravena Oliveira,Kenoudy,Brazil,"Miguel Calmon, Bahia","Feb 20, 1997","5'5""",126 lbs,Life MMA
/fighter/Ray-Borg-84752,Ray Borg,The Tazmexican Devil,United States,"Albuquerque, New Mexico","Aug 4, 1993","5'4""",135 lbs,Jackson's MMA Acoma
/fighter/Ray-Rodriguez-78078,Ray Rodriguez,The Judge,United States,"San Antonio, Texas","Dec 10, 1987","5'7""",135 lbs,Ohana Academy
/fighter/Ray-Wizard-26,Ray Wizard,,United States,"Los Angeles, California",,"5'10""",180 lbs,
/fighter/Rayanne-dos-Santos-230789,Rayanne dos Santos,,Brazil,"Belem, Para","Jun 8, 1995","5'3""",115 lbs,Marajo Brothers
/fighter/Razak-AlHassan-23326,Razak Al-Hassan,Razor,United States,"Milwaukee, Wisconsin","May 14, 1982","6'3""",205 lbs,Roufusport
/fighter/Reese-Andy-12692,Reese Andy,Riptide,United States,"Auburn, Washington","Mar 31, 1973","6'0""",205 lbs,West Coast Fight Team
/fighter/Regina-Tarin-396659,Regina Tarin,Kill Bill,Mexico,Mexico City,"Oct 19, 2004","5'7""",125 lbs,Bonebreakers MMA
/fighter/Reginaldo-Vieira-52454,Reginaldo Vieira,,Brazil,"Sao Paulo, Sao Paulo","Nov 26, 1982","5'6""",135 lbs,Amazon School
/fighter/Rei-Tsuruya-380465,Rei Tsuruya,,Japan,"Kashiwa, Chiba","Jun 22, 2002","5'7""",135 lbs,The Blackbelt Japan
/fighter/Reinier-de-Ridder-133677,Reinier de Ridder,The Dutch Knight,Netherlands,"Breda, North Brabant","Sep 7, 1990","6'4""",205 lbs,Combat Brothers
/fighter/Remco-Pardoel-33,Remco Pardoel,Grizzly,Netherlands,Oss,"May 23, 1969","6'2""",250 lbs,Pardoel Sports
/fighter/Ren-Ozaki-398391,Ren Ozaki,,Japan,"Chichibu, Saitama","Dec 15, 2001","5'7""",136 lbs,Reversal Gym Kuki Wings
/fighter/Renan-Barao-23156,Renan Barao,The Baron,Brazil,"Natal, Rio Grande do Norte","Jan 31, 1987","5'7""",135 lbs,Pitbull Brothers
/fighter/Renato-Carneiro-61700,Renato Carneiro,Money Moicano,Brazil,"Brasilia, Federal District","May 21, 1989","5'11""",155 lbs,First Fight Center
/fighter/Renato-Sobral-274,Renato Sobral,Babalu,Brazil,Rio de Janeiro,"Sep 7, 1975","6'0""",205 lbs,Babalu's Iron Gym
/fighter/Renato-Verissimo-4095,Renato Verissimo,Charuto,United States,"Hilo, Hawaii","Aug 3, 1973","6'1""",170 lbs,BJ Penn's MMA
/fighter/Renee-Forte-37684,Renee Forte,,Brazil,"Fortaleza, Ceara","Mar 27, 1987","5'8""",156 lbs,Team Renee Forte
/fighter/Renzo-Gracie-290,Renzo Gracie,,Brazil,Rio de Janeiro,"Mar 11, 1967","5'10""",171 lbs,Renzo Gracie Jiu-Jitsu
/fighter/Reuben-Duran-26602,Reuben Duran,Hurricane,United States,"Fontana, California","Jul 2, 1983","5'7""",135 lbs,C-Quence Jiu-Jitsu
/fighter/Rex-Holman-13745,Rex Holman,,United States,"Columbus, Ohio",,"6'3""",205 lbs,
/fighter/Reza-Madadi-18921,Reza Madadi,Mad Dog,Iran,Tehran,"Jun 20, 1978","5'11""",155 lbs,Allstars Training Center
/fighter/Reza-Nasri-145,Reza Nasri,,Iran,Isfahan,,"5'11""",205 lbs,
/fighter/Rhys-McKee-145609,Rhys McKee,Skeletor,Ireland,Ballymena,"Sep 10, 1995","6'1""",176 lbs,Next Generation I.M.M.A.
/fighter/Ricardo-Abreu-82392,Ricardo Abreu,Demente,Brazil,"Ribeirao Preto, Sao Paulo","Apr 27, 1984","5'11""",185 lbs,Wand Fight Team
/fighter/Ricardo-Almeida-11,Ricardo Almeida,Big Dog,United States,"Bordentown, New Jersey","Nov 29, 1976","5'11""",170 lbs,Renzo Gracie Jiu-Jitsu
/fighter/Ricardo-Funch-24057,Ricardo Funch,Golden Boy,United States,"Ludlow, Massachusetts","Aug 14, 1980","5'10""",170 lbs,Team Link
/fighter/Ricardo-Lamas-32051,Ricardo Lamas,The Bully,United States,"Chicago, Illinois","May 21, 1982","5'8""",145 lbs,MMA Masters
/fighter/Ricardo-Ramos-121143,Ricardo Ramos,Carcacinha,Brazil,"Campinas, Sao Paulo","Aug 1, 1995","5'9""",145 lbs,Team Alpha Male
/fighter/Ricardo-Romero-23978,Ricardo Romero,,United States,"North Brunswick, New Jersey","Apr 15, 1978","6'0""",205 lbs,AMA Fight Club
/fighter/Ricco-Rodriguez-8,Ricco Rodriguez,Suave,United States,"Staten Island, New York","Aug 19, 1977","6'4""",225 lbs,American Fight Club
/fighter/Rich-Attonito-11955,Rich Attonito,The Raging Bull,United States,"Deerfield Beach, Florida","Jun 16, 1977","5'10""",170 lbs,American Top Team
/fighter/Rich-Clementi-1046,Rich Clementi,No Love,United States,"Slidell, Lousiana","Mar 31, 1976","5'9""",155 lbs,Team Voodoo
/fighter/Rich-Crunkilton-1542,Rich Crunkilton,Cleat,United States,"Fort Lauderdale, Florida","Nov 25, 1979","5'7""",155 lbs,American Kickboxing Academy
/fighter/Rich-Franklin-392,Rich Franklin,Ace,United States,"Cincinnati, Ohio","Oct 5, 1974","6'1""",185 lbs,Team Extreme
/fighter/Richard-Harris-429363,Richard Harris,The Hammer,United States,"Zanesville, Ohio","Oct 1, 1998","6'6""",263 lbs,Sprawlin & Brawlin MMA
/fighter/Richard-Walsh-55587,Richard Walsh,Filthy Rich,Australia,"Sydney, New South Wales","Dec 1, 1988","6'0""",170 lbs,VT1 Martial Arts Academy
/fighter/Richardson-Moreira-72825,Richardson Moreira,Rick Monstro,Brazil,"Campinas, Sao Paulo","Mar 31, 1984","6'2""",205 lbs,Team Nogueira
/fighter/Richie-Hightower-10346,Richie Hightower,The Dirty Samurai,United States,"Phoenix, Arizona","Nov 24, 1981","5'8""",155 lbs,
/fighter/Richie-Miranda-280549,Richie Miranda,El Machete,United States,"Santa Ana, California","Aug 12, 1994","5'9""",156 lbs,CSW Training Center
/fighter/Richie-Smullen-136361,Richie Smullen,,Ireland,Arklow,"Aug 17, 1991","5'9""",145 lbs,SBG Ireland
/fighter/Richie-Vaculik-21798,Richie Vaculik,Vas,Australia,"Maroubra, New South Wales","Jun 19, 1983","5'6""",125 lbs,TP Fight Team
/fighter/Rick-Davis-4832,Rick Davis,,United States,"Las Vegas, Nevada",,"5'9""",155 lbs,Las Vegas Combat Club
/fighter/Rick-Story-25989,Rick Story,The Horror,United States,"Tacoma, Washington","Aug 28, 1984","5'10""",170 lbs,MMA Lab
/fighter/Ricky-Glenn-20171,Ricky Glenn,The Gladiator,United States,"Marshalltown, Iowa","Apr 12, 1989","6'0""",170 lbs,Team Alpha Male
/fighter/Ricky-Rainey-68769,Ricky Rainey,The Sniper,United States,"Gastonia, North Carolina","Jun 29, 1983","6'1""",171 lbs,Renegade Fighting Systems
/fighter/Ricky-Simon-111209,Ricky Simon,,United States,"Vancouver, Washington","Aug 31, 1992","5'6""",135 lbs,American Top Team Portland
/fighter/Ricky-Turcios-80671,Ricky Turcios,Pretty,United States,"Houston, Texas","Jun 5, 1993","5'8""",145 lbs,Team Alpha Male
/fighter/Riki-Fukuda-10229,Riki Fukuda,,Japan,"Gifu, Gifu","Jan 6, 1981","6'0""",185 lbs,Grabaka
/fighter/Rin-Nakai-18887,Rin Nakai,,Japan,"Matsuyama, Ehime","Oct 22, 1986","5'1""",124 lbs,Shooto Dojo Shikoku
/fighter/Rinat-Fakhretdinov-145067,Rinat Fakhretdinov,Gladiator,Russia,Moscow,"Sep 28, 1991","6'0""",171 lbs,American Top Team
/fighter/Rinya-Nakamura-386855,Rinya Nakamura,Hybrid,Japan,Saitama,"Mar 23, 1995","5'7""",136 lbs,American Top Team
/fighter/Rio-Tirto-323351,Rio Tirto,The Black Cobra,Indonesia,"Pontianak, West Kalimantan","Feb 9, 2000","5'5""",125 lbs,Warrior Golden Gening
/fighter/Rizvan-Kuniev-86319,Rizvan Kuniev,,Russia,"Makhachkala, Dagestan","Mar 10, 1992","6'4""",266 lbs,Gorets Fight Club
/fighter/Roan-Carneiro-2886,Roan Carneiro,Jucao,Brazil,Rio de Janeiro,"Jun 2, 1978","5'11""",170 lbs,American Top Team Atlanta
/fighter/Rob-Broughton-10924,Rob Broughton,The Bear,England,Liverpool,"Mar 3, 1983","6'2""",258 lbs,Atherton Submission Wrestling
/fighter/Rob-Font-76100,Rob Font,,United States,"Boston, Massachusetts","Jun 25, 1987","5'8""",135 lbs,New England Cartel
/fighter/Rob-Kimmons-9863,Rob Kimmons,The Rosedale Reaper,United States,"Liberty, Missouri","Jan 30, 1981","5'10""",170 lbs,K2L Grindhouse
/fighter/Rob-MacDonald-4638,Rob MacDonald,Bobby Maximus,Canada,"Mississauga, Ontario","Sep 5, 1978","6'3""",230 lbs,Franco Behring
/fighter/Rob-Wilkinson-86279,Rob Wilkinson,Razor,Australia,"Hobart, Tasmania","Feb 22, 1992","6'3""",205 lbs,Hybrid Training Centre
/fighter/Rob-Yundt-16858,Rob Yundt,,United States,"Wasilla, Alaska","May 5, 1980","6'1""",185 lbs,
/fighter/Robbie-Lawler-2245,Robbie Lawler,Ruthless,United States,"San Diego, California","Mar 20, 1982","5'11""",170 lbs,Kill Cliff FC
/fighter/Robbie-Peralta-21339,Robbie Peralta,Problems,United States,"Escondido, California","Mar 14, 1986","5'8""",145 lbs,Team Xplode MMA
/fighter/Robelis-Despaigne-406903,Robelis Despaigne,The Bad Boy,Cuba,Santiago de Cuba,"Aug 9, 1988","6'7""",259 lbs,MMA Temple
/fighter/Robert-Bryczek-85060,Robert Bryczek,,Poland,Bielsko Biala,"Jul 4, 1990","6'0""",185 lbs,Veto Team Bielsko-Biala
/fighter/Robert-Drysdale-67894,Robert Drysdale,,United States,"Las Vegas, Nevada","Oct 5, 1981","6'3""",205 lbs,Drysdale Jiu-Jitsu
/fighter/Robert-Emerson-5286,Robert Emerson,The Saint,United States,"Newport Beach, California","Jul 30, 1981","5'8""",135 lbs,MMA Lab
/fighter/Robert-Lucarelli-32,Robert Lucarelli,,United States,"Schenectady, New York",,"6'2""",245 lbs,
/fighter/Robert-Ruchala-278203,Robert Ruchala,Faker,Poland,Nowy Sacz,"May 15, 1998","5'10""",145 lbs,Grappling Krakow
/fighter/Robert-Valentin-241133,Robert Valentin,Robzilla,Switzerland,Zurich,"Mar 31, 1995","6'2""",185 lbs,Fight Move Academy
/fighter/Robert-Whiteford-47105,Robert Whiteford,The Hammer,Scotland,"Armadale, West Lothian","Apr 12, 1983","5'9""",145 lbs,Dinky Ninjas
/fighter/Robert-Whittaker-45132,Robert Whittaker,The Reaper / Bobby Knuckles,Australia,"Sydney, New South Wales","Dec 20, 1990","6'0""",205 lbs,PMA Super Martial Arts
/fighter/Roberto-Romero-306595,Roberto Romero,El Charro Negro,Mexico,"Chihuahua, Chihuahua","Jan 30, 2000","5'7""",145 lbs,Team Oyama
/fighter/Roberto-Sanchez-83282,Roberto Sanchez,Little Fury,United States,"Houston, Texas","Mar 5, 1986","5'6""",125 lbs,Gracie Barra Texas
/fighter/Roberto-Soldic-180781,Roberto Soldic,Robocop,Croatia,,"Jan 25, 1995","5'10""",185 lbs,UFD Gym
/fighter/Roberto-Traven-142,Roberto Traven,Spider,Brazil,Rio de Janeiro,"Sep 16, 1968","6'3""",227 lbs,Alliance Team
/fighter/Rocky-Lee-84854,Rocky Lee,,Taiwan,,"Apr 8, 1987","5'9""",145 lbs,Bali MMA
/fighter/Rodney-Wallace-33343,Rodney Wallace,Sho Nuff the Master,United States,"Bamberg, South Carolina","Nov 21, 1981","5'9""",205 lbs,Team R.O.C. Charlotte
/fighter/Rodolfo-Bellato-266457,Rodolfo Bellato,Trator,Brazil,"Sorocaba, Sao Paulo","Feb 5, 1996","6'3""",205 lbs,KO Squad MMA
/fighter/Rodolfo-Rubio-31897,Rodolfo Rubio,Fito,Mexico,Mexico City,"Jan 29, 1987","5'5""",135 lbs,Entram Gym
/fighter/Rodolfo-Vieira-137167,Rodolfo Vieira,The Black Belt Hunter,Brazil,"Rio de Janeiro, Rio de Janeiro","Sep 25, 1989","5'11""",185 lbs,Fusion X-Cel Performance
/fighter/Rodrigo-Damm-11507,Rodrigo Damm,,Brazil,"Sao Paulo, Sao Paulo","Feb 3, 1980","5'7""",145 lbs,Alliance Jiu-Jitsu
/fighter/Rodrigo-Goiana-de-Lima-81136,Rodrigo Goiana de Lima,Monstro,Brazil,"Macapa, Amapa","Mar 3, 1991","5'9""",170 lbs,Coalizao Fight Team
/fighter/Rodrigo-Nascimento-97975,Rodrigo Nascimento,Yogi Bear/Ze Colmeia,Brazil,"Belo Horizonte, Minas Gerais","Nov 26, 1992","6'4""",254 lbs,American Top Team
/fighter/Rodrigo-Ruas-1562,Rodrigo Ruas,,Brazil,,"Oct 6, 1977","5'10""",185 lbs,Ruas Vale Tudo
/fighter/Rodrigo-Sezinando-376658,Rodrigo Sezinando,,Brazil,"Rio de Janeiro, Rio de Janeiro",,,185 lbs,Nova Uniao
/fighter/Rodrigo-Vargas-71577,Rodrigo Vargas,Kazula,Mexico,Mexico City,"Aug 15, 1985","5'7""",155 lbs,Kazula Fight Camp
/fighter/Rodrigo-Vera-191425,Rodrigo Vera,El Gato Loco,Peru,Lima,"Oct 18, 1995","5'7""",145 lbs,Pitbull Martial Arts Center
/fighter/Roger-Bowling-23052,Roger Bowling,Relentless,United States,"Cincinnati, Ohio","Dec 5, 1982","5'8""",155 lbs,Team Vision
/fighter/Roger-Gracie-19854,Roger Gracie,,Brazil,Rio de Janeiro,"Sep 26, 1981","6'4""",186 lbs,Evolve MMA
/fighter/Roger-Hollett-15907,Roger Hollett,The Hulk,Canada,"Halifax, Nova Scotia","Oct 8, 1978","5'10""",205 lbs,Titans MMA
/fighter/Roger-Huerta-10089,Roger Huerta,El Matador,United States,"Austin, Texas","May 20, 1983","5'9""",155 lbs,Bali Fit Corner
/fighter/Roger-Narvaez-60454,Roger Narvaez,The Silverback,United States,"Corpus Christi, Texas","Sep 9, 1983","6'3""",185 lbs,Full Contact Fight Academy
/fighter/Roger-Zapata-81585,Roger Zapata,Viva,United States,"New York, New York","May 9, 1986","5'11""",170 lbs,Bruno Tostes BJJ
/fighter/Rogerio-Bontorin-132211,Rogerio Bontorin,,Brazil,"Adrianopolis, Parana","Apr 25, 1992","5'5""",135 lbs,Gile Ribeiro Team
/fighter/Roland-Delorme-37351,Roland Delorme,Stunning,Canada,"Winnipeg, Manitoba","Dec 18, 1983","5'9""",135 lbs,Winnipeg Academy of MMA
/fighter/Roland-Payne-42,Roland Payne,,United States,"Charlotte, North Carolina","Jul 16, 1964","5'9""",205 lbs,
/fighter/Rolando-Bedoya-178707,Rolando Bedoya,The Machine,Peru,Lima,"Jan 13, 1997","5'11""",155 lbs,Chute Boxe
/fighter/Rolando-Dy-87380,Rolando Dy,The Incredible,Philippines,Paranaque,"Aug 11, 1991","5'8""",155 lbs,Biagtan Muaythai MMA
/fighter/Roldan-Sangchaan-103497,Roldan Sangcha-an,The Executioner,Philippines,"Baguio, Cordillera Administrative Region","Dec 4, 1990","5'4""",125 lbs,Lakay MMA
/fighter/Roli-Delgado-3669,Roli Delgado,The Crazy Cuban,United States,"San Diego, California","Nov 22, 1981","6'3""",145 lbs,Westside Fight Team
/fighter/Rolles-Gracie-24217,Rolles Gracie,,Brazil,Rio de Janeiro,"Jul 14, 1978","6'4""",249 lbs,Renzo Gracie Jiu-Jitsu
/fighter/Roman-Bogatov-241395,Roman Bogatov,,Russia,Orenburg,"Dec 15, 1990","5'9""",155 lbs,Boets MMA
/fighter/Roman-Dolidze-240323,Roman Dolidze,The Caucasian,Georgia,"Batumi, Adjara","Jul 15, 1988","6'3""",206 lbs,Xtreme Couture
/fighter/Roman-Kopylov-232601,Roman Kopylov,,Russia,"Novosibirsk, Novosibirsk Oblast","May 4, 1992","6'0""",185 lbs,Raty Team
/fighter/Roman-Mitichyan-6525,Roman Mitichyan,,Armenia,"Vanadzor, Lori","Apr 9, 1978","5'10""",155 lbs,
/fighter/Roman-Salazar-24790,Roman Salazar,El Gallito,United States,"Scottsdale, Arizona","Feb 21, 1988","5'7""",135 lbs,Fight Ready
/fighter/Romie-Aram-85,Romie Aram,,United States,"Ontario, California","Dec 2, 1977","5'10""",170 lbs,Millennia MMA
/fighter/Ron-Faircloth-2290,Ron Faircloth,The Blunt Instrument,United States,"Stoughton, Wisconsin","Aug 16, 1971","5'9""",205 lbs,Chosen Few
/fighter/Ron-Stallings-11950,Ron Stallings,The Choir Boy,United States,"Temple Hills, Maryland","Feb 25, 1983","6'0""",185 lbs,Team Lloyd Irvin
/fighter/Ron-Waterman-217,Ron Waterman,H2O,United States,"Greeley, Colorado","Nov 23, 1965","6'2""",260 lbs,Colorado Stars
/fighter/Ron-van-Clief-49,Ron van Clief,Black Dragon,United States,"Brooklyn, New York","Jan 25, 1943","5'10""",190 lbs,
/fighter/Ronal-Siahaan-356923,Ronal Siahaan,Naga Sakti,Indonesia,"Pekanbaru, Riau","May 5, 1996","5'7""",126 lbs,BSA Martial Arts Center
/fighter/Ronald-Jhun-524,Ronald Jhun,Machine Gun,United States,"Honolulu, Hawaii","Sep 21, 1970","5'11""",170 lbs,808 Top Team
/fighter/Ronaldo-Rodriguez-266121,Ronaldo Rodriguez,Lazy Boy,Mexico,"Coatzacoalcos, Veracruz","May 7, 1999","5'7""",127 lbs,Prime Combat Academy
/fighter/Ronaldo-Souza-8394,Ronaldo Souza,Jacare,Brazil,"Manaus, Amazonas","Dec 7, 1979","6'1""",185 lbs,Fusion X-Cel Performance
/fighter/Ronda-Rousey-73073,Ronda Rousey,Rowdy,United States,"Santa Monica, California","Feb 1, 1987","5'6""",142 lbs,Team Hayastan
/fighter/Ronnie-Lawrence-102885,Ronnie Lawrence,The Heat,United States,"Murfreesboro, Tennessee","Jun 13, 1992","5'8""",135 lbs,MMA Science Academy
/fighter/Ronny-Markes-21175,Ronny Markes,,Brazil,"Natal, Rio Grande do Norte","Apr 21, 1988","6'1""",245 lbs,Nova Uniao RM
/fighter/Rony-Mariano-Bezerra-38190,Rony Mariano Bezerra,Jason,Brazil,"Quixada, Ceara","Mar 21, 1984","5'7""",145 lbs,Pitbull Brothers
/fighter/Ronys-Torres-20447,Ronys Torres,,Brazil,"Manacapuru, Amazonas","Aug 13, 1986","5'8""",155 lbs,Nova Uniao
/fighter/Roosevelt-Roberts-191653,Roosevelt Roberts,The Predator,United States,"Lathrop, California","Feb 11, 1994","6'1""",155 lbs,Kill Cliff FC
/fighter/Roque-Martinez-22115,Roque Martinez,Champ,Guam,Tamuning,"Mar 4, 1986","5'10""",186 lbs,Spike 22
/fighter/Rory-MacDonald-14018,Rory MacDonald,Red King,Canada,"Kelowna, British Columbia","Jul 22, 1989","6'0""",170 lbs,Tristar Gym
/fighter/Rory-Markham-10768,Rory Markham,,United States,"Bettendorf, Iowa","Mar 25, 1982","6'0""",177 lbs,Miletich Martial Arts
/fighter/Rory-Singer-3525,Rory Singer,Outburst,United States,"Athens, Georgia","May 28, 1976","6'2""",185 lbs,Hardcore Gym
/fighter/Rose-Namajunas-69083,Rose Namajunas,Thug,United States,"Milwaukee, Wisconsin","Jun 29, 1992","5'5""",125 lbs,Genesis Training Academy
/fighter/Rosi-Sexton-5358,Rosi Sexton,The Surgeon,England,"Manchester, Greater Manchester","Jul 16, 1977","5'3""",125 lbs,Next Generation MMA Liverpool
/fighter/Ross-Pearson-11884,Ross Pearson,The Real Deal,England,"Sunderland, Tyne and Wear","Sep 26, 1984","5'8""",155 lbs,Central Coast MMA
/fighter/Ross-Pointon-6541,Ross Pointon,The Gladiator,England,"Stoke-on-Trent, Staffordshire","Feb 18, 1978","5'8""",170 lbs,
/fighter/Rostem-Akman-175303,Rostem Akman,Kurdimus Prime,Sweden,Stockholm,"Dec 19, 1991","6'0""",170 lbs,Fightzone Stockholm
/fighter/Rousimar-Palhares-16286,Rousimar Palhares,Toquinho,Brazil,"Dores do Indaia, Minas Gerais","Feb 20, 1980","5'8""",170 lbs,Team Nogueira
/fighter/Roxanne-Modafferi-8785,Roxanne Modafferi,The Happy Warrior,United States,"Las Vegas, Nevada","Sep 24, 1982","5'6""",125 lbs,Syndicate MMA
/fighter/Roy-Nelson-10249,Roy Nelson,Big Country,United States,"Las Vegas, Nevada","Jun 20, 1976","6'0""",249 lbs,Country Club
/fighter/Royce-Alger-163,Royce Alger,,United States,"Iowa City, Iowa","Mar 6, 1965","5'10""",205 lbs,Hammer House
/fighter/Royce-Gracie-19,Royce Gracie,,Brazil,Rio de Janeiro,"Dec 12, 1966","6'0""",176 lbs,Gracie Humaita
/fighter/Royston-Wee-88793,Royston Wee,,Singapore,,"Nov 15, 1986","5'7""",137 lbs,Impact MMA Singapore
/fighter/Ruan-Potts-75842,Ruan Potts,Fangzz,South Africa,"Cape Town, Western Cape","Feb 23, 1978","6'2""",251 lbs,Mark Robinson MMA
/fighter/Rudyard-Moncayo-114,Rudyard Moncayo,,United States,"Santa Ana, California","May 17, 1973","5'10""",205 lbs,
/fighter/Ruel-Panales-391414,Ruel Panales,Bagsik,Philippines,"Dasmarinas, Cavite","Dec 7, 1996","5'5""",135 lbs,DyIncredible FFC
/fighter/Rui-Imura-364819,Rui Imura,,Japan,"Fussa, Tokyo","Mar 24, 1999","5'10""",135 lbs,Alma Fight Gym Pugnus
/fighter/Ruslan-Magomedov-74434,Ruslan Magomedov,Leopard,Russia,Dagestan,"Nov 26, 1986","6'3""",249 lbs,Fight Club Berkut
/fighter/Russell-Doane-30054,Russell Doane,,United States,"Waianae, Hawaii","Aug 13, 1986","5'6""",135 lbs,Hawaii Elite MMA
/fighter/Rustam-Khabilov-45417,Rustam Khabilov,Tiger,Russia,"Makhachkala, Dagestan","Nov 4, 1986","5'8""",170 lbs,Jackson-Wink MMA
/fighter/Ryan-Bader-22858,Ryan Bader,Darth,United States,"Tempe, Arizona","Jun 7, 1983","6'2""",232 lbs,Power MMA Team
/fighter/Ryan-Benoit-48566,Ryan Benoit,Baby Face,United States,"Dallas, Texas","Aug 25, 1989","5'5""",125 lbs,Janjira Muay Thai
/fighter/Ryan-Couture-51228,Ryan Couture,,United States,"Las Vegas, Nevada","Aug 27, 1982","5'10""",156 lbs,Xtreme Couture
/fighter/Ryan-Gandra-404139,Ryan Gandra,Problema,Brazil,"Belo Horizonte, Minas Gerais","May 8, 1995","6'1""",185 lbs,Flavio Baiano Team
/fighter/Ryan-Hall-15962,Ryan Hall,The Wizard,United States,"Falls Church, Virginia","Feb 22, 1985","5'10""",145 lbs,50-50 BJJ
/fighter/Ryan-Janes-40126,Ryan Janes,,Canada,"Victoria, British Columbia","Aug 22, 1981","6'3""",185 lbs,Zugec Ultimate Martial Arts
/fighter/Ryan-Jensen-662,Ryan Jensen,,United States,"Omaha, Nebraska","Sep 20, 1977","5'10""",175 lbs,Jackson-Wink MMA
/fighter/Ryan-Jimmo-21044,Ryan Jimmo,The Big Deal,Canada,"Halifax, Nova Scotia","Nov 27, 1981","6'2""",205 lbs,Power MMA Team
/fighter/Ryan-Kuse-126039,Ryan Kuse,Third Street Savage,United States,"Miami, Florida","Jun 24, 1994","5'9""",145 lbs,The Goat Shed Academy
/fighter/Ryan-LaFlare-34409,Ryan LaFlare,,United States,"Lindenhurst, New York","Oct 1, 1983","6'1""",170 lbs,Long Island MMA
/fighter/Ryan-Loder-385318,Ryan Loder,The Man of Steel,United States,"Roseville, California","Jun 5, 1991","6'2""",185 lbs,Apex Wrestling Academy
/fighter/Ryan-MacDonald-116955,Ryan MacDonald,Main Event,United States,"North Platte, Nebraska","Mar 18, 1993","5'11""",135 lbs,Disorderly Conduct
/fighter/Ryan-Madigan-16551,Ryan Madigan,The Lion,United States,"Cuyahoga Falls, Ohio",,"6'0""",170 lbs,Jungle Fight Team
/fighter/Ryan-McGillivray-18533,Ryan McGillivray,The Kid,Canada,"Edmonton, Alberta","Sep 27, 1986","5'11""",170 lbs,Jackson-Wink MMA
/fighter/Ryan-Parker-119,Ryan Parker,,United States,"Moorehead, Minnesota",,"6'3""",235 lbs,
/fighter/Ryan-Roberts-19761,Ryan Roberts,Are You Ready?,United States,"Omaha, Nebraska","Jul 16, 1978","5'6""",145 lbs,Disorderly Conduct
/fighter/Ryan-Spann-68057,Ryan Spann,Superman,United States,"Beaumont, Texas","Aug 24, 1991","6'5""",255 lbs,Fortis MMA
/fighter/Ryan-Thomas-20224,Ryan Thomas,The Tank Engine,United States,"Danville, Illinois","Nov 5, 1984","6'0""",170 lbs,American Top Team
/fighter/Ryo-Chonan-1831,Ryo Chonan,Piranha,Japan,"Tsuruoka, Yamagata","Oct 8, 1976","5'9""",169 lbs,Tribe Tokyo MMA
/fighter/Ryo-Tajima-386537,Ryo Tajima,,Japan,"Kumagaya, Saitama","Aug 14, 1999","5'9""",136 lbs,Oota Dojo
/fighter/Ryoga-Arimoto-405923,Ryoga Arimoto,,Japan,"Kobe, Hyogo","Dec 7, 1998","5'3""",126 lbs,Gonz Gym
/fighter/Ryuho-Miyaguchi-420440,Ryuho Miyaguchi,,Japan,"Karatsu, Saga","Jan 27, 1998","5'10""",135 lbs,Cobra Kai MMA Dojo
/fighter/Sabah-Homasi-47068,Sabah Homasi,The Sleek Sheik,United States,"East Brunswick, New Jersey","Oct 19, 1988","6'0""",170 lbs,American Top Team
/fighter/Sabina-Mazo-190501,Sabina Mazo,Colombian Queen,Colombia,"Medellin, Antioquia","Mar 25, 1997","5'7""",125 lbs,Teixeira MMA & Fitness
/fighter/Saeed-Hosseini-160,Saeed Hosseini,,Iran,,,"6'4""",265 lbs,
/fighter/Sage-Northcutt-130911,Sage Northcutt,Super,United States,"Katy, Texas","Mar 1, 1996","6'0""",170 lbs,Team Alpha Male
/fighter/Sai-Wang-47118,Sai Wang,The Fire Kylin,China,Beijing,"Jan 16, 1986","6'0""",185 lbs,AKA Thailand
/fighter/Said-Nurmagomedov-103961,Said Nurmagomedov,,Russia,"Makhachkala, Dagestan","Apr 5, 1992","5'8""",135 lbs,Fight Club Akhmat
/fighter/Saidyokub-Kakhramonov-274077,Saidyokub Kakhramonov,,United States,"Chicago, Illinois","Nov 14, 1995","5'7""",135 lbs,Warriors Camp
/fighter/Saimon-Oliveira-156991,Saimon Oliveira,,Brazil,"Urussanga, Santa Catarina","Apr 21, 1991","5'8""",144 lbs,Astra Fight Team
/fighter/Sako-Chivitchyan-6527,Sako Chivitchyan,The Chainsaw,United States,"Glendale, California","Mar 11, 1984",,156 lbs,Team Hayastan
/fighter/Salahdine-Parnasse-172169,Salahdine Parnasse,Lion of Atlas,France,Aubervilliers,"Dec 4, 1997","5'8""",155 lbs,Atch Academy
/fighter/Salim-Touahri-73527,Salim Touahri,Grizzly,Poland,Cracow,"Sep 28, 1989","5'10""",170 lbs,Grappling Krakow
/fighter/Sam-Adkins-122,Sam Adkins,The Experience,United States,"Houston, Texas","Apr 26, 1965","6'3""",225 lbs,
/fighter/Sam-Alvey-35410,Sam Alvey,Smile'n,United States,"Waterford, Wisconsin","May 6, 1986","6'2""",185 lbs,Team Quest
/fighter/Sam-Fulton-141,Sam Fulton,,United States,"Athens, Alabama",,"6'2""",250 lbs,
/fighter/Sam-Hoger-6445,Sam Hoger,Alaskan Assassin,United States,"Eagle River, Alaska","Jun 28, 1980","6'2""",205 lbs,Miletich Martial Arts
/fighter/Sam-Hughes-231521,Sam Hughes,Sampage,United States,"Davenport, Iowa","Jun 28, 1992","5'5""",115 lbs,Fortis MMA
/fighter/Sam-Morgan-3139,Sam Morgan,The Squeeze,United States,"Minneapolis, Minnesota","Sep 28, 1981","5'10""",165 lbs,Team Bison
/fighter/Sam-Patterson-141735,Sam Patterson,The Future,England,Watford,"Apr 30, 1996","6'4""",170 lbs,Team Crossface
/fighter/Sam-Sicilia-53205,Sam Sicilia,,United States,"Spokane, Washington","Feb 1, 1986","5'8""",145 lbs,Sikjitsu
/fighter/Sam-Stout-9901,Sam Stout,Hands of Stone,Canada,"London, Ontario","Apr 23, 1984","5'9""",155 lbs,Team Tompkins
/fighter/Samandar-Murodov-307287,Samandar Murodov,,Tajikistan,Dushanbe,"Aug 28, 1999","6'1""",170 lbs,Fight Club Akhmat Tajikistan
/fighter/Samy-Schiavo-4038,Samy Schiavo,The Dog,France,"Avignon, Provence-Alpes-Cote d'Azur","Dec 24, 1975","5'7""",135 lbs,Bushido Academie
/fighter/Sanae-Kikuta-252,Sanae Kikuta,,Japan,"Nerima, Tokyo","Sep 10, 1971","5'9""",200 lbs,Grabaka
/fighter/Sang-Hoon-Yoo-246531,Sang Hoon Yoo,The Korean Assassin,South Korea,Busan,"Jan 18, 1990","6'0""",171 lbs,Busan Team MAD
/fighter/Sang-Won-Kim-258415,Sang Won Kim,No Problem,South Korea,Seoul,"Sep 1, 1993","5'9""",145 lbs,Korean Top Team
/fighter/Sang-Wook-Kim-361209,Sang Wook Kim,Frogman,South Korea,Seoul,"Oct 17, 1993","6'0""",171 lbs,Havas MMA
/fighter/Santiago-Luna-411838,Santiago Luna,Border Boy,Mexico,"Tijuana, Baja California","Aug 6, 2004","5'8""",135 lbs,Entram Gym
/fighter/Santiago-Ponzinibbio-64593,Santiago Ponzinibbio,Argentine Dagger,Argentina,"La Plata, Buenos Aires","Sep 26, 1986","6'0""",170 lbs,American Top Team
/fighter/Saparbek-Safarov-76834,Saparbek Safarov,,Russia,"Makhachkala, Dagestan","Oct 14, 1986","6'1""",205 lbs,Legion Fight Team
/fighter/Sara-McMann-67094,Sara McMann,,United States,"Gaffney, South Carolina","Sep 24, 1980","5'5""",145 lbs,Team Alpha Male
/fighter/Sarah-Alpar-82261,Sarah Alpar,Too Sweet,United States,"Amarillo, Texas","Jun 1, 1991","5'4""",125 lbs,American Elite MMA
/fighter/Sarah-Frota-222541,Sarah Frota,A Treta,Brazil,"Brasilia, Federal District","Apr 14, 1987","5'6""",115 lbs,Astra Fight Team
/fighter/Sarah-Kaufman-16524,Sarah Kaufman,,Canada,"Victoria, British Columbia","Sep 20, 1985","5'5""",135 lbs,Zugec Ultimate Martial Arts
/fighter/Sarah-Moras-61600,Sarah Moras,Cheesecake,Canada,"Kelowna, British Columbia","Apr 30, 1988","5'7""",135 lbs,Toshido Mixed Martial Arts
/fighter/Sasha-Palatnikov-200413,Sasha Palatnikov,,Hong Kong,,"Mar 15, 1989","6'0""",170 lbs,Warrior Academy
/fighter/Satoshi-Honma-251,Satoshi Honma,,Japan,"Sado, Niigata","May 19, 1968","6'0""",204 lbs,
/fighter/Saygid-Izagakhmaev-127299,Saygid Izagakhmaev,,Russia,"Makhachkala, Dagestan","Sep 3, 1994","6'0""",170 lbs,Abdulmanap Nurmagomedov School
/fighter/Scott-Adams-241,Scott Adams,,United States,"San Luis Obispo, California","Jul 16, 1974","6'0""",225 lbs,The Pit
/fighter/Scott-Askham-40518,Scott Askham,,England,"Doncaster, South Yorkshire","May 20, 1988","6'3""",184 lbs,American Top Team
/fighter/Scott-Baker-34,Scott Baker,,United States,Utah,,"6'0""",210 lbs,
/fighter/Scott-Bessac-121,Scott Bessac,,United States,"Lodi, California","Oct 5, 1965","6'4""",259 lbs,Lion's Den
/fighter/Scott-Ferrozzo-128,Scott Ferrozzo,The Pit Bull,United States,"Shakopee, Minnesota","Apr 26, 1965","5'11""",323 lbs,
/fighter/Scott-Fiedler-138,Scott Fiedler,,United States,"Pacific, Missouri",,"6'4""",235 lbs,
/fighter/Scott-Holtzman-78210,Scott Holtzman,Hot Sauce,United States,"Knoxville, Tennessee","Sep 30, 1983","5'9""",155 lbs,Shield Systems
/fighter/Scott-Jorgensen-16852,Scott Jorgensen,Young Guns,United States,"Boise, Idaho","Sep 17, 1982","5'5""",135 lbs,Twisted Genetiks
/fighter/Scott-Junk-12943,Scott Junk,Punk Haole,United States,"Kailua, Hawaii","Dec 17, 1978","6'1""",265 lbs,MMA Development
/fighter/Scott-Morris-24,Scott Morris,,United States,"Arlington, Texas",,"6'0""",210 lbs,
/fighter/Scott-Smith-2578,Scott Smith,Hands of Steel,United States,"Elk Grove, California","May 21, 1979","6'0""",185 lbs,Capital City Fighting Alliance
/fighter/Sean-Alvarez-1964,Sean Alvarez,,USA,New York,"Jul 14, 1971","6'0""",235 lbs,Renzo Gracie Jiu-Jitsu
/fighter/Sean-Brady-126971,Sean Brady,,United States,"Philadelphia, Pennsylvania","Nov 23, 1992","5'9""",170 lbs,Renzo Gracie Philly
/fighter/Sean-Daugherty-25,Sean Daugherty,,United States,"Akron, Ohio","Dec 4, 1975","5'10""",190 lbs,
/fighter/Sean-Gannon-11962,Sean Gannon,The Cannon,United States,"Boston, Massachusetts",,"6'3""",265 lbs,Peter Welch's Gym
/fighter/Sean-King-423706,Sean King,The King of New Orleans,United States,"New Orleans, Louisiana","Oct 17, 2003","6'0""",146 lbs,Mid City MMA
/fighter/Sean-McCorkle-19640,Sean McCorkle,Big Sexy,United States,"Indianapolis, Indiana","Jul 17, 1976","6'7""",312 lbs,Team James Clingerman
/fighter/Sean-OConnell-33156,Sean O'Connell,The Real OC,United States,"Salt Lake City, Utah","Sep 2, 1983","6'1""",205 lbs,
/fighter/Sean-OMalley-135099,Sean O'Malley,Suga,United States,"Helena, Montana","Oct 24, 1994","5'11""",135 lbs,Red Hawk Academy
/fighter/Sean-Pierson-573,Sean Pierson,The Punisher,Canada,"Toronto, Ontario","Mar 10, 1976","6'1""",170 lbs,Tap Star
/fighter/Sean-Salmon-14515,Sean Salmon,,United States,"Columbus, Ohio","Nov 9, 1977","5'10""",205 lbs,
/fighter/Sean-Sharaf-344701,Sean Sharaf,The Smoke,United States,"Santa Ana, California","Jul 11, 1993","6'2""",251 lbs,Xtreme Couture
/fighter/Sean-Sherk-277,Sean Sherk,The Muscle Shark,United States,"Minneapolis, Minnesota","Aug 5, 1973","5'6""",155 lbs,The Academy MN
/fighter/Sean-Soriano-61682,Sean Soriano,,United States,"Providence, Rhode Island","Oct 6, 1989","5'9""",145 lbs,Kill Cliff FC
/fighter/Sean-Spencer-60908,Sean Spencer,Jesus is Lord,United States,"Bluefield, Virginia","Jun 25, 1987","5'10""",170 lbs,Fortis MMA
/fighter/Sean-Strickland-30452,Sean Strickland,,United States,"Anaheim, California","Feb 27, 1991","6'1""",185 lbs,Xtreme Couture
/fighter/Sean-Woodson-235563,Sean Woodson,The Sniper,United States,"St. Louis, Missouri","Jun 7, 1992","6'2""",145 lbs,Wolves' Den Training Center
/fighter/Sebastian-Szalay-317671,Sebastian Szalay,Seb,Australia,"Perth, Western Australia","Feb 3, 1994","5'7""",145 lbs,Freestyle MMA
/fighter/Sedriques-Dumas-288537,Sedriques Dumas,The Reaper,United States,"Pensacola, Florida","Aug 6, 1995","6'3""",185 lbs,Team Remedy BJJ & MMA
/fighter/Semmy-Schilt-467,Semmy Schilt,Hightower,Netherlands,"Zuidlaren, Drenthe","Oct 27, 1973","6'11""",256 lbs,Golden Glory
/fighter/Seo-Hee-Ham-21246,Seo Hee Ham,Hamzzang,South Korea,Busan,"Mar 8, 1987","5'2""",114 lbs,Busan Team MAD
/fighter/Seok-Hyeon-Ko-275977,Seok Hyeon Ko,The Korean Tyson,South Korea,Busan,"Sep 24, 1993","5'10""",170 lbs,Havas MMA
/fighter/Seong-Chan-Hong-114337,Seong Chan Hong,Honey Badger,South Korea,Seoul,"Nov 28, 1989","5'7""",154 lbs,Korean Top Team
/fighter/Sergei-Pavlovich-184051,Sergei Pavlovich,,Russia,"Rostov-on-Don, Rostov Oblast","May 13, 1992","6'3""",257 lbs,Eagles MMA
/fighter/Sergey-Khandozhko-91889,Sergey Khandozhko,Honda,Russia,Moscow,"May 19, 1992","6'1""",170 lbs,Industrials
/fighter/Sergey-Morozov-89693,Sergey Morozov,,Kazakhstan,Aktobe,"Jun 14, 1989","5'6""",135 lbs,American Top Team
/fighter/Serghei-Spivac-179095,Serghei Spivac,The Polar Bear,Moldova,Chisinau,"Jan 24, 1995","6'3""",257 lbs,Polar Bear Team
/fighter/Sergio-Moraes-21343,Sergio Moraes,The Panther,Brazil,"Sao Paulo, Sao Paulo","Jul 23, 1982","6'0""",170 lbs,Brazilian TKO
/fighter/Sergio-Pettis-50987,Sergio Pettis,The Phenom,United States,"Milwaukee, Wisconsin","Aug 18, 1993","5'6""",134 lbs,Roufusport
/fighter/Serhiy-Sidey-220713,Serhiy Sidey,,Canada,"Burlington, Ontario","Jul 4, 1996","5'10""",135 lbs,Burlington Training Centre
/fighter/Seth-Baczynski-13827,Seth Baczynski,The Polish Pistola,United States,"Apache Junction, Arizona","Oct 26, 1981","6'3""",185 lbs,Power MMA Team
/fighter/Seth-Petruzelli-2738,Seth Petruzelli,The Silverback,United States,"Fort Myers, Florida","Dec 3, 1979","6'0""",205 lbs,The Jungle MMA & Fitness
/fighter/Seung-Guk-Choi-286125,Seung Guk Choi,,South Korea,Seoul,"Dec 26, 1996","5'7""",125 lbs,Korean Zombie MMA
/fighter/Seung-Woo-Choi-205299,Seung Woo Choi,Sting,South Korea,Seoul,"Nov 3, 1992","5'11""",145 lbs,MOB Training Center
/fighter/Shamar-Bailey-20744,Shamar Bailey,The Watchman,United States,"Indianapolis, Indiana","Sep 22, 1982","5'8""",170 lbs,Sparta Indy
/fighter/Shamil-Abdurakhimov-26808,Shamil Abdurakhimov,Abrek,Russia,"Makhachkala, Dagestan","Sep 2, 1981","6'3""",263 lbs,Peresvet Fight Team
/fighter/Shamil-Gamzatov-136875,Shamil Gamzatov,Umar,Russia,"Makhachkala, Dagestan","Aug 9, 1990","6'2""",205 lbs,Russian Top Team
/fighter/Shamil-Gaziev-313721,Shamil Gaziev,,Bahrain,Manama,"Feb 10, 1990","6'3""",261 lbs,KHK MMA
/fighter/Shana-Dobson-222841,Shana Dobson,Danger,United States,"Arlington, Texas","Mar 30, 1989","5'6""",125 lbs,Elevation Fight Team
/fighter/Shane-Burgos-76052,Shane Burgos,Hurricane,United States,"Woodbury, New York","Mar 19, 1991","5'11""",155 lbs,Team Tiger Schulmann
/fighter/Shane-Campbell-34625,Shane Campbell,Shaolin,Canada,"Edmonton, Alberta","Jan 21, 1987","6'0""",155 lbs,Shaolin Muay Thai
/fighter/Shane-Carwin-14013,Shane Carwin,,United States,"Greeley, Colorado","Jan 4, 1975","6'2""",254 lbs,Grudge Training Center
/fighter/Shane-Collins-319747,Shane Collins,,United States,"Los Angeles, California","Mar 8, 2000","5'10""",145 lbs,
/fighter/Shane-Howell-20906,Shane Howell,,United States,"Norman, Oklahoma","Nov 28, 1983","5'8""",125 lbs,R-1 MMA
/fighter/Shane-Nelson-11262,Shane Nelson,Sugar,United States,"Honolulu, Hawaii","Nov 30, 1983","5'9""",145 lbs,BJ Penn's MMA
/fighter/Shane-Primm-18304,Shane Primm,,United States,"Tampa, Florida","Jul 30, 1984","6'4""",185 lbs,Gracie Tampa
/fighter/Shane-Roller-24540,Shane Roller,,United States,"Bixby, Oklahoma","Jul 14, 1979","5'10""",155 lbs,Team Takedown
/fighter/Shane-Young-84215,Shane Young,Smokin',New Zealand,Auckland,"Jul 31, 1993","5'8""",150 lbs,City Kickboxing
/fighter/Shane-del-Rosario-17393,Shane del Rosario,,United States,"Irvine, California","Sep 23, 1983","6'3""",246 lbs,Team Oyama
/fighter/Shanelle-Dyer-333733,Shanelle Dyer,The Nightmare,England,"London, Greater London","Apr 23, 2001","5'6""",116 lbs,Great Britain Top Team
/fighter/Shanna-Young-126277,Shanna Young,The Shanimal,United States,"Ferrum, Virginia","Feb 20, 1991","5'7""",128 lbs,Syndicate MMA
/fighter/Shannon-Gugerty-11001,Shannon Gugerty,,United States,"San Diego, California","Dec 30, 1981","5'10""",145 lbs,Victory MMA
/fighter/Shannon-Ross-65792,Shannon Ross,The Turkish Delight,Australia,"Tugun, Queensland","May 12, 1989","5'6""",125 lbs,Platinum Boxing Club
/fighter/Shaqueme-Rock-273205,Shaqueme Rock,Shem,England,"Liverpool, Merseyside","Nov 5, 1993","6'0""",155 lbs,Monarchy MMA
/fighter/Sharabutdin-Magomedov-309711,Sharabutdin Magomedov,Shara Bullet,Russia,Dagestan,"May 16, 1994","6'2""",186 lbs,GOR MMA
/fighter/Shaun-Etchell-118765,Shaun Etchell,The Buzzsaw,Australia,"Launceston, Tasmania","Aug 5, 1993","5'7""",125 lbs,Launceston Boxing & MMA Club
/fighter/Shauna-Bannon-315165,Shauna Bannon,Mama B,Ireland,Dublin,"Oct 23, 1993","5'5""",115 lbs,Holohan Martial Arts
/fighter/Shavkat-Rakhmonov-179185,Shavkat Rakhmonov,Nomad,Kazakhstan,Karaganda,"Oct 23, 1994","6'1""",170 lbs,Kazakhstan Top Team
/fighter/Shawn-Jordan-45624,Shawn Jordan,The Savage,United States,"Baton Rouge, Louisiana","Oct 21, 1984","6'0""",265 lbs,American Top Team
/fighter/Shayna-Baszler-12116,Shayna Baszler,The Queen of Spades,United States,"Sioux Falls, South Dakota","Aug 8, 1980","5'7""",153 lbs,UWF USA
/fighter/Sheila-Gaff-43445,Sheila Gaff,The German Tank,Germany,Offenbach,"Dec 29, 1989","5'5""",125 lbs,Pyranha MMA Offenbach
/fighter/Sheldon-Westcott-23648,Sheldon Westcott,,Canada,"St. Albert, Alberta","Aug 20, 1984","6'1""",170 lbs,Complete Fitness and Martial Arts
/fighter/Sherman-Pendergarst-12854,Sherman Pendergarst,The Tank,United States,"Baltimore, Maryland","Feb 1, 1967","6'1""",205 lbs,Miletich Fighting Systems
/fighter/Sheymon-Moraes-93951,Sheymon Moraes,,Brazil,"Sao Goncalo, Rio de Janeiro","Oct 11, 1990","5'8""",145 lbs,Black House
/fighter/Shin-Haraguchi-393466,Shin Haraguchi,,Japan,"Kanoya, Kagoshima","Nov 27, 1998","5'6""",145 lbs,Brave
/fighter/Shinsho-Anzai-47183,Shinsho Anzai,Animal,Japan,"Ogose, Saitama","Dec 1, 1985","5'8""",170 lbs,Team Climb
/fighter/Shogo-Sato-427568,Shogo Sato,Tora,Japan,Tokyo,"Jun 8, 1993","5'7""",170 lbs,United Gym Tokyo
/fighter/Shohei-Nose-287017,Shohei Nose,,Japan,"Nogata, Fukuoka","Oct 19, 1997","5'6""",135 lbs,Master Japan Fukuoka
/fighter/Shonie-Carter-239,Shonie Carter,Mr. International,United States,"Chicago, Illinois","May 3, 1972","5'9""",176 lbs,Iron Academy
/fighter/Shuai-Yin-251777,Shuai Yin,Black Panther,China,"Jiangmen, Guangdong","Jan 1, 1997","5'5""",125 lbs,Longlin Fight Club
/fighter/Shunichi-Shimizu-22677,Shunichi Shimizu,Rolling Star,Japan,"Meguro, Tokyo","Jan 31, 1985","5'6""",145 lbs,Polar Gym Osaka
/fighter/Shuya-Kamikubo-176663,Shuya Kamikubo,Stealth,Japan,"Yokohama, Kanagawa","Apr 12, 1993","5'5""",135 lbs,Tri.H Studio
/fighter/Sijara-Eubanks-193533,Sijara Eubanks,SarJ,United States,"Brick, New Jersey","Apr 27, 1985","5'4""",128 lbs,Mark Henry Boxing
/fighter/Silvana-Gomez-Juarez-69518,Silvana Gomez Juarez,La Malvada,Argentina,"San Miguel de Tucuman, Tucuman","Dec 6, 1984","5'3""",115 lbs,Entram Gym
/fighter/Sim-Kai-Xiong-185977,Sim Kai Xiong,Kobra,Singapore,,"Sep 6, 1997","5'6""",135 lbs,Team Highlight Reel
/fighter/Simeon-Thoresen-19977,Simeon Thoresen,The Grin,Norway,Oslo,"Mar 14, 1984","6'1""",170 lbs,Frontline Academy
/fighter/Sione-Latu-9977,Sione Latu,,United States,,,"6'0""",214 lbs,
/fighter/Sirwan-Kakai-21446,Sirwan Kakai,Zohan,Sweden,Gothenburg,"Oct 3, 1989","5'6""",135 lbs,GBG MMA
/fighter/Siyar-Bahadurzada-5453,Siyar Bahadurzada,The Great,Afghanistan,Kabul,"Apr 17, 1984","5'11""",170 lbs,Jackson-Wink MMA
/fighter/Soa-Palelei-9680,Soa Palelei,The Hulk,Australia,"Perth, Western Australia","Jul 12, 1977","6'4""",265 lbs,AKA Thailand
/fighter/Sodiq-Yusuff-152359,Sodiq Yusuff,Super,United States,"Camp Springs, Maryland","May 19, 1993","5'9""",155 lbs,Team Lloyd Irvin
/fighter/Sofia-Montenegro-392313,Sofia Montenegro,La Bruja,Argentina,Cordoba,"Jun 18, 1999","5'5""",115 lbs,Alfa Team
/fighter/Solomon-Hutcherson-5342,Solomon Hutcherson,King,United States,"Racine, Wisconsin","Aug 13, 1972","5'11""",185 lbs,
/fighter/Spencer-Fisher-5118,Spencer Fisher,The King,United States,"Davenport, Iowa","May 9, 1976","5'7""",155 lbs,
/fighter/Spike-Carlyle-188775,Spike Carlyle,The Alpha Ginger,United States,"San Diego, California","May 6, 1993","5'8""",170 lbs,Kings MMA
/fighter/Stanislav-Nedkov-27115,Stanislav Nedkov,,Bulgaria,Veliko Tarnovo,"Sep 12, 1981","5'11""",203 lbs,Bushido Bulgaria
/fighter/Stanley-Dorsainvil-371512,Stanley Dorsainvil,The Drill,United States,"Palm Beach, Florida","May 12, 2000","5'10""",156 lbs,Combat Club
/fighter/Stefan-Sekulic-151125,Stefan Sekulic,,Serbia,"Novi Sad, Vojvodina","Feb 12, 1992","6'1""",170 lbs,Family Fight Team
/fighter/Stefan-Struve-15063,Stefan Struve,Skyscraper,Netherlands,"Beverwijk, North Holland","Feb 18, 1988","7'0""",265 lbs,Team Schrijber
/fighter/Stephan-Bonnar-3014,Stephan Bonnar,The American Psycho,United States,"Hammond, Indiana","Apr 4, 1977","6'3""",205 lbs,One Kick's Gym
/fighter/Stephanie-Egger-206859,Stephanie Egger,,Switzerland,St. Gallen,"Aug 12, 1988","5'7""",135 lbs,Buddy Gym
/fighter/Stephanie-Luciano-265743,Stephanie Luciano,Rondinha,Brazil,"Belo Horizonte, Minas Gerais","Dec 16, 1999","5'6""",115 lbs,Gordin Fight Team
/fighter/Stephen-Bass-28788,Stephen Bass,Bigfish,United States,"Shreveport, Louisiana","Nov 14, 1982","5'9""",145 lbs,Mad House Gym
/fighter/Stephen-Thompson-59608,Stephen Thompson,Wonderboy,United States,"Simpsonville, South Carolina","Feb 11, 1983","6'0""",170 lbs,Upstate Karate
/fighter/Steve-Berger-1303,Steve Berger,The Red Nose Pitbull,United States,"St. Louis, Missouri","May 20, 1973","5'10""",170 lbs,Berger MMA
/fighter/Steve-Bosse-22732,Steve Bosse,The Boss,Canada,"Montreal, Quebec","Jul 29, 1981","5'11""",202 lbs,Tristar Gym
/fighter/Steve-Bruno-4367,Steve Bruno,Hollywood,United States,"Pompano Beach, Florida","Nov 3, 1981","5'10""",174 lbs,American Top Team
/fighter/Steve-Byrnes-12079,Steve Byrnes,,United States,"Haleiwa, Hawaii","Aug 26, 1979",,185 lbs,MMA Development
/fighter/Steve-Cantwell-12785,Steve Cantwell,The Robot,United States,"Pahrump, Nevada","Dec 8, 1986","6'2""",185 lbs,One Kick's Gym
/fighter/Steve-Erceg-228813,Steve Erceg,Astro Boy,Australia,"Myaree, Western Australia","Jul 27, 1995","5'8""",125 lbs,Wilkes Martial Arts
/fighter/Steve-Garcia-50916,Steve Garcia,Mean Machine,United States,"Rio Rancho, New Mexico","May 22, 1992","6'0""",145 lbs,Jackson-Wink MMA
/fighter/Steve-Jennum-44,Steve Jennum,Ninja Cop,United States,"Omaha, Nebraska","Sep 23, 1963","5'10""",215 lbs,
/fighter/Steve-Judson-233,Steve Judson,,United States,"Phoenix, Arizona",,"6'1""",220 lbs,
/fighter/Steve-Kennedy-31092,Steve Kennedy,The Steamrolla,Australia,"Perth, Western Australia","Mar 7, 1983","6'0""",170 lbs,Kickass MMA
/fighter/Steve-Lopez-29129,Steve Lopez,,United States,"South Bend, Indiana","Jul 30, 1984","5'11""",155 lbs,Syndicate MMA
/fighter/Steve-Montgomery-49092,Steve Montgomery,The Creepy Weasel,United States,"Boca Raton, Florida","Dec 19, 1990","6'4""",185 lbs,American Top Team
/fighter/Steve-Nelmark-147,Steve Nelmark,The Sandman,United States,"Livonia, Michigan",,"6'0""",250 lbs,
/fighter/Steve-Steinbeiss-21627,Steve Steinbeiss,The Hooligan,United States,"Phoenix, Arizona","May 5, 1981","6'3""",186 lbs,Power MMA Team
/fighter/Steve-Vigneault-900,Steve Vigneault,Lion Heart,Canada,"Iles de la Madeleine, Quebec","Feb 14, 1978","5'10""",169 lbs,Tristar Gym
/fighter/Steven-Asplund-407940,Steven Asplund,Concrete,United States,"Minneapolis, Minnesota","Jul 16, 1998","6'5""",264 lbs,McCune's Martial Arts
/fighter/Steven-Graham-164,Steven Graham,,United States,"Fayetteville, North Carolina",,"6'1""",290 lbs,
/fighter/Steven-Koslow-325213,Steven Koslow,Obi Wan Shinobi The Pillow,United States,"Jacksonville, Florida","Jan 22, 1997","5'7""",135 lbs,10th Planet Jiu Jitsu Jacksonville
/fighter/Steven-Lynch-15882,Steven Lynch,,Northern Ireland,Antrim,,"5'10""",170 lbs,
/fighter/Steven-Nguyen-121057,Steven Nguyen,The Ninja,United States,"Dallas, Texas","May 19, 1993","5'11""",145 lbs,Fortis MMA
/fighter/Steven-Peterson-60433,Steven Peterson,Ocho,United States,"Plano, Texas","May 29, 1990","5'9""",145 lbs,Fortis MMA
/fighter/Steven-Ray-59838,Steven Ray,Braveheart,Scotland,"Kirkcaldy, Fife","Mar 25, 1990","5'10""",170 lbs,Higher Level MMA
/fighter/Steven-Siler-22537,Steven Siler,Super,United States,"Provo, Utah","Feb 15, 1987","5'11""",145 lbs,Factory X
/fighter/Stewart-Nicoll-289569,Stewart Nicoll,,Australia,"Brisbane, Queensland","Nov 3, 1994","5'5""",125 lbs,Broz Martial Arts
/fighter/Stipe-Miocic-39537,Stipe Miocic,,United States,"Independence, Ohio","Aug 19, 1982","6'4""",249 lbs,Strong Style Fight Team
/fighter/Su-Mudaerji-228263,Su Mudaerji,Tibetan Eagle,China,"Aba, Sichuan","Jan 20, 1996","5'8""",126 lbs,Enbo Fight Club
/fighter/Su-Young-You-179453,Su Young You,You-Jitsu,South Korea,Seoul,"Dec 11, 1995","5'6""",136 lbs,Bon Jiu Jitsu
/fighter/Sultan-Aliev-89761,Sultan Aliev,,Russia,"Derbent, Dagestan","Sep 17, 1984","5'11""",170 lbs,American Top Team
/fighter/Suman-Mokhtarian-154079,Suman Mokhtarian,,Australia,"Sydney, New South Wales","Jun 13, 1992","5'10""",145 lbs,Australian Top Team
/fighter/Sumit-Kumar-344165,Sumit Kumar,The Indian Kid,India,"Mumbai, Maharashtra","Sep 9, 2000","5'5""",125 lbs,Team Alpha Male
/fighter/Sung-Bin-Jo-188737,Sung Bin Jo,Korean Falcon,South Korea,Seoul,"Jul 17, 1992","5'11""",145 lbs,Team Stun Gun
/fighter/Syuri-Kondo-216929,Syuri Kondo,,Japan,"Ebina, Kanagawa","Feb 8, 1989","5'4""",115 lbs,Vos Gym
/fighter/TJ-Brown-172347,T.J. Brown,Downtown,United States,"Little Rock, Arkansas","May 20, 1990","5'9""",156 lbs,Westside MMA
/fighter/TJ-Dillashaw-62507,T.J. Dillashaw,,United States,"Angels Camp, California","Feb 7, 1986","5'6""",135 lbs,The Treigning Lab
/fighter/TJ-Grant-15906,T.J. Grant,,Canada,"Cole Harbour, Nova Scotia","Feb 26, 1984","5'10""",155 lbs,Fit Plus
/fighter/TJ-Laramie-188479,T.J. Laramie,The Truth,Canada,"Windsor, Ontario","Oct 15, 1997","5'6""",145 lbs,Maximum Training Centre
/fighter/TJ-OBrien-22127,T.J. O'Brien,The Spider,United States,"Prole, Iowa","Feb 23, 1987","6'2""",155 lbs,Des Moines Jiu-Jitsu
/fighter/TJ-Waldburger-15125,T.J. Waldburger,,United States,"Belton, Texas","Apr 25, 1988","5'11""",170 lbs,Grapplers Lair Fight Team
/fighter/Tabatha-Ricci-152919,Tabatha Ricci,Baby Shark,Brazil,"Aracatuba, Sao Paulo","Feb 21, 1995","5'2""",115 lbs,Brazilian Thai
/fighter/Tae-Hyun-Bang-23167,Tae Hyun Bang,The Korean Cowboy,South Korea,Seoul,"Apr 15, 1983","5'9""",155 lbs,Korean Top Team
/fighter/Tafon-Nchukwi-282049,Tafon Nchukwi,Da Don,Cameroon,Bamenda,"Oct 14, 1994","6'0""",190 lbs,Team Lloyd Irvin
/fighter/Tagir-Ulanbekov-149259,Tagir Ulanbekov,,Russia,"Makhachkala, Dagestan","Jul 8, 1991","5'7""",125 lbs,Eagles MMA
/fighter/Tahir-Abdullayev-245135,Tahir Abdullayev,Tank,Azerbaijan,,"Feb 2, 1997","5'8""",170 lbs,Phuket Top Team
/fighter/Tai-Bowden-6950,Tai Bowden,The Punisher,United States,"Detroit, Michigan",,"5'11""",230 lbs,
/fighter/Tai-Tuivasa-133745,Tai Tuivasa,Bam Bam,Australia,"Sydney, New South Wales","Mar 16, 1993","6'2""",266 lbs,Lions High Performance Centre
/fighter/Taila-Santos-143185,Taila Santos,,Brazil,"Jaragua do Sul, Santa Catarina","Jun 22, 1993","5'6""",125 lbs,Team Taila Santos
/fighter/Tainara-Lisboa-233589,Tainara Lisboa,Thai Panther,Brazil,"Santos, Sao Paulo","Mar 2, 1991","5'7""",135 lbs,Damas 013
/fighter/Takanori-Gomi-425,Takanori Gomi,The Fireball Kid,Japan,"Samukawa, Kanagawa","Sep 22, 1978","5'8""",155 lbs,Kugayama Rascal
/fighter/Takashi-Sato-147403,Takashi Sato,Ten,Japan,"Shinjuku, Tokyo","Jun 9, 1990","5'10""",170 lbs,Kill Cliff FC
/fighter/Takaya-Suzuki-392953,Takaya Suzuki,,Japan,"Kawasaki, Kanagawa","Sep 8, 2004","5'7""",125 lbs,Kill Cliff FC
/fighter/Takenori-Sato-12196,Takenori Sato,,Japan,"Akita, Akita","Jun 8, 1985","5'10""",170 lbs,Battle Box
/fighter/Takeru-Uchida-309215,Takeru Uchida,,Japan,Chiba,"Sep 30, 2002","5'7""",129 lbs,The Blackbelt Japan
/fighter/Takeya-Mizugaki-12074,Takeya Mizugaki,,Japan,"Miura, Kanagawa","Dec 16, 1983","5'7""",135 lbs,Hakkei Gym
/fighter/Talita-Alencar-386905,Talita Alencar,Problem Child,Brazil,"Carutapera, Maranhao","Oct 17, 1990","5'0""",115 lbs,Temple Martial Arts
/fighter/Talita-Bernardo-186831,Talita Bernardo,,Brazil,"Macae, Rio de Janeiro","Mar 4, 1987","5'4""",134 lbs,Imperio Fight
/fighter/Tallison-Teixeira-394342,Tallison Teixeira,Xicao,Brazil,"Vitoria da Conquista, Bahia","Dec 7, 1999","6'7""",250 lbs,Team Lucas Mineiro
/fighter/Tamdan-McCrory-16470,Tamdan McCrory,The Barn Cat,United States,"Binghamton, New York","Nov 5, 1986","6'4""",185 lbs,CNY MMA
/fighter/Tamires-Vidal-293451,Tamires Vidal,Tratora,Brazil,"Niteroi, Rio de Janeiro","Jul 27, 1998","5'6""",136 lbs,Benito Macapa Fight Team
/fighter/Tanner-Boser-114961,Tanner Boser,The Bulldozer,Canada,"Bonnyville, Alberta","Aug 2, 1991","6'2""",245 lbs,Shaved Bears MMA
/fighter/Tarec-Saffiedine-21912,Tarec Saffiedine,Sponge,Belgium,Brussels,"Sep 6, 1986","5'9""",169 lbs,Tristar Gym
/fighter/Tateki-Matsuda-45607,Tateki Matsuda,Tech,Japan,"Shinagawa, Tokyo","Feb 27, 1986","5'7""",125 lbs,Team Sityodtong
/fighter/Tatiana-Suarez-161107,Tatiana Suarez,,United States,"Covina, California","Dec 19, 1990","5'5""",115 lbs,Millennia MMA
/fighter/Tatsuro-Taira-293975,Tatsuro Taira,,Japan,"Naha, Okinawa","Jan 27, 2000","5'7""",125 lbs,The Blackbelt Japan
/fighter/Tatsuya-Ando-174625,Tatsuya Ando,,Japan,"Suginami, Tokyo","Apr 26, 1990","5'7""",134 lbs,Freelance
/fighter/Tatsuya-Kawajiri-1326,Tatsuya Kawajiri,Crusher,Japan,"Inashiki, Ibaraki","May 8, 1978","5'7""",145 lbs,T-Blood
/fighter/Tatsuya-Saika-258823,Tatsuya Saika,Yanbo,Japan,Kanagawa,"Sep 18, 1990","5'11""",156 lbs,Dobuita
/fighter/Taylor-Lapilus-97337,Taylor Lapilus,Double Impact,France,Paris,"Apr 8, 1992","5'6""",135 lbs,MMA Factory
/fighter/Te-Edwards-156303,Te Edwards,T,United States,"Phoenix, Arizona","Sep 11, 1990","5'8""",155 lbs,MMA Lab
/fighter/Tecia-Pennington-85096,Tecia Pennington,The Tiny Tornado,United States,"Fort Lauderdale, Florida","Aug 16, 1989","5'1""",115 lbs,American Top Team
/fighter/Tedd-Williams-248,Tedd Williams,,United States,"Hesperia, California","Dec 19, 1969","6'0""",250 lbs,Williams Combat Grappling
/fighter/Teemu-Packalen-92415,Teemu Packalen,,Finland,Turku,"May 22, 1987","6'1""",155 lbs,Finnfighters' Gym
/fighter/Teila-Tuli-16,Teila Tuli,,United States,"Honolulu, Hawaii","Jun 14, 1969","6'2""",415 lbs,
/fighter/Tereza-Bleda-280807,Tereza Bleda,,Czech Republic,Prague,"Nov 30, 2001","5'9""",125 lbs,Reinders MMA
/fighter/Terrance-Chatman-432637,Terrance Chatman,The Answer,United States,"Houston, Texas","May 5, 1997","6'2""",266 lbs,4oz. Fight Club
/fighter/Terrance-McKinney-232591,Terrance McKinney,T.Wrecks,United States,"Spokane, Washington","Sep 15, 1994","5'10""",155 lbs,Warrior Camp
/fighter/Terrance-Saeteurn-317453,Terrance Saeteurn,Wrong Turn,United States,"Fairfield, California","May 30, 1995","5'6""",127 lbs,Train 4 Life Center
/fighter/Terrence-Mitchell-43815,Terrence Mitchell,Terr-Bear,United States,"Anchorage, Alaska","Dec 30, 1989","5'10""",135 lbs,Legacy Jiu-Jitsu
/fighter/Terrion-Ware-106755,Terrion Ware,Flash,United States,"Hawthorne, California","Mar 31, 1986","5'8""",135 lbs,Fight Science
/fighter/Terry-Etim-13332,Terry Etim,,England,Liverpool,"Jan 11, 1986","6'1""",155 lbs,Team Kaobon
/fighter/Terry-Martin-7202,Terry Martin,Dangerous,United States,"Chicago, Illinois","Oct 10, 1980","5'7""",185 lbs,Iron Academy
/fighter/Teruto-Ishihara-78898,Teruto Ishihara,Yashabo,Japan,"Isen, Kagoshima","Jul 23, 1991","5'7""",145 lbs,Team Alpha Male Japan
/fighter/Thaddeus-Luster-30,Thaddeus Luster,,United States,"Van Nuys, California",,"6'3""",200 lbs,
/fighter/Thales-Leites-8593,Thales Leites,,Brazil,"Niteroi, Rio de Janeiro","Sep 6, 1981","6'1""",185 lbs,Nova Uniao
/fighter/Thanongsaklek-Chuwattana-219625,Thanongsaklek Chuwattana,Topnoi Kiwram,Thailand,Phuket,"Aug 15, 1992","5'5""",125 lbs,Bangtao Muay Thai & MMA
/fighter/Themba-Gorimbo-117729,Themba Gorimbo,Mamba,Zimbabwe,Masvingo,"Jan 23, 1991","6'1""",170 lbs,MMA Masters
/fighter/Theodor-Berggren-347365,Theodor Berggren,Simba,Sweden,,"Apr 9, 2000","6'0""",170 lbs,Renyi
/fighter/Thiago-Alves-5998,Thiago Alves,Pitbull,Brazil,"Fortaleza, Ceara","Oct 3, 1983","5'10""",170 lbs,American Top Team
/fighter/Thiago-Moises-130351,Thiago Moises,,Brazil,"Indaiatuba, Sao Paulo","Mar 23, 1995","5'9""",155 lbs,American Top Team
/fighter/Thiago-Santos-90021,Thiago Santos,Marreta,Brazil,"Rio de Janeiro, Rio de Janeiro","Jan 7, 1984","6'2""",241 lbs,Team Marreta
/fighter/Thiago-Silva-14396,Thiago Silva,,Brazil,"Sao Carlos, Sao Paulo","Nov 12, 1982","6'1""",223 lbs,Kill Cliff FC
/fighter/Thiago-Tavares-4647,Thiago Tavares,,Brazil,"Florianopolis, Santa Catarina","Nov 8, 1984","5'7""",145 lbs,Team Tavares
/fighter/Thiago-de-Oliveira-Perpetuo-53207,Thiago de Oliveira Perpetuo,Bodao,Brazil,"Santo Andre, Sao Paulo","Dec 14, 1986","5'10""",170 lbs,Furacao Fight Team
/fighter/Thibault-Gouti-124975,Thibault Gouti,GT,France,"Toulousse, Haute-Gauronne","Feb 27, 1987","5'10""",158 lbs,Jackson-Wink MMA
/fighter/Thomas-Almeida-87865,Thomas Almeida,Thominhas,Brazil,"Sao Paulo, Sao Paulo","Jul 31, 1991","5'7""",135 lbs,Chute Boxe Diego Lima
/fighter/Thomas-Gantt-428202,Thomas Gantt,,United States,New York,"Jan 9, 1993","5'11""",156 lbs,Jaw Breaker Boxing
/fighter/Thomas-Gifford-74695,Thomas Gifford,The Young Lion,United States,"Brush Creek, Arkansas","Jul 26, 1992","6'1""",155 lbs,Sheridan Boxing Club
/fighter/Thomas-Petersen-287525,Thomas Petersen,The Train,United States,"Farmington, Minnesota","Mar 30, 1995","6'1""",245 lbs,Spartan MMA
/fighter/Thomas-Ramirez-125,Thomas Ramirez,,Puerto Rico,Bayamon,,"6'1""",410 lbs,
/fighter/Tiago-dos-Santos-e-Silva-78479,Tiago dos Santos e Silva,Trator,Brazil,"Almeirim, Para","Apr 12, 1987","5'10""",155 lbs,Team Nogueira
/fighter/Tiequan-Zhang-16984,Tiequan Zhang,The Wolf,China,Beijing,"Jul 25, 1978","5'9""",145 lbs,China Top Team
/fighter/Tiki-Ghosn-88,Tiki Ghosn,,United States,"Huntington Beach, California","Feb 9, 1977","5'10""",169 lbs,
/fighter/Tim-Boetsch-19544,Tim Boetsch,The Barbarian,United States,"Lincolnville, Maine","Jan 28, 1981","6'0""",185 lbs,Team Irish
/fighter/Tim-Credeur-1804,Tim Credeur,Crazy,United States,"Lafayette, Louisiana","Jul 9, 1977","6'3""",185 lbs,Gladiators Academy
/fighter/Tim-Elliott-49213,Tim Elliott,,United States,"Lee's Summit, Missouri","Dec 24, 1986","5'7""",130 lbs,Next Generation Mixed Martial Arts
/fighter/Tim-Gorman-17717,Tim Gorman,The Psycho,United States,"Des Moines, Iowa","Apr 29, 1983","5'4""",135 lbs,Des Moines MMA Academy
/fighter/Tim-Hague-19599,Tim Hague,The Thrashing Machine,Canada,"Boyle, Alberta","Sep 5, 1983","6'4""",264 lbs,UFC Gym Edmonton
/fighter/Tim-Johnson-72706,Tim Johnson,,United States,"Fargo, North Dakota","Mar 13, 1985","6'3""",266 lbs,Xtreme Couture
/fighter/Tim-Kennedy-2830,Tim Kennedy,,United States,"Fort Bragg, North Carolina","Sep 1, 1979","5'11""",185 lbs,Jackson-Wink MMA
/fighter/Tim-Lajcik-223,Tim Lajcik,The Bohemian,United States,"Redwood, California","Jun 21, 1965","6'1""",225 lbs,Gladiators Training Academy
/fighter/Tim-McKenzie-3089,Tim McKenzie,The Wrecking Machine,United States,"Stockton, California","Jul 21, 1981","5'11""",174 lbs,
/fighter/Tim-Means-11281,Tim Means,The Dirty Bird,United States,"Albuquerque, New Mexico","Feb 20, 1984","6'2""",170 lbs,Fit NHB
/fighter/Tim-Sylvia-1061,Tim Sylvia,The Maine-iac,United States,"Bettendorf, Iowa","Mar 5, 1974","6'8""",265 lbs,Team Extreme
/fighter/Tim-Williams-55756,Tim Williams,The South Jersey Strangler,United States,"Millville, New Jersey","Jul 3, 1986","6'2""",185 lbs,Team Balance
/fighter/Timothy-Cuamba-316223,Timothy Cuamba,Twilight Timmy,United States,"Las Vegas, Nevada","Feb 8, 1999","5'8""",135 lbs,Xtreme Couture
/fighter/Timur-Valiev-70605,Timur Valiev,Lucky,Russia,"Makhachkala, Dagestan","Jan 19, 1990","5'6""",145 lbs,DagFighter
/fighter/Tina-Lahdemaki-70795,Tina Lahdemaki,Jelly Bean,Finland,"Hyvinkaa, Uusimaa","May 28, 1988","5'2""",115 lbs,RNC Sport Club
/fighter/Tito-Ortiz-158,Tito Ortiz,The Huntington Beach Bad Boy,United States,"Huntington Beach, California","Jan 23, 1975","6'2""",205 lbs,Team Punishment
/fighter/Todd-Brown-21887,Todd Brown,Bulldog,United States,"Mishawaka, Indiana","Dec 13, 1976","5'11""",185 lbs,Bulldog Fight Team
/fighter/Todd-Butler-173,Todd Butler,,United States,"Curwensville, Phildelphia",,"6'1""",198 lbs,
/fighter/Todd-Duffee-22903,Todd Duffee,,United States,"Evansville, Indiana","Dec 6, 1985","6'3""",241 lbs,American Kickboxing Academy
/fighter/Todd-Medina-61,Todd Medina,El Tiburon,United States,"Santa Ana, California","Apr 30, 1970","5'10""",205 lbs,Carlson Gracie Jiu-Jitsu
/fighter/Tofiq-Musayev-145311,Tofiq Musayev,,Azerbaijan,Baku,"Dec 15, 1989","5'10""",155 lbs,Orion Fight Club
/fighter/Tokitaka-Nakanishi-373060,Tokitaka Nakanishi,,Japan,Mie,"Jul 28, 1996","5'6""",154 lbs,Ishitsuna MMA Gym
/fighter/Tom-Aspinall-65231,Tom Aspinall,,England,"Salford, Lancashire","Apr 11, 1993","6'5""",255 lbs,Aspinall BJJ
/fighter/Tom-Blackledge-3953,Tom Blackledge,,England,"Wigan, Greater Manchester",,"6'0""",205 lbs,Wolfslair Academy
/fighter/Tom-Breese-45986,Tom Breese,,England,"Birmingham, West Midlands","Sep 26, 1991","6'3""",205 lbs,Team Renegade
/fighter/Tom-DeBlass-29744,Tom DeBlass,,United States,"Forked River, New Jersey","May 14, 1982","5'11""",205 lbs,Ricardo Almeida Jiu-Jitsu
/fighter/Tom-Duquesnoy-92239,Tom Duquesnoy,Fire Kid,France,Paris,"Jun 21, 1993","5'7""",135 lbs,Jackson-Wink MMA
/fighter/Tom-Egan-29690,Tom Egan,The Tank,Ireland,"Kildare, County Kildare",,"5'11""",181 lbs,SBG Ireland
/fighter/Tom-Gallicchio-17843,Tom Gallicchio,Da Tank,United States,"Toms River, New Jersey","Sep 23, 1986","5'9""",170 lbs,Team Quest
/fighter/Tom-Lawlor-21940,Tom Lawlor,Filthy,United States,"Fall River, Massachusetts","May 15, 1983","6'0""",205 lbs,The Jungle MMA & Fitness
/fighter/Tom-Murphy-12284,Tom Murphy,,United States,"St. Albans, Vermont","Nov 19, 1974","6'2""",205 lbs,Tristar Gym
/fighter/Tom-Niinimaki-5639,Tom Niinimaki,Stoneface,Finland,Turku,"Jul 25, 1982","5'9""",145 lbs,Finnfighters' Gym
/fighter/Tom-Nolan-244655,Tom Nolan,Big Train,Australia,"Brisbane, Queensland","Mar 8, 2000","6'2""",155 lbs,Team Compton Training Centre
/fighter/Tom-Speer-16635,Tom Speer,The Farm Boy,United States,"Elgin, Minnesota","Aug 20, 1984","5'11""",170 lbs,
/fighter/Tom-Watson-15179,Tom Watson,Kong,England,Southampton,"Jul 13, 1982","6'1""",185 lbs,Jackson-Wink MMA
/fighter/Tomasz-Drwal-10047,Tomasz Drwal,Gorilla,Poland,Krakow,"Jan 22, 1982","6'1""",185 lbs,Szkola Walki Drwala
/fighter/Tommy-Hayden-30943,Tommy Hayden,Wild Card,United States,"Cincinnati, Ohio","Mar 11, 1986","5'9""",155 lbs,Bangkok Fight Lab
/fighter/Tommy-McMillen-229309,Tommy McMillen,Gun,United States,"Phoenix, Arizona","Dec 15, 1997","6'0""",145 lbs,Red Hawk Academy
/fighter/Tony-DeSouza-487,Tony DeSouza,The Peruvian Savage,Peru,Cuzco,"Jul 26, 1974","6'0""",169 lbs,Millennia MMA
/fighter/Tony-Ferguson-31239,Tony Ferguson,El Cucuy,United States,"Oxnard, California","Feb 12, 1984","6'0""",170 lbs,Knuckleheadz MMA
/fighter/Tony-Fryklund-168,Tony Fryklund,The Freak,United States,"Boston, Massachusetts","Mar 26, 1971","6'0""",155 lbs,Miletich Fighting Systems
/fighter/Tony-Gravely-210575,Tony Gravely,,United States,"Radford, Virginia","Sep 28, 1991","5'5""",135 lbs,American Top Team
/fighter/Tony-Halme-167,Tony Halme,The Viking,Finland,Helsinki,"Jan 6, 1963","6'4""",300 lbs,
/fighter/Tony-Kelley-57658,Tony Kelley,PrimeTime,United States,"Shreveport, Louisiana","Jan 21, 1987","5'10""",138 lbs,Team Alpha Male
/fighter/Tony-Petarra-221,Tony Petarra,,United States,"Santa Maria, California","Nov 8, 1966","5'11""",196 lbs,Shark Tank
/fighter/Tony-Sims-30021,Tony Sims,2.0,United States,"Davenport, Iowa","Oct 14, 1985","5'11""",155 lbs,Elevation Fight Team
/fighter/Tonya-Evinger-18248,Tonya Evinger,Triple Threat,United States,"Odessa, Missouri","Jun 4, 1981","5'7""",135 lbs,W4R Training Center
/fighter/Tor-Troeng-6850,Tor Troeng,The Hammer,Sweden,Umea,"Jan 25, 1983","6'2""",184 lbs,Renyi
/fighter/Torrez-Finney-379262,Torrez Finney,The Punisher,United States,"Chattanooga, Tennessee","Oct 24, 1998","5'7""",185 lbs,Agoge Combatives
/fighter/Toshiomi-Kazama-373059,Toshiomi Kazama,Silent Finisher,Japan,Ibaraki,"May 15, 1997","5'7""",135 lbs,Wajutsu Keishukai Hearts
/fighter/Townsend-Saunders-189,Townsend Saunders,,United States,"White Sands, New Mexico","Jul 16, 1968","5'5""",170 lbs,
/fighter/Tra-Telligman-157,Tra Telligman,Trauma,United States,"Dallas, Texas","Feb 7, 1965","6'2""",233 lbs,Lion's Den
/fighter/Tracy-Cortez-160955,Tracy Cortez,,United States,"Phoenix, Arizona","Dec 10, 1993","5'5""",125 lbs,Fight Ready
/fighter/Travis-Browne-16785,Travis Browne,Hapa,United States,"Oahu, Hawaii","Jul 17, 1982","6'7""",244 lbs,Glendale Fighting Club
/fighter/Travis-Fulton-80,Travis Fulton,The Ironman,United States,"Cedar Falls, Iowa","May 29, 1977","6'0""",258 lbs,Team Peak Performance
/fighter/Travis-Lutter-4586,Travis Lutter,The Serial Killer,United States,"Dallas, Texas","May 12, 1973","6'2""",185 lbs,Lion's Den Dallas
/fighter/Travis-Wiuff-3660,Travis Wiuff,Diesel,United States,"Rochester, Minnesota","Mar 15, 1978","6'3""",265 lbs,Elite Performance
/fighter/Trent-Jenkins-23,Trent Jenkins,,United States,"Denver, Colorado",,"6'2""",185 lbs,
/fighter/Tresean-Gore-289719,Tresean Gore,Mr. Vicious,United States,"Myrtle Beach, South Carolina","Jun 21, 1994","6'0""",186 lbs,MMA Lab
/fighter/Treston-Vines-209133,Treston Vines,TV Time,United States,"Camp Hill, Alabama","Jun 18, 1996","6'0""",184 lbs,Kage Fit Academy
/fighter/Trevin-Giles-111237,Trevin Giles,The Problem,United States,"Houston, Texas","Aug 6, 1992","6'0""",170 lbs,W4R Training Center
/fighter/Trevin-Jones-73904,Trevin Jones,5 Star,Guam,Tamuning,"Aug 4, 1990","5'6""",144 lbs,The Yard Muay Thai
/fighter/Trevor-Peek-280187,Trevor Peek,,United States,"Pisgah, Alabama","Jan 9, 1995","5'9""",146 lbs,Agoge Combatives
/fighter/Trevor-Prangley-4789,Trevor Prangley,,South Africa,"Cape Town, Western Cape","Aug 24, 1972","6'0""",205 lbs,American Kickboxing Academy
/fighter/Trevor-Smith-51113,Trevor Smith,Hot Sauce,United States,"Tukwila, Washington","Jan 5, 1981","6'3""",185 lbs,Ring Demon Jiu-Jitsu
/fighter/Trey-Ogden-187343,Trey Ogden,Shamurai,United States,"Kansas City, Missouri","Nov 14, 1989","5'11""",155 lbs,Marathon MMA
/fighter/Trey-Waters-319103,Trey Waters,The Truth,United States,"Jacksonville, Florida","Feb 21, 1995","6'5""",170 lbs,Ludus MMA
/fighter/Tristan-Connelly-61364,Tristan Connelly,Boondock,Canada,"Victoria, British Columbia","Dec 12, 1985","5'11""",145 lbs,Ryan's MMA - Checkmat Vancouver
/fighter/Troy-Mandaloniz-12096,Troy Mandaloniz,Rude Boy,United States,"Hilo, Hawaii","Feb 1, 1980","5'9""",170 lbs,
/fighter/Tsuyoshi-Kosaka-190,Tsuyoshi Kosaka,TK,Japan,"Kusatsu, Shiga","Mar 6, 1970","5'11""",214 lbs,Alliance-Square
/fighter/Tucker-Lutz-122559,Tucker Lutz,Top Gun,United States,"Baltimore, Maryland","Jul 12, 1994","5'8""",145 lbs,Ground Control
/fighter/Tulio-Palhares-205,Tulio Palhares,,Brazil,Sao Paulo,,"5'10""",180 lbs,
/fighter/Ty-Cole-Miller-360875,Ty Cole Miller,Thriller,United States,"Albuquerque, New Mexico","Jun 4, 2000","6'2""",171 lbs,Fit NHB
/fighter/Tyler-Diamond-143121,Tyler Diamond,,United States,"Oroville, California","Mar 18, 1991","5'7""",146 lbs,Team Alpha Male
/fighter/Tyler-Toner-13539,Tyler Toner,Thunder,United States,"Aurora, Colorado","Mar 31, 1983","5'9""",145 lbs,Elevation Fight Team
/fighter/Tyrell-Fortune-204623,Tyrell Fortune,,United States,"Portland, Oregon","Jul 4, 1990","6'2""",258 lbs,Arizona Combat Sports
/fighter/Tyron-Woodley-42605,Tyron Woodley,The Chosen One,United States,"St. Louis, Missouri","Apr 17, 1982","5'9""",170 lbs,American Top Team Evolution
/fighter/Tyrone-Roberts-260,Tyrone Roberts,Native Warrior,United States,"Tama, Iowa","Jul 14, 1972","5'9""",213 lbs,
/fighter/Tyson-Griffin-11689,Tyson Griffin,,United States,"Santa Rosa, California","Apr 20, 1984","5'6""",155 lbs,American Kickboxing Academy
/fighter/Tyson-Nam-15224,Tyson Nam,,United States,"Waimanalo, Hawaii","Oct 6, 1983","5'7""",135 lbs,Gracie Technics
/fighter/Tyson-Pedro-146831,Tyson Pedro,,Australia,"Sydney, New South Wales","Sep 17, 1991","6'3""",205 lbs,Lions High Performance Centre
/fighter/Ulysses-Gomez-30396,Ulysses Gomez,Useless,United States,"Las Vegas, Nevada","May 25, 1983","5'5""",125 lbs,Marc Laimon's Cobra Kai
/fighter/Umar-Nurmagomedov-240893,Umar Nurmagomedov,,Russia,"Kizilyurt, Dagestan","Jan 3, 1996","5'8""",135 lbs,Eagles MMA
/fighter/Uran-Satybaldiev-364447,Uran Satybaldiev,Gorilla,Kyrgyzstan,Osh,"Aug 10, 1994","6'4""",204 lbs,Uluu Kyrgyz Team
/fighter/Uriah-Hall-14210,Uriah Hall,Primetime,Jamaica,Spanish Town,"Jul 31, 1984","6'0""",185 lbs,Fortis MMA
/fighter/Urijah-Faber-8847,Urijah Faber,The California Kid,United States,"Sacramento, California","May 14, 1979","5'6""",135 lbs,Team Alpha Male
/fighter/Uros-Medic-272505,Uros Medic,The Doctor,United States,"Anchorage, Alaska","Apr 25, 1993","6'1""",171 lbs,Kings MMA
/fighter/Vagner-Rocha-43107,Vagner Rocha,Ceara,Brazil,Rio de Janeiro,"Jun 6, 1982","5'11""",155 lbs,Team VRMA
/fighter/Valentina-Shevchenko-45384,Valentina Shevchenko,Bullet,Kyrgyzstan,Bishkek,"Mar 7, 1988","5'5""",125 lbs,Tiger Muay Thai
/fighter/Valentine-Woodburn-315963,Valentine Woodburn,The Animal,United States,"Apopka, Florida","Aug 10, 1993","5'8""",170 lbs,Fusion X-Cel Performance
/fighter/Valeri-Ignatov-216,Valeri Ignatov,The X Factor,Bulgaria,Sofia,,"5'9""",191 lbs,Shamrock 2000
/fighter/Valerie-Letourneau-21851,Valerie Letourneau,Trouble,Canada,"Montreal, Quebec","Apr 29, 1983","5'7""",116 lbs,American Top Team
/fighter/Valesca-Machado-215597,Valesca Machado,Tina Black,Brazil,"Rio de Janeiro, Rio de Janeiro","May 6, 1996","5'4""",116 lbs,War Machine
/fighter/Valmir-Lazaro-22216,Valmir Lazaro,Bidu,Brazil,"Salvador, Bahia","Aug 15, 1985","6'0""",154 lbs,Nova Uniao
/fighter/Valter-Walker-376023,Valter Walker,The Foot Hunter,Brazil,"Rio de Janeiro, Rio de Janeiro","Dec 14, 1997","6'6""",248 lbs,Gor MMA
/fighter/Van-Y-Nghiem-438266,Van Y Nghiem,,Vietnam,"Hiep Hoa, Bac Giang","May 15, 1999","5'7""",135 lbs,
/fighter/Vanessa-Demopoulos-118775,Vanessa Demopoulos,Lil Monster,United States,"Columbus, Ohio","Sep 22, 1988","5'2""",125 lbs,Factory X
/fighter/Vanessa-Melo-120777,Vanessa Melo,Miss Simpatia,Brazil,"Sao Paulo, Sao Paulo","Mar 27, 1988","5'5""",155 lbs,Babuino Gold Team
/fighter/Vaughan-Lee-6946,Vaughan Lee,,England,"Birmingham, West Midlands","Oct 15, 1982","5'5""",135 lbs,UTC Birmingham
/fighter/Vernon-Ramos-100921,Vernon Ramos,,Panama,"Panama City, Panama","Jun 3, 1992","5'9""",175 lbs,Advance Performance Martial Arts
/fighter/Vernon-White-296,Vernon White,Tiger,United States,"Palo Alto, California","Dec 3, 1971","6'0""",205 lbs,Lion's Den
/fighter/Veronica-Hardy-180217,Veronica Hardy,,Venezuela,"Caracas, Capital District","Oct 30, 1995","5'3""",125 lbs,Renzo Gracie Academy
/fighter/Viacheslav-Borshchev-337895,Viacheslav Borshchev,Slava,United States,"Sacramento, California","Jan 8, 1992","5'11""",155 lbs,Team Alpha Male
/fighter/Vicente-Luque-66474,Vicente Luque,The Silent Assassin,United States,"Westwood, New Jersey","Nov 27, 1991","5'11""",186 lbs,Kill Cliff FC
/fighter/Victor-Altamirano-212269,Victor Altamirano,El Magnifico,United States,"Fort Worth, Texas","Jan 23, 1991","5'6""",125 lbs,Double Five Mid Cities
/fighter/Victor-Henry-52195,Victor Henry,La Mangosta,United States,"Los Angeles, California","May 4, 1987","5'7""",135 lbs,UWF USA
/fighter/Victor-Hugo-123631,Victor Hugo,Striker,Brazil,"Goiania, Goias","Nov 22, 1992","5'7""",151 lbs,Astra Fight Team
/fighter/Victor-Martinez-86938,Victor Martinez,The Brick,United States,"Pharr, Texas","Jul 17, 1991","5'7""",158 lbs,Fortis MMA
/fighter/Victor-Rodriguez-177975,Victor Rodriguez,Vicious,United States,"Soldotna, Alaska","Sep 5, 1992","5'5""",125 lbs,AK-49 Martial Arts
/fighter/Victor-Valenzuela-133527,Victor Valenzuela,Psicosis,Chile,"Santiago, Metropolitan Region","Feb 9, 1994","5'9""",169 lbs,MMA Masters
/fighter/Victor-Valimaki-4391,Victor Valimaki,The Finnisher,Canada,"Edmonton, Alberta","Dec 17, 1981","6'0""",233 lbs,Complete Fitness and Martial Arts
/fighter/Victoria-Dudakova-333829,Victoria Dudakova,,Russia,Volgograd,"Jan 26, 1999","5'6""",115 lbs,ALEX Fitness
/fighter/Victoria-Leonardo-212725,Victoria Leonardo,Fury,United States,"Shreveport, Louisiana","Feb 16, 1990","5'5""",126 lbs,Elite Combat Academy
/fighter/Vik-Grujic-69858,Vik Grujic,The Spartan,Australia,"Melbourne, Victoria","Feb 6, 1977","5'11""",170 lbs,Alliance MMA
/fighter/Viktor-Pesta-74176,Viktor Pesta,,Czech Republic,Prague,"Jul 15, 1990","6'3""",205 lbs,Kill Cliff FC
/fighter/Vinc-Pichel-57848,Vinc Pichel,From Hell,United States,"Simi Valley, California","Nov 23, 1982","5'10""",155 lbs,Factory X
/fighter/Vince-Cachero-156943,Vince Cachero,The Anomaly,United States,"Hawthorne, California","Nov 7, 1989","5'6""",135 lbs,Fight Science
/fighter/Vince-Morales-177019,Vince Morales,Vandetta,United States,"Caldwell, Idaho","Nov 12, 1990","5'7""",136 lbs,Syndicate MMA
/fighter/Vinicius-Kappke-de-Queiroz-48631,Vinicius Kappke de Queiroz,Spartan,Brazil,"Curitiba, Parana","Aug 29, 1983","6'7""",237 lbs,Team Nogueira
/fighter/Vinicius-Moreira-207291,Vinicius Moreira,Mamute,Brazil,"Brasilia, Federal District","Feb 28, 1989","6'4""",265 lbs,Five Rounds
/fighter/Vinicius-Oliveira-139517,Vinicius Oliveira,LokDog,Brazil,"Porto Alegre, Rio Grande do Sul","Nov 30, 1995","5'9""",135 lbs,Sombra Team
/fighter/Vinicius-Salvador-179169,Vinicius Salvador,Fenomeno,Brazil,"Varginha, Minas Gerais","Jul 24, 1996","5'9""",135 lbs,Marcelo Ribas Team
/fighter/Vinny-Magalhaes-10709,Vinny Magalhaes,Pezao,Brazil,Rio de Janeiro,"Jul 2, 1984","6'3""",205 lbs,Syndicate MMA
/fighter/Virna-Jandiroba-137557,Virna Jandiroba,Carcara,Brazil,"Serrinha, Bahia","May 30, 1988","5'3""",115 lbs,Fight House
/fighter/Viscardi-Andrade-30298,Viscardi Andrade,,Brazil,"Jales, Sao Paulo","Mar 8, 1984","6'0""",170 lbs,Gracie Fusion
/fighter/Vitor-Belfort-156,Vitor Belfort,The Phenom,Brazil,Rio de Janeiro,"Apr 1, 1977","6'0""",185 lbs,Kill Cliff FC
/fighter/Vitor-Miranda-13004,Vitor Miranda,Lex Luthor,Brazil,"Joinville, Santa Catarina","Mar 10, 1979","6'1""",185 lbs,Team Nogueira
/fighter/Vitor-Petrino-255313,Vitor Petrino,Cabuloso / Icao,Brazil,"Santa Luzia, Minas Gerais","Aug 28, 1997","6'3""",246 lbs,CM System
/fighter/Viviane-Araujo-200603,Viviane Araujo,Vivi,Brazil,"Ceilandia, Federal District","Nov 21, 1986","5'5""",125 lbs,Cerrado MMA
/fighter/Viviane-Pereira-136367,Viviane Pereira,Sucuri,Brazil,"Taua, Ceara","Aug 28, 1993","5'0""",145 lbs,Astra Fight Team
/fighter/Vladimir-Matyushenko-435,Vladimir Matyushenko,The Janitor,Belarus,Retchisa,"Jan 4, 1971","6'1""",205 lbs,VMAT
/fighter/Vlastislav-Cepo-330615,Vlastislav Cepo,Vlasto / El Chapo,Serbia,Novi Sad,"Jan 25, 1995","6'1""",186 lbs,American Top Team Zagreb
/fighter/Volkan-Oezdemir-58503,Volkan Oezdemir,No Time,Switzerland,Fribourg,"Sep 19, 1989","6'1""",206 lbs,Fight Move Academy
/fighter/Wade-Shipp-2304,Wade Shipp,Nightmare,United States,"San Diego, California","Feb 9, 1975","6'3""",240 lbs,Alliance MMA
/fighter/Wagner-Campos-22197,Wagner Campos,Galeto,Brazil,"Pinhais, Parana","Jul 31, 1981","5'6""",145 lbs,Fight Only
/fighter/Wagner-Prado-53134,Wagner Prado,Caldeirao,Brazil,"Campinas, Sao Paulo","Dec 30, 1986","6'1""",205 lbs,Brazilian TKO
/fighter/Wagner-Silva-115911,Wagner Silva,Wagnao,Brazil,"Vicosa, Minas Gerais","Feb 7, 1987","6'0""",205 lbs,Tata Fight Team
/fighter/Waldo-CortesAcosta-190909,Waldo Cortes-Acosta,Salsa Boy,Dominican Republic,"Fundacion, Barahona","Oct 3, 1991","6'4""",262 lbs,Ultimate Kombat Fitness
/fighter/Walel-Watson-36403,Walel Watson,The Gazelle,United States,"San Diego, California","Jul 16, 1984","5'11""",134 lbs,Team Bodyshop
/fighter/Wallen-del-Rosario-176211,Wallen del Rosario,BBOY,Philippines,"Oas, Albay","Mar 18, 1993","5'4""",125 lbs,Clube de Jiu-jitsu Filipinas
/fighter/Wallid-Ismail-154,Wallid Ismail,,Brazil,Rio De Janeiro,"Feb 22, 1968","5'7""",182 lbs,Brazil Dojo
/fighter/Walt-Harris-72046,Walt Harris,The Big Ticket,United States,"Homewood, Alabama","Jun 10, 1983","6'5""",264 lbs,SBG Alabama
/fighter/Wanderlei-Silva-209,Wanderlei Silva,The Axe Murderer,Brazil,"Curitiba, Parana","Jul 3, 1976","5'10""",185 lbs,Wand Fight Team
/fighter/War-Machine-10999,War Machine,,United States,"Las Vegas, Nevada","Nov 30, 1981","5'11""",170 lbs,Und1sputed
/fighter/Warlley-Alves-70750,Warlley Alves,,Brazil,"Governador Valadares, Minas Gerais","Jan 4, 1991","5'11""",186 lbs,Rizzo RVT
/fighter/Wataru-Yamauchi-388617,Wataru Yamauchi,,Japan,"Iwaki, Fukushima","Jun 22, 1999","5'6""",126 lbs,Fight Farm
/fighter/Waylon-Lowe-18744,Waylon Lowe,,United States,"Philadelphia, Pennsylvania","Oct 31, 1980","5'7""",155 lbs,
/fighter/Weili-Zhang-186663,Weili Zhang,Magnum,China,"Handan, Hebei","Aug 13, 1989","5'4""",115 lbs,Fight Ready
/fighter/Wellington-Turman-157451,Wellington Turman,,Brazil,"Curitiba, Parana","Jul 22, 1996","6'0""",170 lbs,Teixeira MMA & Fitness
/fighter/Wendell-de-Oliveira-Marques-15393,Wendell de Oliveira Marques,War Machine / Negao,Brazil,"Rio de Janeiro, Rio de Janeiro","Jun 1, 1983","5'11""",170 lbs,War Machine
/fighter/Wes-Albritton-159,Wes Albritton,,United States,,,"5'10""",187 lbs,
/fighter/Wes-Combs-4371,Wes Combs,Soldier,United States,"Rancho Cucamonga, California","Jun 18, 1973","6'2""",230 lbs,Millennia MMA
/fighter/Wes-Sims-2713,Wes Sims,A Whole Show,United States,"Lancaster, Ohio","Oct 12, 1979","6'9""",258 lbs,Hammer House
/fighter/Wesley-Correira-2829,Wesley Correira,Cabbage,United States,"Hilo, Hawaii","Nov 11, 1978","6'3""",253 lbs,Cabbage MMA
/fighter/Wesley-Schultz-338469,Wesley Schultz,Party Time,United States,"Madison, Wisconsin","Aug 9, 1996","6'2""",186 lbs,Pura Vida BJJ
/fighter/Westin-Wilson-110361,Westin Wilson,,United States,"Orem, Utah","Jan 24, 1989","6'1""",146 lbs,Four7 Training Center
/fighter/Will-Brooks-76241,Will Brooks,Ill,United States,"Schaumburg, Illinois","Oct 8, 1986","5'11""",155 lbs,American Top Team
/fighter/Will-Campuzano-35521,Will Campuzano,,United States,"Mount Pleasant, Texas","May 27, 1986","5'9""",125 lbs,Campuzano MMA
/fighter/Will-Chope-69087,Will Chope,The Kill,United States,"Sacramento, California","Sep 8, 1990","6'4""",165 lbs,The Kill Team
/fighter/Willamy-Freire-12553,Willamy Freire,Chiquerim,Brazil,"Fortaleza, Ceara","Jul 28, 1987","5'8""",155 lbs,Dragon Fight
/fighter/William-Gomis-217407,William Gomis,The Jaguar,France,Paris,"Jun 13, 1997","6'0""",145 lbs,MMA Factory
/fighter/William-Knight-282383,William Knight,Knightmare,United States,"Hartford, Connecticut","Apr 3, 1988","5'10""",245 lbs,Thornton Martial Arts
/fighter/William-Macario-69624,William Macario,Patolino,Brazil,"Rio de Janeiro, Rio de Janeiro","Jul 1, 1991","5'11""",170 lbs,Pejor
/fighter/Willie-Gates-40436,Willie Gates,,United States,"Fontana, California","Jan 21, 1987","5'8""",135 lbs,Pinnacle MMA
/fighter/Wilson-Gouveia-3070,Wilson Gouveia,,United States,"Coral Pass, Florida","Oct 3, 1978","6'2""",219 lbs,American Top Team
/fighter/Wilson-Reis-23401,Wilson Reis,,Brazil,"Januaria, Minas Gerais","Jan 6, 1985","5'4""",145 lbs,Brazilian Jiu-Jitsu United
/fighter/Windri-Patilima-323519,Windri Patilima,The Bad Boy,Indonesia,"Kotamobagu, North Sulawesi","Jul 19, 1993","5'6""",170 lbs,TCW Fighting Camp
/fighter/Won-Bin-Ki-166783,Won Bin Ki,The Danger,South Korea,Seoul,"Feb 11, 1991","5'11""",156 lbs,Team Danger
/fighter/Xavier-FoupaPokam-8761,Xavier Foupa-Pokam,Professor X,France,Paris,"Mar 7, 1982","6'1""",185 lbs,Snake Team
/fighter/Xiaocan-Feng-359353,Xiaocan Feng,Little Flower,China,"Guangzhou, Guangdong","Oct 27, 2001","5'8""",116 lbs,Chunbo Fighting Club
/fighter/Xiaonan-Yan-67828,Xiaonan Yan,Fury,China,"Shenyang, Liaoning","Jun 16, 1989","5'5""",115 lbs,Team Alpha Male
/fighter/Yadier-Del-Valle-293141,Yadier Del Valle,The Cuban Problem,Cuba,Ciego de Avila,"Jul 29, 1996","5'9""",146 lbs,Gracie Barra Westchase
/fighter/Yadong-Song-103807,Yadong Song,Kung Fu Kid,China,Tianjin,"Dec 2, 1997","5'8""",136 lbs,Team Alpha Male
/fighter/Yair-Rodriguez-106305,Yair Rodriguez,El Pantera,Mexico,"Hidalgo del Parral, Chihuahua","Oct 6, 1992","5'11""",145 lbs,Valle Flow Striking
/fighter/Yan-Cabral-27090,Yan Cabral,,Brazil,"Visconde de Maua, Rio de Janeiro","May 13, 1983","6'0""",170 lbs,Aranha Barcelona BJJ
/fighter/Yana-Santos-49412,Yana Santos,Foxy,Russia,"Murmansk, Murmansk Oblast","Nov 11, 1989","5'8""",135 lbs,American Top Team
/fighter/Yanal-Ashmouz-252115,Yanal Ashmouz,Red Fox,Israel,Tiberias,"Mar 31, 1995","5'9""",155 lbs,K Dojo Warrior Tribe
/fighter/Yanan-Wu-203195,Yanan Wu,Mulan,China,"Chaoyang, Liaoning","Apr 18, 1996","5'8""",125 lbs,Tiger Muay Thai
/fighter/Yancy-Medeiros-27738,Yancy Medeiros,The Kid,United States,"Makaha, Hawaii","Sep 7, 1987","5'10""",155 lbs,Team Hakuilua
/fighter/Yanis-Ghemmouri-180745,Yanis Ghemmouri,The Desert Warrior,France,Lyon,"Jan 24, 1995","5'9""",145 lbs,Team Ezbiri
/fighter/Yaotzin-Meza-15937,Yaotzin Meza,,United States,"Glendale, Arizona","Feb 4, 1981","5'9""",145 lbs,MMA Lab
/fighter/Yaozong-Hu-251779,Yaozong Hu,Totoro,China,Beijing,"Apr 7, 1995","6'3""",204 lbs,Qingdao Xinjiang International Fight Club
/fighter/Yaroslav-Amosov-104911,Yaroslav Amosov,Dynamo,Ukraine,Kyiv,"Sep 9, 1993","5'11""",170 lbs,American Top Team
/fighter/Yasuhiro-Urushitani-1349,Yasuhiro Urushitani,,Japan,"Shikokuchuo, Ehime","Sep 8, 1976","5'5""",125 lbs,Tribe Tokyo MMA
/fighter/Yawei-Ren-408617,Yawei Ren,,China,Shandong,"Feb 7, 1998","5'10""",150 lbs,Haoyue Fight Gym
/fighter/Yazmin-Jauregui-299051,Yazmin Jauregui,,Mexico,"Tijuana, Baja California","Feb 28, 1999","5'3""",115 lbs,Entram Gym
/fighter/Ye-Dam-Seo-241183,Ye Dam Seo,,South Korea,"Cheongju, Chungcheongbuk","Mar 20, 1992","5'4""",116 lbs,Paraestra Cheongju
/fighter/Yi-Sak-Lee-390123,Yi Sak Lee,The Tank,South Korea,Seoul,"Jan 11, 2000","6'0""",185 lbs,Korean Top Team
/fighter/Yibugele-214343,Yibugele,Black Eagle,China,Inner Mongolia,"Nov 13, 1989","5'9""",154 lbs,Haosheng Fight Gym
/fighter/Yoel-Romero-60762,Yoel Romero,Soldier of God,United States,"Miami, Florida","Apr 30, 1977","5'10""",205 lbs,American Top Team
/fighter/Yohan-Lainesse-295377,Yohan Lainesse,White Lion,Canada,"Varennes, Quebec","Aug 14, 1992","6'1""",185 lbs,Brazilian Top Team Canada
/fighter/Yoislandy-Izquierdo-64716,Yoislandy Izquierdo,Cuba,Cuba,Havana,"Jan 9, 1984","5'10""",154 lbs,Young Tigers
/fighter/Yoji-Anjo-182,Yoji Anjo,Mr. 200%,Japan,"Suginami, Tokyo","Dec 31, 1969","5'11""",198 lbs,Team Kingdom
/fighter/Yorgan-De-Castro-176091,Yorgan De Castro,The Mad Titan,Cape Verde,Cape Verde,"Dec 19, 1986","6'1""",265 lbs,Regiment Training Center
/fighter/Yosdenis-Cedeno-47066,Yosdenis Cedeno,Pink Panther,Cuba,Havana,"Feb 12, 1985","5'8""",155 lbs,Blackzilians
/fighter/Yoshihiro-Akiyama-11895,Yoshihiro Akiyama,Sexyama,Japan,"Osaka, Osaka","Jul 29, 1975","5'10""",170 lbs,Jackson-Wink MMA
/fighter/Yoshinori-Horie-227513,Yoshinori Horie,Rising Star,Japan,"Sasebo, Nagasaki","May 10, 1995","5'8""",156 lbs,Alliance-Square
/fighter/Yoshiyuki-Yoshida-12073,Yoshiyuki Yoshida,Zenko,Japan,"Kashiwa, Chiba","May 10, 1974","5'11""",170 lbs,Right Thing Academy
/fighter/Young-Jae-Song-155665,Young Jae Song,Super Rookie,South Korea,"Chuncheon, Gangwon","Jan 3, 1996","5'8""",146 lbs,Havas MMA
/fighter/Yousri-Belgaroui-380449,Yousri Belgaroui,Baby Face Assassin,Netherlands,Amsterdam,"Jun 2, 1992","6'5""",186 lbs,Teixeira MMA & Fitness
/fighter/Youssef-Zalal-229985,Youssef Zalal,The Moroccan Devil,United States,"Englewood, Colorado","Sep 4, 1996","5'10""",145 lbs,Factory X
/fighter/Yudi-Cahyadi-152205,Yudi Cahyadi,Prabu Gagak Lumayung,Indonesia,"Bandung, West Java","Apr 1, 1992","5'6""",146 lbs,Bandung Fighting Club
/fighter/Yui-Chul-Nam-15987,Yui Chul Nam,The Korean Bulldozer,South Korea,Seoul,"Jul 16, 1981","5'9""",146 lbs,
/fighter/Yuito-Yanagawa-412410,Yuito Yanagawa,,Japan,"Tsurugashima, Saitama","Oct 16, 2000","5'8""",146 lbs,K-Place
/fighter/Yuji-EphoeviGa-403678,Yuji Ephoevi-Ga,The Chef,Japan,"Nerima, Tokyo","Oct 19, 1999","6'0""",156 lbs,Tribe Tokyo MMA
/fighter/Yuki-Kondo-263,Yuki Kondo,Sora,Japan,"Nagaoka, Niigata","Jul 17, 1975","5'11""",159 lbs,Pancraseism Yokohama
/fighter/Yuki-Sasaki-1255,Yuki Sasaki,,Japan,"Kushiro, Hokkaido","Sep 12, 1976","6'0""",180 lbs,Grabaka
/fighter/Yuma-Horiuchi-136859,Yuma Horiuchi,,Japan,Tokyo,"Sep 22, 1997","5'6""",134 lbs,Titan Fight Club
/fighter/Yun-Seong-Jang-400410,Yun Seong Jang,,South Korea,Seoul,"Nov 4, 2002","6'0""",185 lbs,Korean Zombie MMA
/fighter/Yuneisy-Duben-278389,Yuneisy Duben,,Venezuela,"Valencia, Carabobo","Jul 8, 1996","5'4""",125 lbs,Team Ludus
/fighter/Yunfeng-Li-326095,Yunfeng Li,,China,"Chengdu, Sichuan","Mar 8, 1999","5'10""",137 lbs,Enbo Fight Club
/fighter/Yunosuke-Minami-432976,Yunosuke Minami,,Japan,Osaka,"Sep 10, 2000","5'6""",136 lbs,Brave
/fighter/Yuri-Vaulin-171,Yuri Vaulin,,Latvia,Riga,"Sep 13, 1963","6'4""",207 lbs,
/fighter/Yuri-Villefort-47069,Yuri Villefort,,Brazil,"Brasilia, Distrito Federal","Mar 23, 1991","6'0""",170 lbs,Blackzilians
/fighter/Yusaku-Kinoshita-382723,Yusaku Kinoshita,Wonderboy,Japan,"Izumi, Osaka","Aug 21, 2000","6'0""",171 lbs,Kill Cliff FC
/fighter/Yushin-Okami-5569,Yushin Okami,Thunder,Japan,"Fujisawa, Kanagawa","Jul 21, 1981","6'2""",185 lbs,EXFIGHT
/fighter/Yusuke-Kasuya-63414,Yusuke Kasuya,,Japan,"Sagamihara, Kanagawa","Nov 16, 1989","5'7""",155 lbs,Crown Dojo
/fighter/Yuta-Sasaki-63070,Yuta Sasaki,Ulka,Japan,"Numazu, Shizuoka","Oct 7, 1989","5'10""",145 lbs,Serra-Longo Fight Team
/fighter/Yves-Edwards-344,Yves Edwards,Thugjitsu Master,United States,"Woodlands, Texas","Sep 30, 1976","5'10""",155 lbs,American Top Team
/fighter/Yves-Jabouin-1693,Yves Jabouin,Tiger,Canada,"Montreal, Quebec","May 30, 1979","5'6""",135 lbs,Tristar Gym
/fighter/Zabit-Magomedsharipov-114261,Zabit Magomedsharipov,,Russia,"Makhachkala, Dagestan","Mar 1, 1991","6'1""",145 lbs,Ricardo Almeida Jiu-Jitsu
/fighter/Zac-Pauga-343389,Zac Pauga,The Ripper,United States,"Denver, Colorado","Feb 25, 1988","6'0""",256 lbs,Elevation Fight Team
/fighter/Zach-Light-3919,Zach Light,The Lisbon Outlaw,United States,"Huntington Beach, California","Feb 6, 1974","5'8""",170 lbs,Wolfslair
/fighter/Zach-Makovsky-20522,Zach Makovsky,Fun Size,United States,"Bethlehem, Pennsylvania","Apr 19, 1983","5'4""",125 lbs,Tristar Gym
/fighter/Zach-Scroggin-213673,Zach Scroggin,,United States,"Edgerton, Kansas","Mar 9, 1996","6'3""",174 lbs,Marathon MMA
/fighter/Zachary-Reese-100903,Zachary Reese,Savage,United States,"Shiner, Texas","Mar 24, 1994","6'3""",185 lbs,W4R Training Center
/fighter/Zak-Cummings-31808,Zak Cummings,,United States,"Springfield, Missouri","Aug 2, 1984","6'0""",205 lbs,Factory X
/fighter/Zak-Ottow-100359,Zak Ottow,The Barbarian,United States,"Milwaukee, Wisconsin","Dec 22, 1986","5'11""",170 lbs,Pura Vida BJJ
/fighter/Zane-Frazier-18,Zane Frazier,Nasty,United States,"North Hollywood, California","Jul 16, 1966","6'6""",230 lbs,
/fighter/Zarah-Fairn-142861,Zarah Fairn,Infinite,France,Paris,"Dec 10, 1986","5'10""",145 lbs,Allstars Training Center
/fighter/Zarrukh-Adashev-126877,Zarrukh Adashev,The Lion,United States,"Brooklyn, New York","Jul 29, 1992","5'7""",125 lbs,Lions Martial Arts Gym
/fighter/Zelim-Imadaev-232055,Zelim Imadaev,,Russia,Moscow,"Jan 25, 1995","6'0""",170 lbs,
/fighter/Zha-Yi-228277,Zha Yi,,China,"Aba, Sichuan","Jan 8, 1997","5'7""",145 lbs,Enbo Fight Club
/fighter/Zhalgas-Zhumagulov-176945,Zhalgas Zhumagulov,,Kazakhstan,Aktobe,"Aug 29, 1988","5'4""",126 lbs,American Top Team
/fighter/Zhawupasi-Daermisi-382380,Zhawupasi Daermisi,,China,Beijing,"Mar 13, 2000","5'8""",141 lbs,Black Tiger Fight Club
/fighter/Zhikui-Yao-122383,Zhikui Yao,The Conqueror,China,,"Feb 7, 1991","5'7""",125 lbs,
/fighter/Zhu-Rong-233823,Zhu Rong,,China,"Aba, Sichuan","Mar 7, 2000","5'11""",155 lbs,City Kickboxing
/fighter/Zubaira-Tukhugov-63813,Zubaira Tukhugov,Warrior,Russia,"Grozny, Chechnya","Jan 15, 1991","5'8""",158 lbs,Tiger Muay Thai
/fighter/Zviad-Lazishvili-341317,Zviad Lazishvili,,Georgia,Tbilisi,"Oct 25, 1991","5'6""",135 lbs,Kaizen MMA
/fighter/Zygimantas-Ramaska-251447,Zygimantas Ramaska,,Lithuania,Lazdynai,"Dec 27, 1996","5'11""",145 lbs,Ukmerge Judo Club
