fm_path,name,sherdog
/fighter-profile/Alex%20Pereira/159790/,Alex Pereira,http://www.sherdog.com/fighter/Alex-Pereira-224511
/fighter-profile/Ciryl%20Gane/193933/,Ciryl Gane,http://www.sherdog.com/fighter/Ciryl-Gane-293973
/fighter-profile/Magomed%20Ankalaev/133781/,Magomed Ankalaev,http://www.sherdog.com/fighter/Magomed-Ankalaev-170785
/fighter-profile/Khalil%20Rountree/79751/,Khalil Rountree,http://www.sherdog.com/fighter/Khalil-Rountree-77674
/fighter-profile/Jiri%20Prochazka/94459/,Jiri Prochazka,http://www.sherdog.com/fighter/Jiri-Prochazka-97529
/fighter-profile/Jamahal%20Hill/187069/,Jamahal Hill,http://www.sherdog.com/fighter/Jamahal-Hill-280417
/fighter-profile/Israel%20Adesanya/57140/,Israel Adesanya,http://www.sherdog.com/fighter/Israel-Adesanya-56374
/fighter-profile/Sean%20Strickland/16617/,Sean Strickland,http://www.sherdog.com/fighter/Sean-Strickland-30452
/fighter-profile/Bruno%20Silva/67764/,Bruno Silva,http://www.sherdog.com/fighter/Bruno-Silva-66304
/fighter-profile/Andreas%20Michailidis/66484/,Andreas Michailidis,http://www.sherdog.com/fighter/Andreas-Michailidis-65167
/fighter-profile/Tom%20Aspinall/66532/,Tom Aspinall,http://www.sherdog.com/fighter/Tom-Aspinall-65231
/fighter-profile/Alexander%20Volkov/39344/,Alexander Volkov,http://www.sherdog.com/fighter/Alexander-Volkov-40951
/fighter-profile/Jon%20Jones/8116/,Jon Jones,http://www.sherdog.com/fighter/Jon-Jones-27944
/fighter-profile/Tai%20Tuivasa/115260/,Tai Tuivasa,http://www.sherdog.com/fighter/Tai-Tuivasa-133745
/fighter-profile/Francis%20Ngannou/124534/,Francis Ngannou,http://www.sherdog.com/fighter/Francis-Ngannou-152341
/fighter-profile/Derrick%20Lewis/60462/,Derrick Lewis,http://www.sherdog.com/fighter/Derrick-Lewis-59284
/fighter-profile/Jairzinho%20Rozenstruik/97054/,Jairzinho Rozenstruik,http://www.sherdog.com/fighter/Jairzinho-Rozenstruik-102803
/fighter-profile/Junior%20dos%20Santos/35149/,Junior dos Santos,http://www.sherdog.com/fighter/Junior-dos-Santos-17272
/fighter-profile/Tanner%20Boser/103201/,Tanner Boser,http://www.sherdog.com/fighter/Tanner-Boser-114961
/fighter-profile/Dontale%20Mayes/166377/,Dontale Mayes,http://www.sherdog.com/fighter/Dontale-Mayes-237177
/fighter-profile/Raphael%20Pessoa/168942/,Raphael Pessoa,http://www.sherdog.com/fighter/Raphael-Pessoa-242953
/fighter-profile/Bogdan%20Guskov/162293/,Bogdan Guskov,http://www.sherdog.com/fighter/Bogdan-Guskov-229253
/fighter-profile/Johnny%20Walker/134658/,Johnny Walker,http://www.sherdog.com/fighter/Johnny-Walker-170203
/fighter-profile/Anthony%20Smith/15643/,Anthony Smith,http://www.sherdog.com/fighter/Anthony-Smith-29470
/fighter-profile/Volkan%20Oezdemir/71672/,Volkan Oezdemir,http://www.sherdog.com/fighter/Volkan-Oezdemir-58503
/fighter-profile/Nikita%20Krylov/101251/,Nikita Krylov,http://www.sherdog.com/fighter/Nikita-Krylov-110937
/fighter-profile/Ion%20Cutelaba/96426/,Ion Cutelaba,http://www.sherdog.com/fighter/Ion-Cutelaba-101427
/fighter-profile/Dalcha%20Lungiambula/132291/,Dalcha Lungiambula,http://www.sherdog.com/fighter/Dalcha-Lungiambula-167487
/fighter-profile/Klidson%20Abreu/101551/,Klidson Abreu,http://www.sherdog.com/fighter/Klidson-Abreu-111535
/fighter-profile/Marcin%20Prachnio/119253/,Marcin Prachnio,http://www.sherdog.com/fighter/Marcin-Prachnio-141251
/fighter-profile/Paul%20Craig/100896/,Paul Craig,http://www.sherdog.com/fighter/Paul-Craig-110167
/fighter-profile/Chris%20Daukaus/97570/,Chris Daukaus,http://www.sherdog.com/fighter/Chris-Daukaus-103685
/fighter-profile/Dustin%20Jacoby/75586/,Dustin Jacoby,http://www.sherdog.com/fighter/Dustin-Jacoby-73825
/fighter-profile/Karl%20Roberson/114628/,Karl Roberson,http://www.sherdog.com/fighter/Karl-Roberson-132605
/fighter-profile/Eryk%20Anders/92463/,Eryk Anders,http://www.sherdog.com/fighter/Eryk-Anders-93407
/fighter-profile/Gokhan%20Saki/22873/,Gokhan Saki,http://www.sherdog.com/fighter/Gokhan-Saki-10925
/fighter-profile/Michal%20Oleksiejczuk/126560/,Michal Oleksiejczuk,http://www.sherdog.com/fighter/Michal-Oleksiejczuk-156397
/fighter-profile/Daniel%20Jolly/85468/,Daniel Jolly,http://www.sherdog.com/fighter/Daniel-Jolly-83243
/fighter-profile/Tyson%20Pedro/121824/,Tyson Pedro,http://www.sherdog.com/fighter/Tyson-Pedro-146831
/fighter-profile/Andrew%20Sanchez/98391/,Andrew Sanchez,http://www.sherdog.com/fighter/Andrew-Sanchez-105321
/fighter-profile/Josh%20Stansbury/36354/,Josh Stansbury,http://www.sherdog.com/fighter/Josh-Stansbury-18495
/fighter-profile/Cory%20Hendricks/90798/,Cory Hendricks,http://www.sherdog.com/fighter/Cory-Hendricks-87323
/fighter-profile/Carlos%20Ulberg/86471/,Carlos Ulberg,http://www.sherdog.com/fighter/Carlos-Ulberg-84291
/fighter-profile/Glover%20Teixeira/10640/,Glover Teixeira,http://www.sherdog.com/fighter/Glover-Teixeira-4655
/fighter-profile/Dominick%20Reyes/121385/,Dominick Reyes,http://www.sherdog.com/fighter/Dominick-Reyes-145941
/fighter-profile/Jimmy%20Crute/157259/,Jimmy Crute,http://www.sherdog.com/fighter/Jimmy-Crute-218959
/fighter-profile/Ovince%20St.%20Preux/30948/,Ovince St. Preux,http://www.sherdog.com/fighter/Ovince-St-Preux-38842
/fighter-profile/Corey%20Anderson/134277/,Corey Anderson,http://www.sherdog.com/fighter/Corey-Anderson-171723
/fighter-profile/Ronaldo%20Souza/14361/,Ronaldo Souza,http://www.sherdog.com/fighter/Ronaldo-Souza-8394
/fighter-profile/Luke%20Rockhold/3568/,Luke Rockhold,http://www.sherdog.com/fighter/Luke-Rockhold-23345
/fighter-profile/Jimi%20Manuwa/29605/,Jimi Manuwa,http://www.sherdog.com/fighter/Jimi-Manuwa-37528
/fighter-profile/Jared%20Cannonier/80751/,Jared Cannonier,http://www.sherdog.com/fighter/Jared-Cannonier-78628
/fighter-profile/Devin%20Clark/74356/,Devin Clark,http://www.sherdog.com/fighter/Devin-Clark-72777
/fighter-profile/Patrick%20Cummins/75728/,Patrick Cummins,http://www.sherdog.com/fighter/Patrick-Cummins-72981
/fighter-profile/Alexander%20Gustafsson/6345/,Alexander Gustafsson,http://www.sherdog.com/fighter/Alexander-Gustafsson-26162
/fighter-profile/Igor%20Pokrajac/13591/,Igor Pokrajac,http://www.sherdog.com/fighter/Igor-Pokrajac-7621
/fighter-profile/Ilir%20Latifi/32549/,Ilir Latifi,http://www.sherdog.com/fighter/Ilir-Latifi-40207
/fighter-profile/Joe%20Pyfer/167228/,Joe Pyfer,http://www.sherdog.com/fighter/Joe-Pyfer-239253
/fighter-profile/Nassourdine%20Imavov/157387/,Nassourdine Imavov,http://www.sherdog.com/fighter/Nassourdine-Imavov-217405
/fighter-profile/Dricus%20Du%20Plessis/121477/,Dricus Du Plessis,http://www.sherdog.com/fighter/Dricus-Du-Plessis-146193
/fighter-profile/Robert%20Whittaker/45036/,Robert Whittaker,http://www.sherdog.com/fighter/Robert-Whittaker-45132
/fighter-profile/Marvin%20Vettori/82499/,Marvin Vettori,http://www.sherdog.com/fighter/Marvin-Vettori-80421
/fighter-profile/Paulo%20Costa/121995/,Paulo Costa,http://www.sherdog.com/fighter/Paulo-Costa-147165
/fighter-profile/Yoel%20Romero/61978/,Yoel Romero,http://www.sherdog.com/fighter/Yoel-Romero-60762
/fighter-profile/Kelvin%20Gastelum/76464/,Kelvin Gastelum,http://www.sherdog.com/fighter/Kelvin-Gastelum-74700
/fighter-profile/Anderson%20Silva/1342/,Anderson Silva,http://www.sherdog.com/fighter/Anderson-Silva-1356
/fighter-profile/Derek%20Brunson/70038/,Derek Brunson,http://www.sherdog.com/fighter/Derek-Brunson-68494
/fighter-profile/Brad%20Tavares/19227/,Brad Tavares,http://www.sherdog.com/fighter/Brad-Tavares-33095
/fighter-profile/Rob%20Wilkinson/89115/,Rob Wilkinson,http://www.sherdog.com/fighter/Rob-Wilkinson-86279
/fighter-profile/Khamzat%20Chimaev/186918/,Khamzat Chimaev,http://www.sherdog.com/fighter/Khamzat-Chimaev-280021
/fighter-profile/Abus%20Magomedov/61970/,Abus Magomedov,http://www.sherdog.com/fighter/Abus-Magomedov-60755
/fighter-profile/Jack%20Hermansson/62334/,Jack Hermansson,http://www.sherdog.com/fighter/Jack-Hermansson-61146
/fighter-profile/Uriah%20Hall/26116/,Uriah Hall,http://www.sherdog.com/fighter/Uriah-Hall-14210
/fighter-profile/Krzysztof%20Jotko/55066/,Krzysztof Jotko,http://www.sherdog.com/fighter/Krzysztof-Jotko-53380
/fighter-profile/Brendan%20Allen/148934/,Brendan Allen,http://www.sherdog.com/fighter/Brendan-Allen-201703
/fighter-profile/Jack%20Marshman/47562/,Jack Marshman,http://www.sherdog.com/fighter/Jack-Marshman-47545
/fighter-profile/Nordine%20Taleb/6444/,Nordine Taleb,http://www.sherdog.com/fighter/Nordine-Taleb-26261
/fighter-profile/Elizeu%20Zaleski%20dos%20Santos/65168/,Elizeu Zaleski dos Santos,http://www.sherdog.com/fighter/Elizeu-Zaleski-dos-Santos-63825
/fighter-profile/Court%20McGee/20251/,Court McGee,http://www.sherdog.com/fighter/Court-McGee-34124
/fighter-profile/Kamaru%20Usman/107983/,Kamaru Usman,http://www.sherdog.com/fighter/Kamaru-Usman-120691
/fighter-profile/Tom%20Breese/45926/,Tom Breese,http://www.sherdog.com/fighter/Tom-Breese-45986
/fighter-profile/Alex%20Garcia/54786/,Alex Garcia,http://www.sherdog.com/fighter/Alex-Garcia-54124
/fighter-profile/Igor%20Araujo/24728/,Igor Araujo,http://www.sherdog.com/fighter/Igor-Araujo-12803
/fighter-profile/Santiago%20Ponzinibbio/65917/,Santiago Ponzinibbio,http://www.sherdog.com/fighter/Santiago-Ponzinibbio-64593
/fighter-profile/Luke%20Barnatt/57361/,Luke Barnatt,http://www.sherdog.com/fighter/Luke-Barnatt-56567
/fighter-profile/Bubba%20McDaniel/26504/,Bubba McDaniel,http://www.sherdog.com/fighter/Bubba-McDaniel-14600
/fighter-profile/Marc-Andre%20Barriault/133787/,Marc-Andre Barriault,http://www.sherdog.com/fighter/MarcAndre-Barriault-170803
/fighter-profile/Ismail%20Naurdiev/132722/,Ismail Naurdiev,http://www.sherdog.com/fighter/Ismail-Naurdiev-168833
/fighter-profile/Chris%20Weidman/45135/,Chris Weidman,http://www.sherdog.com/fighter/Chris-Weidman-42804
/fighter-profile/Sharabutdin%20Magomedov/202831/,Sharabutdin Magomedov,http://www.sherdog.com/fighter/Sharabutdin-Magomedov-309711
/fighter-profile/Gerald%20Meerschaert/42292/,Gerald Meerschaert,http://www.sherdog.com/fighter/Gerald-Meerschaert-21501
/fighter-profile/Jordan%20Wright/81208/,Jordan Wright,http://www.sherdog.com/fighter/Jordan-Wright-79138
/fighter-profile/Wellington%20Turman/127057/,Wellington Turman,http://www.sherdog.com/fighter/Wellington-Turman-157451
/fighter-profile/Rinat%20Fakhretdinov/120941/,Rinat Fakhretdinov,http://www.sherdog.com/fighter/Rinat-Fakhretdinov-145067
/fighter-profile/K.B.%20Bhullar/89429/,K.B. Bhullar,http://www.sherdog.com/fighter/KB-Bhullar-87341
/fighter-profile/Sergei%20Pavlovich/140715/,Sergei Pavlovich,http://www.sherdog.com/fighter/Sergei-Pavlovich-184051
/fighter-profile/Andrei%20Arlovski/268/,Andrei Arlovski,http://www.sherdog.com/fighter/Andrei-Arlovski-270
/fighter-profile/Jake%20Collier/85837/,Jake Collier,http://www.sherdog.com/fighter/Jake-Collier-83599
/fighter-profile/Alexander%20Romanov/169037/,Alexander Romanov,http://www.sherdog.com/fighter/Alexander-Romanov-242931
/fighter-profile/Alistair%20Overeem/454/,Alistair Overeem,http://www.sherdog.com/fighter/Alistair-Overeem-461
/fighter-profile/Walt%20Harris/73529/,Walt Harris,http://www.sherdog.com/fighter/Walt-Harris-72046
/fighter-profile/Greg%20Hardy/182932/,Greg Hardy,http://www.sherdog.com/fighter/Greg-Hardy-271461
/fighter-profile/Fabricio%20Werdum/14357/,Fabricio Werdum,http://www.sherdog.com/fighter/Fabricio-Werdum-8390
/fighter-profile/Stefan%20Struve/26965/,Stefan Struve,http://www.sherdog.com/fighter/Stefan-Struve-15063
/fighter-profile/Roy%20Nelson/22211/,Roy Nelson,http://www.sherdog.com/fighter/Roy-Nelson-10249
/fighter-profile/Tim%20Johnson/74311/,Tim Johnson,http://www.sherdog.com/fighter/Tim-Johnson-72706
/fighter-profile/Ante%20Delija/77435/,Ante Delija,http://www.sherdog.com/fighter/Ante-Delija-75487
/fighter-profile/Augusto%20Sakai/89398/,Augusto Sakai,http://www.sherdog.com/fighter/Augusto-Sakai-87303
/fighter-profile/Alexey%20Oleynik/2009/,Alexey Oleynik,http://www.sherdog.com/fighter/Alexey-Oleynik-2027
/fighter-profile/Jared%20Vanderaa/124784/,Jared Vanderaa,http://www.sherdog.com/fighter/Jared-Vanderaa-152987
/fighter-profile/Carlos%20Felipe/140802/,Carlos Felipe,http://www.sherdog.com/fighter/Carlos-Felipe-185021
/fighter-profile/Stipe%20Miocic/32099/,Stipe Miocic,http://www.sherdog.com/fighter/Stipe-Miocic-39537
/fighter-profile/Daniel%20Cormier/55077/,Daniel Cormier,http://www.sherdog.com/fighter/Daniel-Cormier-52311
/fighter-profile/Chael%20Sonnen/10097/,Chael Sonnen,http://www.sherdog.com/fighter/Chael-Sonnen-4112
/fighter-profile/Vitor%20Belfort/154/,Vitor Belfort,http://www.sherdog.com/fighter/Vitor-Belfort-156
/fighter-profile/Rashad%20Evans/22162/,Rashad Evans,http://www.sherdog.com/fighter/Rashad-Evans-10200
/fighter-profile/Lyoto%20Machida/13483/,Lyoto Machida,http://www.sherdog.com/fighter/Lyoto-Machida-7513
/fighter-profile/Quinton%20Jackson/345/,Quinton Jackson,http://www.sherdog.com/fighter/Quinton-Jackson-348
/fighter-profile/Mauricio%20Rua/11684/,Mauricio Rua,http://www.sherdog.com/fighter/Mauricio-Rua-5707
/fighter-profile/Ryan%20Bader/3090/,Ryan Bader,http://www.sherdog.com/fighter/Ryan-Bader-22858
/fighter-profile/Vladimir%20Matyushenko/428/,Vladimir Matyushenko,http://www.sherdog.com/fighter/Vladimir-Matyushenko-435
/fighter-profile/Brandon%20Vera/10866/,Brandon Vera,http://www.sherdog.com/fighter/Brandon-Vera-4886
/fighter-profile/Matt%20Hamill/34590/,Matt Hamill,http://www.sherdog.com/fighter/Matt-Hamill-16695
/fighter-profile/Jake%20OBrien/26795/,Jake OBrien,http://www.sherdog.com/fighter/Jake-OBrien-14892
/fighter-profile/Stephan%20Bonnar/2992/,Stephan Bonnar,http://www.sherdog.com/fighter/Stephan-Bonnar-3014
/fighter-profile/Andre%20Gusmao/33714/,Andre Gusmao,http://www.sherdog.com/fighter/Andre-Gusmao-15806
/fighter-profile/Tallison%20Teixeira/248719/,Tallison Teixeira,http://www.sherdog.com/fighter/Tallison-Teixeira-394342
/fighter-profile/Harry%20Hunsucker/167407/,Harry Hunsucker,http://www.sherdog.com/fighter/Harry-Hunsucker-239513
/fighter-profile/Blagoy%20Ivanov/50494/,Blagoy Ivanov,http://www.sherdog.com/fighter/Blagoy-Ivanov-50154
/fighter-profile/Cyril%20Asker/93336/,Cyril Asker,http://www.sherdog.com/fighter/Cyril-Asker-94411
/fighter-profile/Rashad%20Coulter/83882/,Rashad Coulter,http://www.sherdog.com/fighter/Rashad-Coulter-81719
/fighter-profile/Cain%20Velasquez/36943/,Cain Velasquez,http://www.sherdog.com/fighter/Cain-Velasquez-19102
/fighter-profile/Anthony%20Hamilton/60085/,Anthony Hamilton,http://www.sherdog.com/fighter/Anthony-Hamilton-58947
/fighter-profile/Bojan%20Mihajlovic/24329/,Bojan Mihajlovic,http://www.sherdog.com/fighter/Bojan-Mihajlovic-12400
/fighter-profile/Josh%20Hokit/287901/,Josh Hokit,http://www.sherdog.com/fighter/Josh-Hokit-433441
/fighter-profile/Rodrigo%20Nascimento/94733/,Rodrigo Nascimento,http://www.sherdog.com/fighter/Rodrigo-Nascimento-97975
/fighter-profile/Marcos%20Rogerio%20de%20Lima/52615/,Marcos Rogerio de Lima,http://www.sherdog.com/fighter/Marcos-Rogerio-de-Lima-51955
/fighter-profile/Mark%20Hunt/22621/,Mark Hunt,http://www.sherdog.com/fighter/Mark-Hunt-10668
/fighter-profile/Travis%20Browne/34679/,Travis Browne,http://www.sherdog.com/fighter/Travis-Browne-16785
/fighter-profile/Shamil%20Abdurakhimov/6990/,Shamil Abdurakhimov,http://www.sherdog.com/fighter/Shamil-Abdurakhimov-26808
/fighter-profile/Gabriel%20Gonzaga/13276/,Gabriel Gonzaga,http://www.sherdog.com/fighter/Gabriel-Gonzaga-7306
/fighter-profile/Damian%20Grabowski/16486/,Damian Grabowski,http://www.sherdog.com/fighter/Damian-Grabowski-30320
/fighter-profile/Viktor%20Pesta/76289/,Viktor Pesta,http://www.sherdog.com/fighter/Viktor-Pesta-74176
/fighter-profile/Shawn%20Jordan/45558/,Shawn Jordan,http://www.sherdog.com/fighter/Shawn-Jordan-45624
/fighter-profile/Ruan%20Potts/77784/,Ruan Potts,http://www.sherdog.com/fighter/Ruan-Potts-75842
/fighter-profile/Matt%20Mitrione/57672/,Matt Mitrione,http://www.sherdog.com/fighter/Matt-Mitrione-49519
/fighter-profile/Jack%20May/86125/,Jack May,http://www.sherdog.com/fighter/Jack-May-83949
/fighter-profile/Allen%20Crowder/126965/,Allen Crowder,http://www.sherdog.com/fighter/Allen-Crowder-157353
/fighter-profile/Junior%20Albini/69507/,Junior Albini,http://www.sherdog.com/fighter/Junior-Albini-67923
/fighter-profile/Ben%20Rothwell/2242/,Ben Rothwell,http://www.sherdog.com/fighter/Ben-Rothwell-2262
/fighter-profile/Frank%20Mir/2309/,Frank Mir,http://www.sherdog.com/fighter/Frank-Mir-2329
/fighter-profile/Shane%20Carwin/25919/,Shane Carwin,http://www.sherdog.com/fighter/Shane-Carwin-14013
/fighter-profile/Gilbert%20Yvel/320/,Gilbert Yvel,http://www.sherdog.com/fighter/Gilbert-Yvel-323
/fighter-profile/Mirko%20Filipovic/2306/,Mirko Filipovic,http://www.sherdog.com/fighter/Mirko-Filipovic-2326
/fighter-profile/Gokhan%20Saricam/192682/,Gokhan Saricam,http://www.sherdog.com/fighter/Gokhan-Saricam-291351
/fighter-profile/Aleksa%20Camur/162327/,Aleksa Camur,http://www.sherdog.com/fighter/Aleksa-Camur-228789
/fighter-profile/Philipe%20Lins/66469/,Philipe Lins,http://www.sherdog.com/fighter/Philipe-Lins-61438
/fighter-profile/Daniel%20Spitz/134498/,Daniel Spitz,http://www.sherdog.com/fighter/Daniel-Spitz-172211
/fighter-profile/Thomas%20Petersen/190733/,Thomas Petersen,http://www.sherdog.com/fighter/Thomas-Petersen-287525
/fighter-profile/Valter%20Walker/232575/,Valter Walker,http://www.sherdog.com/fighter/Valter-Walker-376023
/fighter-profile/Caio%20Machado/178127/,Caio Machado,http://www.sherdog.com/fighter/Caio-Machado-247161
/fighter-profile/Hamdy%20Abdelwahab/211686/,Hamdy Abdelwahab,http://www.sherdog.com/fighter/Hamdy-Abdelwahab-331853
/fighter-profile/Josh%20Parisian/138880/,Josh Parisian,http://www.sherdog.com/fighter/Josh-Parisian-181225
/fighter-profile/Roque%20Martinez/42901/,Roque Martinez,http://www.sherdog.com/fighter/Roque-Martinez-22115
/fighter-profile/Jeff%20Hughes/4009/,Jeff Hughes,http://www.sherdog.com/fighter/Jeff-Hughes-23793
/fighter-profile/Billy%20Elekana/172579/,Billy Elekana,http://www.sherdog.com/fighter/Billy-Elekana-250351
/fighter-profile/Zac%20Pauga/217213/,Zac Pauga,http://www.sherdog.com/fighter/Zac-Pauga-343389
/fighter-profile/Azamat%20Murzakanov/61426/,Azamat Murzakanov,http://www.sherdog.com/fighter/Azamat-Murzakanov-60203
/fighter-profile/Justin%20Ledet/73535/,Justin Ledet,http://www.sherdog.com/fighter/Justin-Ledet-72052
/fighter-profile/Mingyang%20Zhang/168972/,Mingyang Zhang,http://www.sherdog.com/fighter/Mingyang-Zhang-243033
/fighter-profile/Misha%20Cirkunov/60387/,Misha Cirkunov,http://www.sherdog.com/fighter/Misha-Cirkunov-59197
/fighter-profile/Hector%20Lombard/23232/,Hector Lombard,http://www.sherdog.com/fighter/Hector-Lombard-11292
/fighter-profile/Elvis%20Mutapcic/8209/,Elvis Mutapcic,http://www.sherdog.com/fighter/Elvis-Mutapcic-28038
/fighter-profile/Cezar%20Ferreira/43183/,Cezar Ferreira,http://www.sherdog.com/fighter/Cezar-Ferreira-22400
/fighter-profile/Leonardo%20Guimaraes/26874/,Leonardo Guimaraes,http://www.sherdog.com/fighter/Leonardo-Guimaraes-14971
/fighter-profile/Antonio%20Braga%20Neto/37357/,Antonio Braga Neto,http://www.sherdog.com/fighter/Antonio-Braga-Neto-19530
/fighter-profile/Kevin%20Holland/100357/,Kevin Holland,http://www.sherdog.com/fighter/Kevin-Holland-108999
/fighter-profile/David%20Branch/18573/,David Branch,http://www.sherdog.com/fighter/David-Branch-32431
/fighter-profile/Eric%20Spicely/66938/,Eric Spicely,http://www.sherdog.com/fighter/Eric-Spicely-63723
/fighter-profile/Gegard%20Mousasi/13436/,Gegard Mousasi,http://www.sherdog.com/fighter/Gegard-Mousasi-7466
/fighter-profile/Nate%20Marquardt/1697/,Nate Marquardt,http://www.sherdog.com/fighter/Nate-Marquardt-1712
/fighter-profile/Elias%20Theodorou/83923/,Elias Theodorou,http://www.sherdog.com/fighter/Elias-Theodorou-81765
/fighter-profile/Steve%20Bosse/43512/,Steve Bosse,http://www.sherdog.com/fighter/Steve-Bosse-22732
/fighter-profile/Andy%20Enz/62588/,Andy Enz,http://www.sherdog.com/fighter/Andy-Enz-61422
/fighter-profile/Ronny%20Markes/38969/,Ronny Markes,http://www.sherdog.com/fighter/Ronny-Markes-21175
/fighter-profile/Alonzo%20Menifield/153834/,Alonzo Menifield,http://www.sherdog.com/fighter/Alonzo-Menifield-210501
/fighter-profile/Ed%20Herman/12537/,Ed Herman,http://www.sherdog.com/fighter/Ed-Herman-6561
/fighter-profile/Stanislav%20Nedkov/7288/,Stanislav Nedkov,http://www.sherdog.com/fighter/Stanislav-Nedkov-27115
/fighter-profile/Cody%20Donovan/43089/,Cody Donovan,http://www.sherdog.com/fighter/Cody-Donovan-22304
/fighter-profile/Soa%20Palelei/21646/,Soa Palelei,http://www.sherdog.com/fighter/Soa-Palelei-9680
/fighter-profile/Ibo%20Aslan/170880/,Ibo Aslan,http://www.sherdog.com/fighter/Ibo-Aslan-247071
/fighter-profile/Gadzhimurad%20Antigulov/55978/,Gadzhimurad Antigulov,http://www.sherdog.com/fighter/Gadzhimurad-Antigulov-55325
/fighter-profile/Jonathan%20Wilson/100147/,Jonathan Wilson,http://www.sherdog.com/fighter/Jonathan-Wilson-108571
/fighter-profile/Edmen%20Shahbazyan/171163/,Edmen Shahbazyan,http://www.sherdog.com/fighter/Edmen-Shahbazyan-247691
/fighter-profile/Cody%20Brundage/187952/,Cody Brundage,http://www.sherdog.com/fighter/Cody-Brundage-281913
/fighter-profile/Markus%20Perez/113927/,Markus Perez,http://www.sherdog.com/fighter/Markus-Perez-131219
/fighter-profile/Dequan%20Townsend/91614/,Dequan Townsend,http://www.sherdog.com/fighter/Dequan-Townsend-91563
/fighter-profile/Shamil%20Gamzatov/116848/,Shamil Gamzatov,http://www.sherdog.com/fighter/Shamil-Gamzatov-136875
/fighter-profile/Sam%20Alvey/27513/,Sam Alvey,http://www.sherdog.com/fighter/Sam-Alvey-35410
/fighter-profile/William%20Knight/188024/,William Knight,http://www.sherdog.com/fighter/William-Knight-282383
/fighter-profile/Isaac%20Villanueva/39688/,Isaac Villanueva,http://www.sherdog.com/fighter/Isaac-Villanueva-41384
/fighter-profile/Mike%20Rodriguez/99705/,Mike Rodriguez,http://www.sherdog.com/fighter/Mike-Rodriguez-107891
/fighter-profile/Rodolfo%20Bellato/180699/,Rodolfo Bellato,http://www.sherdog.com/fighter/Rodolfo-Bellato-266457
/fighter-profile/Bo%20Nickal/247572/,Bo Nickal,http://www.sherdog.com/fighter/Bo-Nickal-392031
/fighter-profile/Caio%20Borralho/142194/,Caio Borralho,http://www.sherdog.com/fighter/Caio-Borralho-188043
/fighter-profile/Andre%20Muniz/83938/,Andre Muniz,http://www.sherdog.com/fighter/Andre-Muniz-81800
/fighter-profile/Vinicius%20Moreira/151580/,Vinicius Moreira,http://www.sherdog.com/fighter/Vinicius-Moreira-207291
/fighter-profile/Parker%20Porter/5109/,Parker Porter,http://www.sherdog.com/fighter/Parker-Porter-24916
/fighter-profile/Muhammad%20Saidov/264781/,Muhammad Saidov,http://www.sherdog.com/fighter/Muhammad-Saidov-319053
/fighter-profile/Julius%20Walker/227045/,Julius Walker,http://www.sherdog.com/fighter/Julius-Walker-366067
/fighter-profile/Da%20Woon%20Jung/149914/,Da Woon Jung,http://www.sherdog.com/fighter/Da-Woon-Jung-202241
/fighter-profile/John%20Allan/103170/,John Allan,http://www.sherdog.com/fighter/John-Allan-114875
/fighter-profile/Darren%20Stewart/112474/,Darren Stewart,http://www.sherdog.com/fighter/Darren-Stewart-128141
/fighter-profile/Maxim%20Grishin/19333/,Maxim Grishin,http://www.sherdog.com/fighter/Maxim-Grishin-33201
/fighter-profile/Chris%20Camozzi/35101/,Chris Camozzi,http://www.sherdog.com/fighter/Chris-Camozzi-17224
/fighter-profile/Clifford%20Starks/57679/,Clifford Starks,http://www.sherdog.com/fighter/Clifford-Starks-56902
/fighter-profile/Roman%20Kopylov/163937/,Roman Kopylov,http://www.sherdog.com/fighter/Roman-Kopylov-232601
/fighter-profile/Christian%20Edwards/182528/,Christian Edwards,http://www.sherdog.com/fighter/Christian-Edwards-270755
/fighter-profile/Raffael%20Cerqueira/217246/,Raffael Cerqueira,http://www.sherdog.com/fighter/Raffael-Cerqueira-344561
/fighter-profile/Christian%20Leroy%20Duncan/152842/,Christian Leroy Duncan,http://www.sherdog.com/fighter/Christian-Leroy-Duncan-209939
/fighter-profile/Jamie%20Pickett/74162/,Jamie Pickett,http://www.sherdog.com/fighter/Jamie-Pickett-72595
/fighter-profile/Kyle%20Daukaus/85564/,Kyle Daukaus,http://www.sherdog.com/fighter/Kyle-Daukaus-83350
/fighter-profile/Jun%20Yong%20Park/127817/,Jun Yong Park,http://www.sherdog.com/fighter/Jun-Yong-Park-159071
/fighter-profile/Tim%20Williams/56484/,Tim Williams,http://www.sherdog.com/fighter/Tim-Williams-55756
/fighter-profile/Rafael%20Natal/25874/,Rafael Natal,http://www.sherdog.com/fighter/Rafael-Natal-13968
/fighter-profile/Sedriques%20Dumas/191108/,Sedriques Dumas,http://www.sherdog.com/fighter/Sedriques-Dumas-288537
/fighter-profile/Michel%20Pereira/116266/,Michel Pereira,http://www.sherdog.com/fighter/Michel-Pereira-135705
/fighter-profile/Gian%20Villante/45137/,Gian Villante,http://www.sherdog.com/fighter/Gian-Villante-42802
/fighter-profile/Anton%20Turkalj/165019/,Anton Turkalj,http://www.sherdog.com/fighter/Anton-Turkalj-234667
/fighter-profile/Saparbek%20Safarov/78814/,Saparbek Safarov,http://www.sherdog.com/fighter/Saparbek-Safarov-76834
/fighter-profile/Ryan%20Janes/32471/,Ryan Janes,http://www.sherdog.com/fighter/Ryan-Janes-40126
/fighter-profile/Trevor%20Smith/51711/,Trevor Smith,http://www.sherdog.com/fighter/Trevor-Smith-51113
/fighter-profile/Myron%20Dennis/62427/,Myron Dennis,http://www.sherdog.com/fighter/Myron-Dennis-48240
/fighter-profile/Jeremy%20Kimball/60566/,Jeremy Kimball,http://www.sherdog.com/fighter/Jeremy-Kimball-59375
/fighter-profile/Abdel%20Medjedoub/118325/,Abdel Medjedoub,http://www.sherdog.com/fighter/Abdel-Medjedoub-139893
/fighter-profile/Nicolae%20Negumereanu/166108/,Nicolae Negumereanu,http://www.sherdog.com/fighter/Nicolae-Negumereanu-237147
/fighter-profile/Fabio%20Cherant/162775/,Fabio Cherant,http://www.sherdog.com/fighter/Fabio-Cherant-230293
/fighter-profile/Anthony%20Johnson/35529/,Anthony Johnson,http://www.sherdog.com/fighter/Anthony-Johnson-17662
/fighter-profile/Phil%20Davis/7974/,Phil Davis,http://www.sherdog.com/fighter/Phil-Davis-27802
/fighter-profile/James%20Te%20Huna/14996/,James Te Huna,http://www.sherdog.com/fighter/James-Te-Huna-9033
/fighter-profile/Fabio%20Maldonado/34322/,Fabio Maldonado,http://www.sherdog.com/fighter/Fabio-Maldonado-16426
/fighter-profile/Kyle%20Kingsbury/34454/,Kyle Kingsbury,http://www.sherdog.com/fighter/Kyle-Kingsbury-16558
/fighter-profile/Joachim%20Christensen/17921/,Joachim Christensen,http://www.sherdog.com/fighter/Joachim-Christensen-31777
/fighter-profile/Yushin%20Okami/11546/,Yushin Okami,http://www.sherdog.com/fighter/Yushin-Okami-5569
/fighter-profile/Rafael%20Cavalcante/34061/,Rafael Cavalcante,http://www.sherdog.com/fighter/Rafael-Cavalcante-16161
/fighter-profile/Ryan%20Jimmo/38840/,Ryan Jimmo,http://www.sherdog.com/fighter/Ryan-Jimmo-21044
/fighter-profile/George%20Tokkos/136454/,George Tokkos,http://www.sherdog.com/fighter/George-Tokkos-175999
/fighter-profile/Sean%20OConnell/19288/,Sean OConnell,http://www.sherdog.com/fighter/Sean-OConnell-33156
/fighter-profile/Tom%20Lawlor/42728/,Tom Lawlor,http://www.sherdog.com/fighter/Tom-Lawlor-21940
/fighter-profile/Justin%20Jones/92648/,Justin Jones,http://www.sherdog.com/fighter/Justin-Jones-93683
/fighter-profile/Matt%20Van%20Buren/66069/,Matt Van Buren,http://www.sherdog.com/fighter/Matt-Van-Buren-64754
/fighter-profile/Patrick%20Walsh/70164/,Patrick Walsh,http://www.sherdog.com/fighter/Patrick-Walsh-67971
/fighter-profile/Josh%20Clark/41336/,Josh Clark,http://www.sherdog.com/fighter/Josh-Clark-42742
/fighter-profile/Tim%20Boetsch/37370/,Tim Boetsch,http://www.sherdog.com/fighter/Tim-Boetsch-19544
/fighter-profile/Francis%20Carmont/21762/,Francis Carmont,http://www.sherdog.com/fighter/Francis-Carmont-9798
/fighter-profile/Michael%20Bisping/22158/,Michael Bisping,http://www.sherdog.com/fighter/Michael-Bisping-10196
/fighter-profile/Costas%20Philippou/18574/,Costas Philippou,http://www.sherdog.com/fighter/Costas-Philippou-32432
/fighter-profile/Cyrille%20Diabate/2172/,Cyrille Diabate,http://www.sherdog.com/fighter/Cyrille-Diabate-2191
/fighter-profile/Nick%20Roehrick/142583/,Nick Roehrick,http://www.sherdog.com/fighter/Nick-Roehrick-189015
/fighter-profile/Antonio%20Rogerio%20Nogueira/2250/,Antonio Rogerio Nogueira,http://www.sherdog.com/fighter/Antonio-Rogerio-Nogueira-2270
/fighter-profile/Antonio%20Carlos%20Jr./120135/,Antonio Carlos Jr.,http://www.sherdog.com/fighter/Antonio-Carlos-Jr-143157
/fighter-profile/Roger%20Narvaez/61671/,Roger Narvaez,http://www.sherdog.com/fighter/Roger-Narvaez-60454
/fighter-profile/Thiago%20Silva/26301/,Thiago Silva,http://www.sherdog.com/fighter/Thiago-Silva-14396
/fighter-profile/Jared%20Hamman/33856/,Jared Hamman,http://www.sherdog.com/fighter/Jared-Hamman-15949
/fighter-profile/Joey%20Beltran/39008/,Joey Beltran,http://www.sherdog.com/fighter/Joey-Beltran-21219
/fighter-profile/Vinny%20Magalhaes/22661/,Vinny Magalhaes,http://www.sherdog.com/fighter/Vinny-Magalhaes-10709
/fighter-profile/Krzysztof%20Soszynski/21155/,Krzysztof Soszynski,http://www.sherdog.com/fighter/Krzysztof-Soszynski-9178
/fighter-profile/Todd%20Brown/42675/,Todd Brown,http://www.sherdog.com/fighter/Todd-Brown-21887
/fighter-profile/James%20Irvin/13750/,James Irvin,http://www.sherdog.com/fighter/James-Irvin-7780
/fighter-profile/Hans%20Stringer/26728/,Hans Stringer,http://www.sherdog.com/fighter/Hans-Stringer-14825
/fighter-profile/Chris%20Dempsey/81389/,Chris Dempsey,http://www.sherdog.com/fighter/Chris-Dempsey-79277
/fighter-profile/Abdul%20Razak%20Alhassan/124277/,Abdul Razak Alhassan,http://www.sherdog.com/fighter/Abdul-Razak-Alhassan-151701
/fighter-profile/Alen%20Amedovski/115521/,Alen Amedovski,http://www.sherdog.com/fighter/Alen-Amedovski-134209
/fighter-profile/Chris%20Curtis/48220/,Chris Curtis,http://www.sherdog.com/fighter/Chris-Curtis-48039
/fighter-profile/Joaquin%20Buckley/136103/,Joaquin Buckley,http://www.sherdog.com/fighter/Joaquin-Buckley-175481
/fighter-profile/Ian%20Heinisch/141872/,Ian Heinisch,http://www.sherdog.com/fighter/Ian-Heinisch-187341
/fighter-profile/Phil%20Hawes/113786/,Phil Hawes,http://www.sherdog.com/fighter/Phil-Hawes-130935
/fighter-profile/Jordan%20Williams/72443/,Jordan Williams,http://www.sherdog.com/fighter/Jordan-Williams-70941
/fighter-profile/Darren%20Till/75162/,Darren Till,http://www.sherdog.com/fighter/Darren-Till-73436
/fighter-profile/Trevin%20Giles/101387/,Trevin Giles,http://www.sherdog.com/fighter/Trevin-Giles-111237
/fighter-profile/Ikram%20Aliskerov/149367/,Ikram Aliskerov,http://www.sherdog.com/fighter/Ikram-Aliskerov-202763
/fighter-profile/Clint%20Hester/43816/,Clint Hester,http://www.sherdog.com/fighter/Clint-Hester-43866
/fighter-profile/Mike%20Rhodes/89388/,Mike Rhodes,http://www.sherdog.com/fighter/Mike-Rhodes-87296
/fighter-profile/Stephen%20Thompson/60803/,Stephen Thompson,http://www.sherdog.com/fighter/Stephen-Thompson-59608
/fighter-profile/Colton%20Smith/64462/,Colton Smith,http://www.sherdog.com/fighter/Colton-Smith-63163
/fighter-profile/Bradley%20Scott/44444/,Bradley Scott,http://www.sherdog.com/fighter/Bradley-Scott-44442
/fighter-profile/Brunno%20Ferreira/214006/,Brunno Ferreira,http://www.sherdog.com/fighter/Brunno-Ferreira-322603
/fighter-profile/Omari%20Akhmedov/85667/,Omari Akhmedov,http://www.sherdog.com/fighter/Omari-Akhmedov-83462
/fighter-profile/Vitor%20Miranda/24921/,Vitor Miranda,http://www.sherdog.com/fighter/Vitor-Miranda-13004
/fighter-profile/Alberto%20Emiliano%20Pereira/79312/,Alberto Emiliano Pereira,http://www.sherdog.com/fighter/Alberto-Emiliano-Pereira-77297
/fighter-profile/Johny%20Hendricks/4741/,Johny Hendricks,http://www.sherdog.com/fighter/Johny-Hendricks-24539
/fighter-profile/Oluwale%20Bamgbose/97326/,Oluwale Bamgbose,http://www.sherdog.com/fighter/Oluwale-Bamgbose-103153
/fighter-profile/Garreth%20McLellan/72720/,Garreth McLellan,http://www.sherdog.com/fighter/Garreth-McLellan-71237
/fighter-profile/Tim%20Kennedy/2809/,Tim Kennedy,http://www.sherdog.com/fighter/Tim-Kennedy-2830
/fighter-profile/Sean%20Brady/111825/,Sean Brady,http://www.sherdog.com/fighter/Sean-Brady-126971
/fighter-profile/Tyron%20Woodley/41178/,Tyron Woodley,http://www.sherdog.com/fighter/Tyron-Woodley-42605
/fighter-profile/Jake%20Ellenberger/24985/,Jake Ellenberger,http://www.sherdog.com/fighter/Jake-Ellenberger-13068
/fighter-profile/Nicholas%20Musoke/6343/,Nicholas Musoke,http://www.sherdog.com/fighter/Nicholas-Musoke-26160
/fighter-profile/Rick%20Story/6172/,Rick Story,http://www.sherdog.com/fighter/Rick-Story-25989
/fighter-profile/Brian%20Melancon/47837/,Brian Melancon,http://www.sherdog.com/fighter/Brian-Melancon-43621
/fighter-profile/Josh%20Samman/35330/,Josh Samman,http://www.sherdog.com/fighter/Josh-Samman-17460
/fighter-profile/Collin%20Hart/48123/,Collin Hart,http://www.sherdog.com/fighter/Collin-Hart-47991
/fighter-profile/Kito%20Andrews/3403/,Kito Andrews,http://www.sherdog.com/fighter/Kito-Andrews-23177
/fighter-profile/Nick%20Diaz/2810/,Nick Diaz,http://www.sherdog.com/fighter/Nick-Diaz-2831
/fighter-profile/Demian%20Maia/26541/,Demian Maia,http://www.sherdog.com/fighter/Demian-Maia-14637
/fighter-profile/Forrest%20Griffin/9515/,Forrest Griffin,http://www.sherdog.com/fighter/Forrest-Griffin-3526
/fighter-profile/Thales%20Leites/14559/,Thales Leites,http://www.sherdog.com/fighter/Thales-Leites-8593
/fighter-profile/Patrick%20Cote/12586/,Patrick Cote,http://www.sherdog.com/fighter/Patrick-Cote-6612
/fighter-profile/Dan%20Henderson/193/,Dan Henderson,http://www.sherdog.com/fighter/Dan-Henderson-195
/fighter-profile/Rich%20Franklin/385/,Rich Franklin,http://www.sherdog.com/fighter/Rich-Franklin-392
/fighter-profile/Travis%20Lutter/10571/,Travis Lutter,http://www.sherdog.com/fighter/Travis-Lutter-4586
/fighter-profile/Chris%20Leben/12234/,Chris Leben,http://www.sherdog.com/fighter/Chris-Leben-6258
/fighter-profile/Daniel%20Kelly/50692/,Daniel Kelly,http://www.sherdog.com/fighter/Daniel-Kelly-49516
/fighter-profile/Roan%20Carneiro/2865/,Roan Carneiro,http://www.sherdog.com/fighter/Roan-Carneiro-2886
/fighter-profile/Lorenz%20Larkin/52018/,Lorenz Larkin,http://www.sherdog.com/fighter/Lorenz-Larkin-51345
/fighter-profile/Brian%20Houston/60964/,Brian Houston,http://www.sherdog.com/fighter/Brian-Houston-59769
/fighter-profile/Robert%20Bryczek/87162/,Robert Bryczek,http://www.sherdog.com/fighter/Robert-Bryczek-85060
/fighter-profile/Caio%20Magalhaes/53353/,Caio Magalhaes,http://www.sherdog.com/fighter/Caio-Magalhaes-51163
/fighter-profile/Riki%20Fukuda/22191/,Riki Fukuda,http://www.sherdog.com/fighter/Riki-Fukuda-10229
/fighter-profile/Tom%20Watson/33094/,Tom Watson,http://www.sherdog.com/fighter/Tom-Watson-15179
/fighter-profile/Dongi%20Yang/3722/,Dongi Yang,http://www.sherdog.com/fighter/Dongi-Yang-23501
/fighter-profile/Aaron%20Simpson/5179/,Aaron Simpson,http://www.sherdog.com/fighter/Aaron-Simpson-24986
/fighter-profile/Phil%20Baroni/276/,Phil Baroni,http://www.sherdog.com/fighter/Phil-Baroni-278
/fighter-profile/Seth%20Baczynski/25734/,Seth Baczynski,http://www.sherdog.com/fighter/Seth-Baczynski-13827
/fighter-profile/James%20Hammortree/41034/,James Hammortree,http://www.sherdog.com/fighter/James-Hammortree-42479
/fighter-profile/Siyar%20Bahadurzada/11430/,Siyar Bahadurzada,http://www.sherdog.com/fighter/Siyar-Bahadurzada-5453
/fighter-profile/Gilbert%20Burns/91716/,Gilbert Burns,http://www.sherdog.com/fighter/Gilbert-Burns-91727
/fighter-profile/Jingliang%20Li/6563/,Jingliang Li,http://www.sherdog.com/fighter/Jingliang-Li-26381
/fighter-profile/Rhys%20McKee/121259/,Rhys McKee,http://www.sherdog.com/fighter/Rhys-McKee-145609
/fighter-profile/John%20Phillips/25383/,John Phillips,http://www.sherdog.com/fighter/John-Phillips-13470
/fighter-profile/Rodolfo%20Vieira/170231/,Rodolfo Vieira,http://www.sherdog.com/fighter/Rodolfo-Vieira-137167
/fighter-profile/Warlley%20Alves/72376/,Warlley Alves,http://www.sherdog.com/fighter/Warlley-Alves-70750
/fighter-profile/Scott%20Askham/32806/,Scott Askham,http://www.sherdog.com/fighter/Scott-Askham-40518
/fighter-profile/Bevon%20Lewis/153509/,Bevon Lewis,http://www.sherdog.com/fighter/Bevon-Lewis-211153
/fighter-profile/Ron%20Stallings/23883/,Ron Stallings,http://www.sherdog.com/fighter/Ron-Stallings-11950
/fighter-profile/John%20Howard/23733/,John Howard,http://www.sherdog.com/fighter/John-Howard-11798
/fighter-profile/Dylan%20Andrews/42592/,Dylan Andrews,http://www.sherdog.com/fighter/Dylan-Andrews-21803
/fighter-profile/Adam%20Cella/87478/,Adam Cella,http://www.sherdog.com/fighter/Adam-Cella-69956
/fighter-profile/Tamdan%20McCrory/34366/,Tamdan McCrory,http://www.sherdog.com/fighter/Tamdan-McCrory-16470
/fighter-profile/Tor%20Troeng/12823/,Tor Troeng,http://www.sherdog.com/fighter/Tor-Troeng-6850
/fighter-profile/Magnus%20Cedenblad/42923/,Magnus Cedenblad,http://www.sherdog.com/fighter/Magnus-Cedenblad-22137
/fighter-profile/Bruno%20Santos/49191/,Bruno Santos,http://www.sherdog.com/fighter/Bruno-Santos-48052
/fighter-profile/Jacob%20Malkoun/150179/,Jacob Malkoun,http://www.sherdog.com/fighter/Jacob-Malkoun-204645
/fighter-profile/Claudio%20Silva/6013/,Claudio Silva,http://www.sherdog.com/fighter/Claudio-Silva-25830
/fighter-profile/Danny%20Roberts/65996/,Danny Roberts,http://www.sherdog.com/fighter/Danny-Roberts-64677
/fighter-profile/Oliver%20Enkamp/108783/,Oliver Enkamp,http://www.sherdog.com/fighter/Oliver-Enkamp-122281
/fighter-profile/Erick%20Silva/26912/,Erick Silva,http://www.sherdog.com/fighter/Erick-Silva-15009
/fighter-profile/Chris%20Clements/25382/,Chris Clements,http://www.sherdog.com/fighter/Chris-Clements-13469
/fighter-profile/Vik%20Grujic/71424/,Vik Grujic,http://www.sherdog.com/fighter/Vik-Grujic-69858
/fighter-profile/Zach%20Scroggin/154589/,Zach Scroggin,http://www.sherdog.com/fighter/Zach-Scroggin-213673
/fighter-profile/Randy%20Brown/108320/,Randy Brown,http://www.sherdog.com/fighter/Randy-Brown-115641
/fighter-profile/Abubakar%20Nurmagomedov/88589/,Abubakar Nurmagomedov,http://www.sherdog.com/fighter/Abubakar-Nurmagomedov-86474
/fighter-profile/Benoit%20St.%20Denis/205208/,Benoit St. Denis,http://www.sherdog.com/fighter/Benoit-St-Denis-317103
/fighter-profile/Alexey%20Kunchenko/118939/,Alexey Kunchenko,http://www.sherdog.com/fighter/Alexey-Kunchenko-140641
/fighter-profile/Curtis%20Millender/112079/,Curtis Millender,http://www.sherdog.com/fighter/Curtis-Millender-127439
/fighter-profile/Luigi%20Vendramini/161741/,Luigi Vendramini,http://www.sherdog.com/fighter/Luigi-Vendramini-225223
/fighter-profile/Max%20Griffin/54506/,Max Griffin,http://www.sherdog.com/fighter/Max-Griffin-53904
/fighter-profile/Lyman%20Good/26113/,Lyman Good,http://www.sherdog.com/fighter/Lyman-Good-14207
/fighter-profile/Keita%20Nakamura/21548/,Keita Nakamura,http://www.sherdog.com/fighter/Keita-Nakamura-9572
/fighter-profile/Nicolas%20Dalby/64960/,Nicolas Dalby,http://www.sherdog.com/fighter/Nicolas-Dalby-63608
/fighter-profile/Michael%20Chiesa/46276/,Michael Chiesa,http://www.sherdog.com/fighter/Michael-Chiesa-46224
/fighter-profile/Tim%20Means/23221/,Tim Means,http://www.sherdog.com/fighter/Tim-Means-11281
/fighter-profile/Alex%20Morono/66233/,Alex Morono,http://www.sherdog.com/fighter/Alex-Morono-64894
/fighter-profile/Matt%20Brown/26215/,Matt Brown,http://www.sherdog.com/fighter/Matt-Brown-14310
/fighter-profile/Carlos%20Condit/12738/,Carlos Condit,http://www.sherdog.com/fighter/Carlos-Condit-6765
/fighter-profile/Dhiego%20Lima/60802/,Dhiego Lima,http://www.sherdog.com/fighter/Dhiego-Lima-59607
/fighter-profile/Ben%20Saunders/22301/,Ben Saunders,http://www.sherdog.com/fighter/Ben-Saunders-10339
/fighter-profile/Dominique%20Steele/47973/,Dominique Steele,http://www.sherdog.com/fighter/Dominique-Steele-47845
/fighter-profile/Marcio%20Alexandre%20Jr./93602/,Marcio Alexandre Jr.,http://www.sherdog.com/fighter/Marcio-Alexandre-Jr-95457
/fighter-profile/Ryan%20LaFlare/20536/,Ryan LaFlare,http://www.sherdog.com/fighter/Ryan-LaFlare-34409
/fighter-profile/Josh%20Neer/21156/,Josh Neer,http://www.sherdog.com/fighter/Josh-Neer-9179
/fighter-profile/Nick%20Ring/12721/,Nick Ring,http://www.sherdog.com/fighter/Nick-Ring-6748
/fighter-profile/Ryan%20Jensen/653/,Ryan Jensen,http://www.sherdog.com/fighter/Ryan-Jensen-662
/fighter-profile/Kris%20McCray/31688/,Kris McCray,http://www.sherdog.com/fighter/Kris-McCray-39432
/fighter-profile/Leon%20Edwards/63931/,Leon Edwards,http://www.sherdog.com/fighter/Leon-Edwards-62665
/fighter-profile/Colby%20Covington/58038/,Colby Covington,http://www.sherdog.com/fighter/Colby-Covington-57269
/fighter-profile/Jorge%20Masvidal/13658/,Jorge Masvidal,http://www.sherdog.com/fighter/Jorge-Masvidal-7688
/fighter-profile/Rafael%20dos%20Anjos/23610/,Rafael dos Anjos,http://www.sherdog.com/fighter/Rafael-dos-Anjos-11675
/fighter-profile/Emil%20Meek/67622/,Emil Meek,http://www.sherdog.com/fighter/Emil-Meek-66143
/fighter-profile/Sergio%20Moraes/42136/,Sergio Moraes,http://www.sherdog.com/fighter/Sergio-Moraes-21343
/fighter-profile/Alexander%20Yakovlev/22795/,Alexander Yakovlev,http://www.sherdog.com/fighter/Alexander-Yakovlev-10846
/fighter-profile/Hayder%20Hassan/46020/,Hayder Hassan,http://www.sherdog.com/fighter/Hayder-Hassan-46033
/fighter-profile/Cathal%20Pendred/65702/,Cathal Pendred,http://www.sherdog.com/fighter/Cathal-Pendred-64373
/fighter-profile/Luiz%20Jorge%20Dutra%20Jr./14089/,Luiz Jorge Dutra Jr.,http://www.sherdog.com/fighter/Luiz-Jorge-Dutra-Jr-8121
/fighter-profile/Mike%20Pyle/10562/,Mike Pyle,http://www.sherdog.com/fighter/Mike-Pyle-4577
/fighter-profile/Mike%20Swick/11177/,Mike Swick,http://www.sherdog.com/fighter/Mike-Swick-5199
/fighter-profile/Sean%20Spencer/62114/,Sean Spencer,http://www.sherdog.com/fighter/Sean-Spencer-60908
/fighter-profile/Ben%20Wall/80320/,Ben Wall,http://www.sherdog.com/fighter/Ben-Wall-78164
/fighter-profile/George%20Sullivan/33063/,George Sullivan,http://www.sherdog.com/fighter/George-Sullivan-15148
/fighter-profile/Danny%20Mitchell/32811/,Danny Mitchell,http://www.sherdog.com/fighter/Danny-Mitchell-40523
/fighter-profile/Ildemar%20Alcantara/43009/,Ildemar Alcantara,http://www.sherdog.com/fighter/Ildemar-Alcantara-22223
/fighter-profile/Nic%20Herron-Webb/32051/,Nic Herron-Webb,http://www.sherdog.com/fighter/Nic-HerronWebb-39770
/fighter-profile/Cortez%20Coleman/49466/,Cortez Coleman,http://www.sherdog.com/fighter/Cortez-Coleman-48423
/fighter-profile/Sam%20Patterson/119335/,Sam Patterson,http://www.sherdog.com/fighter/Sam-Patterson-141735
/fighter-profile/Carlston%20Harris/87789/,Carlston Harris,http://www.sherdog.com/fighter/Carlston-Harris-85711
/fighter-profile/Geoff%20Neal/73564/,Geoff Neal,http://www.sherdog.com/fighter/Geoff-Neal-72107
/fighter-profile/Miguel%20Baeza/163354/,Miguel Baeza,http://www.sherdog.com/fighter/Miguel-Baeza-231403
/fighter-profile/Gunnar%20Nelson/5435/,Gunnar Nelson,http://www.sherdog.com/fighter/Gunnar-Nelson-25246
/fighter-profile/Zak%20Cummings/17952/,Zak Cummings,http://www.sherdog.com/fighter/Zak-Cummings-31808
/fighter-profile/Andreas%20Stahl/58114/,Andreas Stahl,http://www.sherdog.com/fighter/Andreas-Stahl-57322
/fighter-profile/Wendell%20de%20Oliveira%20Marques/33308/,Wendell de Oliveira Marques,http://www.sherdog.com/fighter/Wendell-de-Oliveira-Marques-15393
/fighter-profile/Mark%20Munoz/43194/,Mark Munoz,http://www.sherdog.com/fighter/Mark-Munoz-22411
/fighter-profile/Mats%20Nilsson/18588/,Mats Nilsson,http://www.sherdog.com/fighter/Mats-Nilsson-32446
/fighter-profile/Andrew%20Craig/64582/,Andrew Craig,http://www.sherdog.com/fighter/Andrew-Craig-63284
/fighter-profile/Gilbert%20Smith/66445/,Gilbert Smith,http://www.sherdog.com/fighter/Gilbert-Smith-65128
/fighter-profile/Nicholas%20Kohring/61272/,Nicholas Kohring,http://www.sherdog.com/fighter/Nicholas-Kohring-60034
/fighter-profile/Kevin%20Casey/4335/,Kevin Casey,http://www.sherdog.com/fighter/Kevin-Casey-24121
/fighter-profile/Ryan%20Bigler/23938/,Ryan Bigler,http://www.sherdog.com/fighter/Ryan-Bigler-12005
/fighter-profile/Julian%20Marquez/79823/,Julian Marquez,http://www.sherdog.com/fighter/Julian-Marquez-77743
/fighter-profile/Abu%20Azaitar/56759/,Abu Azaitar,http://www.sherdog.com/fighter/Abu-Azaitar-55936
/fighter-profile/Oskar%20Piechota/79295/,Oskar Piechota,http://www.sherdog.com/fighter/Oskar-Piechota-77303
/fighter-profile/Ryan%20Loder/239958/,Ryan Loder,http://www.sherdog.com/fighter/Ryan-Loder-385318
/fighter-profile/Chance%20Rencountre/120325/,Chance Rencountre,http://www.sherdog.com/fighter/Chance-Rencountre-143911
/fighter-profile/Michel%20Prazeres/43004/,Michel Prazeres,http://www.sherdog.com/fighter/Michel-Prazeres-22218
/fighter-profile/Jesse%20Bongfeldt/12782/,Jesse Bongfeldt,http://www.sherdog.com/fighter/Jesse-Bongfeldt-6809
/fighter-profile/Alessio%20Sakara/11343/,Alessio Sakara,http://www.sherdog.com/fighter/Alessio-Sakara-5366
/fighter-profile/Armen%20Petrosyan/198468/,Armen Petrosyan,http://www.sherdog.com/fighter/Armen-Petrosyan-302783
/fighter-profile/Antonio%20Trocoli/109169/,Antonio Trocoli,http://www.sherdog.com/fighter/Antonio-Trocoli-123109
/fighter-profile/Bryan%20Barberena/52138/,Bryan Barberena,http://www.sherdog.com/fighter/Bryan-Barberena-51471
/fighter-profile/Andre%20Petroski/155347/,Andre Petroski,http://www.sherdog.com/fighter/Andre-Petroski-215253
/fighter-profile/Bartosz%20Fabinski/89233/,Bartosz Fabinski,http://www.sherdog.com/fighter/Bartosz-Fabinski-87101
/fighter-profile/Deron%20Winn/171913/,Deron Winn,http://www.sherdog.com/fighter/Deron-Winn-248699
/fighter-profile/Joe%20Gigliotti/128690/,Joe Gigliotti,http://www.sherdog.com/fighter/Joe-Gigliotti-160679
/fighter-profile/Jared%20Gooden/142161/,Jared Gooden,http://www.sherdog.com/fighter/Jared-Gooden-187959
/fighter-profile/Andreas%20Gustafsson/187449/,Andreas Gustafsson,http://www.sherdog.com/fighter/Andreas-Gustafsson-280041
/fighter-profile/Carlos%20Leal/100389/,Carlos Leal,http://www.sherdog.com/fighter/Carlos-Leal-109073
/fighter-profile/Kevin%20Lee/86540/,Kevin Lee,http://www.sherdog.com/fighter/Kevin-Lee-84342
/fighter-profile/Rizvan%20Kuniev/88373/,Rizvan Kuniev,http://www.sherdog.com/fighter/Rizvan-Kuniev-86319
/fighter-profile/Justin%20Willis/65180/,Justin Willis,http://www.sherdog.com/fighter/Justin-Willis-63873
/fighter-profile/Daniel%20Omielanczuk/54977/,Daniel Omielanczuk,http://www.sherdog.com/fighter/Daniel-Omielanczuk-54303
/fighter-profile/Adam%20Milstead/61476/,Adam Milstead,http://www.sherdog.com/fighter/Adam-Milstead-60258
/fighter-profile/Cody%20East/19491/,Cody East,http://www.sherdog.com/fighter/Cody-East-33359
/fighter-profile/Maurice%20Greene/99959/,Maurice Greene,http://www.sherdog.com/fighter/Maurice-Greene-85198
/fighter-profile/Marcelo%20Golm/144688/,Marcelo Golm,http://www.sherdog.com/fighter/Marcelo-Golm-190735
/fighter-profile/Tyrell%20Fortune/166327/,Tyrell Fortune,http://www.sherdog.com/fighter/Tyrell-Fortune-204623
/fighter-profile/Mick%20Parkin/163117/,Mick Parkin,http://www.sherdog.com/fighter/Mick-Parkin-224411
/fighter-profile/Jhonata%20Diniz/244003/,Jhonata Diniz,http://www.sherdog.com/fighter/Jhonata-Diniz-389887
/fighter-profile/Martin%20Buday/130715/,Martin Buday,http://www.sherdog.com/fighter/Martin-Buday-164475
/fighter-profile/Chase%20Sherman/128498/,Chase Sherman,http://www.sherdog.com/fighter/Chase-Sherman-159319
/fighter-profile/Josh%20Barnett/270/,Josh Barnett,http://www.sherdog.com/fighter/Josh-Barnett-272
/fighter-profile/Antonio%20Silva/24283/,Antonio Silva,http://www.sherdog.com/fighter/Antonio-Silva-12354
/fighter-profile/Brendan%20Schaub/20053/,Brendan Schaub,http://www.sherdog.com/fighter/Brendan-Schaub-33926
/fighter-profile/Marcio%20Cruz/25882/,Marcio Cruz,http://www.sherdog.com/fighter/Marcio-Cruz-13976
/fighter-profile/Tim%20Sylvia/1048/,Tim Sylvia,http://www.sherdog.com/fighter/Tim-Sylvia-1061
/fighter-profile/Paul%20Buentello/344/,Paul Buentello,http://www.sherdog.com/fighter/Paul-Buentello-347
/fighter-profile/Justin%20Eilers/11913/,Justin Eilers,http://www.sherdog.com/fighter/Justin-Eilers-5936
/fighter-profile/Wesley%20Correira/2808/,Wesley Correira,http://www.sherdog.com/fighter/Wesley-Correira-2829
/fighter-profile/Ian%20Freeman/240/,Ian Freeman,http://www.sherdog.com/fighter/Ian-Freeman-242
/fighter-profile/Pedro%20Rizzo/206/,Pedro Rizzo,http://www.sherdog.com/fighter/Pedro-Rizzo-208
/fighter-profile/Ricco%20Rodriguez/8/,Ricco Rodriguez,http://www.sherdog.com/fighter/Ricco-Rodriguez-8
/fighter-profile/Aaron%20Brink/269/,Aaron Brink,http://www.sherdog.com/fighter/Aaron-Brink-271
/fighter-profile/Mohammed%20Usman/174102/,Mohammed Usman,http://www.sherdog.com/fighter/Mohammed-Usman-253535
/fighter-profile/Chris%20Barnett/45570/,Chris Barnett,http://www.sherdog.com/fighter/Chris-Barnett-45664
/fighter-profile/Marcel%20Fortuna/82084/,Marcel Fortuna,http://www.sherdog.com/fighter/Marcel-Fortuna-79995
/fighter-profile/Ricardo%20Abreu/84572/,Ricardo Abreu,http://www.sherdog.com/fighter/Ricardo-Abreu-82392
/fighter-profile/Robelis%20Despaigne/261203/,Robelis Despaigne,http://www.sherdog.com/fighter/Robelis-Despaigne-406903
/fighter-profile/Lukasz%20Brzeski/114367/,Lukasz Brzeski,http://www.sherdog.com/fighter/Lukasz-Brzeski-132249
/fighter-profile/Danilo%20Marques/134438/,Danilo Marques,http://www.sherdog.com/fighter/Danilo-Marques-172145
/fighter-profile/Juan%20Espino/172160/,Juan Espino,http://www.sherdog.com/fighter/Juan-Espino-249511
/fighter-profile/Brock%20Lesnar/35390/,Brock Lesnar,http://www.sherdog.com/fighter/Brock-Lesnar-17522
/fighter-profile/Mark%20Godbeer/55388/,Mark Godbeer,http://www.sherdog.com/fighter/Mark-Godbeer-54637
/fighter-profile/Jared%20Rosholt/79032/,Jared Rosholt,http://www.sherdog.com/fighter/Jared-Rosholt-76763
/fighter-profile/Yorgan%20De%20Castro/136394/,Yorgan De Castro,http://www.sherdog.com/fighter/Yorgan-De-Castro-176091
/fighter-profile/Ben%20Sosoli/111133/,Ben Sosoli,http://www.sherdog.com/fighter/Ben-Sosoli-125617
/fighter-profile/Juan%20Adams/167144/,Juan Adams,http://www.sherdog.com/fighter/Juan-Adams-239097
/fighter-profile/Dmitry%20Smoliakov/111203/,Dmitry Smoliakov,http://www.sherdog.com/fighter/Dmitry-Smoliakov-125781
/fighter-profile/Antonio%20Rodrigo%20Nogueira/1426/,Antonio Rodrigo Nogueira,http://www.sherdog.com/fighter/Antonio-Rodrigo-Nogueira-1440
/fighter-profile/Mike%20Russow/38352/,Mike Russow,http://www.sherdog.com/fighter/Mike-Russow-20552
/fighter-profile/Lavar%20Johnson/21487/,Lavar Johnson,http://www.sherdog.com/fighter/Lavar-Johnson-9511
/fighter-profile/Dave%20Herman/37544/,Dave Herman,http://www.sherdog.com/fighter/Dave-Herman-19720
/fighter-profile/Pat%20Barry/19474/,Pat Barry,http://www.sherdog.com/fighter/Pat-Barry-33342
/fighter-profile/Sean%20McCorkle/37464/,Sean McCorkle,http://www.sherdog.com/fighter/Sean-McCorkle-19640
/fighter-profile/Christian%20Morecraft/20503/,Christian Morecraft,http://www.sherdog.com/fighter/Christian-Morecraft-34376
/fighter-profile/Chase%20Gormley/43033/,Chase Gormley,http://www.sherdog.com/fighter/Chase-Gormley-22247
/fighter-profile/Denis%20Stojnic/24872/,Denis Stojnic,http://www.sherdog.com/fighter/Denis-Stojnic-12955
/fighter-profile/Cheick%20Kongo/2174/,Cheick Kongo,http://www.sherdog.com/fighter/Cheick-Kongo-2193
/fighter-profile/James%20McSweeney/42897/,James McSweeney,http://www.sherdog.com/fighter/James-McSweeney-22111
/fighter-profile/Justin%20Wren/42194/,Justin Wren,http://www.sherdog.com/fighter/Justin-Wren-21401
/fighter-profile/Kimbo%20Slice/43172/,Kimbo Slice,http://www.sherdog.com/fighter/Kimbo-Slice-22388
/fighter-profile/Austen%20Lane/172155/,Austen Lane,http://www.sherdog.com/fighter/Austen-Lane-249439
/fighter-profile/Justin%20Tafa/174613/,Justin Tafa,http://www.sherdog.com/fighter/Justin-Tafa-254717
/fighter-profile/Shane%20del%20Rosario/35266/,Shane del Rosario,http://www.sherdog.com/fighter/Shane-del-Rosario-17393
/fighter-profile/Phil%20De%20Fries/46105/,Phil De Fries,http://www.sherdog.com/fighter/Phil-De-Fries-46202
/fighter-profile/Brian%20Stann/26732/,Brian Stann,http://www.sherdog.com/fighter/Brian-Stann-14829
/fighter-profile/Dan%20Miller/26368/,Dan Miller,http://www.sherdog.com/fighter/Dan-Miller-14464
/fighter-profile/Jeremy%20Horn/200/,Jeremy Horn,http://www.sherdog.com/fighter/Jeremy-Horn-202
/fighter-profile/Trevor%20Prangley/10771/,Trevor Prangley,http://www.sherdog.com/fighter/Trevor-Prangley-4789
/fighter-profile/Renato%20Sobral/272/,Renato Sobral,http://www.sherdog.com/fighter/Renato-Sobral-274
/fighter-profile/Yoshihiro%20Akiyama/23828/,Yoshihiro Akiyama,http://www.sherdog.com/fighter/Yoshihiro-Akiyama-11895
/fighter-profile/Tito%20Ortiz/156/,Tito Ortiz,http://www.sherdog.com/fighter/Tito-Ortiz-158
/fighter-profile/Randy%20Couture/164/,Randy Couture,http://www.sherdog.com/fighter/Randy-Couture-166
/fighter-profile/Marvin%20Eastman/336/,Marvin Eastman,http://www.sherdog.com/fighter/Marvin-Eastman-339
/fighter-profile/Chuck%20Liddell/190/,Chuck Liddell,http://www.sherdog.com/fighter/Chuck-Liddell-192
/fighter-profile/Wanderlei%20Silva/207/,Wanderlei Silva,http://www.sherdog.com/fighter/Wanderlei-Silva-209
/fighter-profile/Joe%20Charles/46/,Joe Charles,http://www.sherdog.com/fighter/Joe-Charles-46
/fighter-profile/Tank%20Abbott/108/,Tank Abbott,http://www.sherdog.com/fighter/Tank-Abbott-110
/fighter-profile/Tra%20Telligman/155/,Tra Telligman,http://www.sherdog.com/fighter/Tra-Telligman-157
/fighter-profile/Scott%20Ferrozzo/126/,Scott Ferrozzo,http://www.sherdog.com/fighter/Scott-Ferrozzo-128
/fighter-profile/Sean%20Salmon/26419/,Sean Salmon,http://www.sherdog.com/fighter/Sean-Salmon-14515
/fighter-profile/Jason%20Lambert/487/,Jason Lambert,http://www.sherdog.com/fighter/Jason-Lambert-495
/fighter-profile/Sam%20Hoger/12421/,Sam Hoger,http://www.sherdog.com/fighter/Sam-Hoger-6445
/fighter-profile/Brad%20Imes/23393/,Brad Imes,http://www.sherdog.com/fighter/Brad-Imes-11453
/fighter-profile/Keith%20Jardine/2618/,Keith Jardine,http://www.sherdog.com/fighter/Keith-Jardine-2638
/fighter-profile/Mike%20Whitehead/10382/,Mike Whitehead,http://www.sherdog.com/fighter/Mike-Whitehead-4397
/fighter-profile/Tom%20Murphy/24213/,Tom Murphy,http://www.sherdog.com/fighter/Tom-Murphy-12284
/fighter-profile/C.B.%20Dollaway/43134/,C.B. Dollaway,http://www.sherdog.com/fighter/CB-Dollaway-22350
/fighter-profile/Rameau%20Thierry%20Sokoudjou/34893/,Rameau Thierry Sokoudjou,http://www.sherdog.com/fighter/Rameau-Thierry-Sokoudjou-17010
/fighter-profile/Kazuhiro%20Nakamura/12915/,Kazuhiro Nakamura,http://www.sherdog.com/fighter/Kazuhiro-Nakamura-6943
/fighter-profile/David%20Heath/23423/,David Heath,http://www.sherdog.com/fighter/David-Heath-11483
/fighter-profile/Mark%20Coleman/134/,Mark Coleman,http://www.sherdog.com/fighter/Mark-Coleman-136
/fighter-profile/Anthony%20Perosh/21467/,Anthony Perosh,http://www.sherdog.com/fighter/Anthony-Perosh-9491
/fighter-profile/Jason%20Brilz/1911/,Jason Brilz,http://www.sherdog.com/fighter/Jason-Brilz-1927
/fighter-profile/Eric%20Schafer/25190/,Eric Schafer,http://www.sherdog.com/fighter/Eric-Schafer-13275
/fighter-profile/Carmelo%20Marrero/24779/,Carmelo Marrero,http://www.sherdog.com/fighter/Carmelo-Marrero-12855
/fighter-profile/Eliot%20Marshall/27005/,Eliot Marshall,http://www.sherdog.com/fighter/Eliot-Marshall-15104
/fighter-profile/Alexandre%20Ferreira/1384/,Alexandre Ferreira,http://www.sherdog.com/fighter/Alexandre-Ferreira-1398
/fighter-profile/Travis%20Wiuff/9649/,Travis Wiuff,http://www.sherdog.com/fighter/Travis-Wiuff-3660
/fighter-profile/Yuki%20Kondo/261/,Yuki Kondo,http://www.sherdog.com/fighter/Yuki-Kondo-263
/fighter-profile/Michael%20Patt/9495/,Michael Patt,http://www.sherdog.com/fighter/Michael-Patt-3506
/fighter-profile/Reese%20Andy/24617/,Reese Andy,http://www.sherdog.com/fighter/Reese-Andy-12692
/fighter-profile/Assuerio%20Silva/1572/,Assuerio Silva,http://www.sherdog.com/fighter/Assuerio-Silva-1587
/fighter-profile/Fabiano%20Scherner/13660/,Fabiano Scherner,http://www.sherdog.com/fighter/Fabiano-Scherner-7690
/fighter-profile/Roger%20Hollett/33815/,Roger Hollett,http://www.sherdog.com/fighter/Roger-Hollett-15907
/fighter-profile/Rex%20Holman/25652/,Rex Holman,http://www.sherdog.com/fighter/Rex-Holman-13745
/fighter-profile/Seth%20Petruzelli/2717/,Seth Petruzelli,http://www.sherdog.com/fighter/Seth-Petruzelli-2738
/fighter-profile/Jesse%20Forbes/25366/,Jesse Forbes,http://www.sherdog.com/fighter/Jesse-Forbes-13453
/fighter-profile/Mike%20Nickels/23218/,Mike Nickels,http://www.sherdog.com/fighter/Mike-Nickels-11278
/fighter-profile/Christian%20Wellisch/9318/,Christian Wellisch,http://www.sherdog.com/fighter/Christian-Wellisch-3328
/fighter-profile/Heath%20Herring/13/,Heath Herring,http://www.sherdog.com/fighter/Heath-Herring-13
/fighter-profile/Josh%20Schockman/25185/,Josh Schockman,http://www.sherdog.com/fighter/Josh-Schockman-13270
/fighter-profile/Kristof%20Midoux/9353/,Kristof Midoux,http://www.sherdog.com/fighter/Kristof-Midoux-3363
/fighter-profile/Bobby%20Southworth/543/,Bobby Southworth,http://www.sherdog.com/fighter/Bobby-Southworth-551
/fighter-profile/Brando%20Pericic/200585/,Brando Pericic,http://www.sherdog.com/fighter/Brando-Pericic-306625
/fighter-profile/Yaozong%20Hu/173738/,Yaozong Hu,http://www.sherdog.com/fighter/Yaozong-Hu-251779
/fighter-profile/Chris%20de%20la%20Rocha/121573/,Chris de la Rocha,http://www.sherdog.com/fighter/Chris-de-la-Rocha-146377
/fighter-profile/Brad%20Morris/14987/,Brad Morris,http://www.sherdog.com/fighter/Brad-Morris-9024
/fighter-profile/Adam%20Wieczorek/90541/,Adam Wieczorek,http://www.sherdog.com/fighter/Adam-Wieczorek-86930
/fighter-profile/Todd%20Duffee/3135/,Todd Duffee,http://www.sherdog.com/fighter/Todd-Duffee-22903
/fighter-profile/Abdul-Kerim%20Edilov/64316/,Abdul-Kerim Edilov,http://www.sherdog.com/fighter/AbdulKerim-Edilov-63045
/fighter-profile/Arjan%20Singh%20Bhullar/136058/,Arjan Singh Bhullar,http://www.sherdog.com/fighter/Arjan-Singh-Bhullar-175321
/fighter-profile/Christian%20Colombo/55829/,Christian Colombo,http://www.sherdog.com/fighter/Christian-Colombo-55092
/fighter-profile/Denzel%20Freeman/182505/,Denzel Freeman,http://www.sherdog.com/fighter/Denzel-Freeman-270825
/fighter-profile/Max%20Gimenis/256405/,Max Gimenis,http://www.sherdog.com/fighter/Max-Gimenis-403252
/fighter-profile/Junior%20Tafa/262359/,Junior Tafa,http://www.sherdog.com/fighter/Junior-Tafa-408471
/fighter-profile/Richardson%20Moreira/74446/,Richardson Moreira,http://www.sherdog.com/fighter/Richardson-Moreira-72825
/fighter-profile/Chris%20Tuchscherer/22622/,Chris Tuchscherer,http://www.sherdog.com/fighter/Chris-Tuchscherer-10669
/fighter-profile/Chad%20Griggs/33840/,Chad Griggs,http://www.sherdog.com/fighter/Chad-Griggs-15932
/fighter-profile/Rob%20Broughton/22872/,Rob Broughton,http://www.sherdog.com/fighter/Rob-Broughton-10924
/fighter-profile/Konstantin%20Erokhin/94720/,Konstantin Erokhin,http://www.sherdog.com/fighter/Konstantin-Erokhin-98151
/fighter-profile/Josh%20Hendricks/13622/,Josh Hendricks,http://www.sherdog.com/fighter/Josh-Hendricks-7652
/fighter-profile/Justin%20McCully/919/,Justin McCully,http://www.sherdog.com/fighter/Justin-McCully-930
/fighter-profile/Kevin%20Jordan/10384/,Kevin Jordan,http://www.sherdog.com/fighter/Kevin-Jordan-4399
/fighter-profile/Ruslan%20Magomedov/76198/,Ruslan Magomedov,http://www.sherdog.com/fighter/Ruslan-Magomedov-74434
/fighter-profile/Oli%20Thompson/55271/,Oli Thompson,http://www.sherdog.com/fighter/Oli-Thompson-54543
/fighter-profile/Tim%20Hague/37423/,Tim Hague,http://www.sherdog.com/fighter/Tim-Hague-19599
/fighter-profile/Marcus%20Jones/6095/,Marcus Jones,http://www.sherdog.com/fighter/Marcus-Jones-25912
/fighter-profile/Scott%20Junk/24860/,Scott Junk,http://www.sherdog.com/fighter/Scott-Junk-12943
/fighter-profile/Antoni%20Hardonk/1503/,Antoni Hardonk,http://www.sherdog.com/fighter/Antoni-Hardonk-1518
/fighter-profile/Dan%20Christison/2626/,Dan Christison,http://www.sherdog.com/fighter/Dan-Christison-2646
/fighter-profile/Wes%20Sims/2693/,Wes Sims,http://www.sherdog.com/fighter/Wes-Sims-2713
/fighter-profile/Pete%20Williams/199/,Pete Williams,http://www.sherdog.com/fighter/Pete-Williams-201
/fighter-profile/Roberto%20Traven/140/,Roberto Traven,http://www.sherdog.com/fighter/Roberto-Traven-142
/fighter-profile/Neil%20Wain/37939/,Neil Wain,http://www.sherdog.com/fighter/Neil-Wain-20121
/fighter-profile/Jon%20Madsen/49021/,Jon Madsen,http://www.sherdog.com/fighter/Jon-Madsen-48820
/fighter-profile/Mostapha%20Al-Turk/14191/,Mostapha Al-Turk,http://www.sherdog.com/fighter/Mostapha-AlTurk-8224
/fighter-profile/Eddie%20Sanchez/24030/,Eddie Sanchez,http://www.sherdog.com/fighter/Eddie-Sanchez-12098
/fighter-profile/Jamal%20Pogues/124780/,Jamal Pogues,http://www.sherdog.com/fighter/Jamal-Pogues-152993
/fighter-profile/Brendson%20Ribeiro/153604/,Brendson Ribeiro,http://www.sherdog.com/fighter/Brendson-Ribeiro-210539
/fighter-profile/Michel%20Batista/158427/,Michel Batista,http://www.sherdog.com/fighter/Michel-Batista-217891
/fighter-profile/Kevin%20Christian/157057/,Kevin Christian,http://www.sherdog.com/fighter/Kevin-Christian-214529
/fighter-profile/Marcus%20Almeida/235401/,Marcus Almeida,http://www.sherdog.com/fighter/Marcus-Almeida-116977
/fighter-profile/Jordan%20Heiderman/151758/,Jordan Heiderman,http://www.sherdog.com/fighter/Jordan-Heiderman-207737
/fighter-profile/Nyle%20Bartling/202464/,Nyle Bartling,http://www.sherdog.com/fighter/Nyle-Bartling-310615
/fighter-profile/Azunna%20Anyanwu/69754/,Azunna Anyanwu,http://www.sherdog.com/fighter/Azunna-Anyanwu-68352
/fighter-profile/Osman%20Diaz/126810/,Osman Diaz,http://www.sherdog.com/fighter/Osman-Diaz-156965
/fighter-profile/Laureano%20Staropoli/119056/,Laureano Staropoli,http://www.sherdog.com/fighter/Laureano-Staropoli-141271
/fighter-profile/Joshua%20Burkman/21966/,Joshua Burkman,http://www.sherdog.com/fighter/Joshua-Burkman-10003
/fighter-profile/Jake%20Shields/494/,Jake Shields,http://www.sherdog.com/fighter/Jake-Shields-502
/fighter-profile/Rousimar%20Palhares/34183/,Rousimar Palhares,http://www.sherdog.com/fighter/Rousimar-Palhares-16286
/fighter-profile/Daniel%20Sarafian/35532/,Daniel Sarafian,http://www.sherdog.com/fighter/Daniel-Sarafian-17665
/fighter-profile/Mike%20Malott/81480/,Mike Malott,http://www.sherdog.com/fighter/Mike-Malott-79377
/fighter-profile/Jack%20Della%20Maddalena/151951/,Jack Della Maddalena,http://www.sherdog.com/fighter/Jack-Della-Maddalena-208155
/fighter-profile/Alex%20Oliveira/100880/,Alex Oliveira,http://www.sherdog.com/fighter/Alex-Oliveira-110143
/fighter-profile/Charlie%20Ontiveros/85497/,Charlie Ontiveros,http://www.sherdog.com/fighter/Charlie-Ontiveros-83277
/fighter-profile/Alessio%20Di%20Chirico/91207/,Alessio Di Chirico,http://www.sherdog.com/fighter/Alessio-Di-Chirico-89875
/fighter-profile/Rich%20Attonito/23888/,Rich Attonito,http://www.sherdog.com/fighter/Rich-Attonito-11955
/fighter-profile/Tomasz%20Drwal/22009/,Tomasz Drwal,http://www.sherdog.com/fighter/Tomasz-Drwal-10047
/fighter-profile/Gerald%20Harris/35766/,Gerald Harris,http://www.sherdog.com/fighter/Gerald-Harris-17903
/fighter-profile/Elias%20Urbina/132142/,Elias Urbina,http://www.sherdog.com/fighter/Elias-Urbina-167417
/fighter-profile/Wilson%20Gouveia/9062/,Wilson Gouveia,http://www.sherdog.com/fighter/Wilson-Gouveia-3070
/fighter-profile/Martin%20Kampmann/11321/,Martin Kampmann,http://www.sherdog.com/fighter/Martin-Kampmann-5344
/fighter-profile/Dean%20Lister/335/,Dean Lister,http://www.sherdog.com/fighter/Dean-Lister-338
/fighter-profile/Crafton%20Wallace/14236/,Crafton Wallace,http://www.sherdog.com/fighter/Crafton-Wallace-8269
/fighter-profile/Joe%20Doerksen/383/,Joe Doerksen,http://www.sherdog.com/fighter/Joe-Doerksen-390
/fighter-profile/Ivan%20Salaverry/1337/,Ivan Salaverry,http://www.sherdog.com/fighter/Ivan-Salaverry-1351
/fighter-profile/Sheldon%20Westcott/3865/,Sheldon Westcott,http://www.sherdog.com/fighter/Sheldon-Westcott-23648
/fighter-profile/Marcelo%20Guimaraes/38080/,Marcelo Guimaraes,http://www.sherdog.com/fighter/Marcelo-Guimaraes-20277
/fighter-profile/Karlos%20Vemola/32584/,Karlos Vemola,http://www.sherdog.com/fighter/Karlos-Vemola-40238
/fighter-profile/Askar%20Mozharov/143755/,Askar Mozharov,http://www.sherdog.com/fighter/Askar-Mozharov-191565
/fighter-profile/Kyle%20Noke/13602/,Kyle Noke,http://www.sherdog.com/fighter/Kyle-Noke-7632
/fighter-profile/Tim%20Credeur/1789/,Tim Credeur,http://www.sherdog.com/fighter/Tim-Credeur-1804
/fighter-profile/David%20Loiseau/892/,David Loiseau,http://www.sherdog.com/fighter/David-Loiseau-903
/fighter-profile/Alan%20Belcher/22914/,Alan Belcher,http://www.sherdog.com/fighter/Alan-Belcher-10967
/fighter-profile/Scott%20Smith/2558/,Scott Smith,http://www.sherdog.com/fighter/Scott-Smith-2578
/fighter-profile/Chris%20Price/26027/,Chris Price,http://www.sherdog.com/fighter/Chris-Price-14121
/fighter-profile/Jason%20MacDonald/10374/,Jason MacDonald,http://www.sherdog.com/fighter/Jason-MacDonald-4389
/fighter-profile/Kendall%20Grove/22088/,Kendall Grove,http://www.sherdog.com/fighter/Kendall-Grove-10126
/fighter-profile/Rory%20Singer/9514/,Rory Singer,http://www.sherdog.com/fighter/Rory-Singer-3525
/fighter-profile/Danny%20Abbadi/34591/,Danny Abbadi,http://www.sherdog.com/fighter/Danny-Abbadi-16696
/fighter-profile/Luiz%20Cane/35427/,Luiz Cane,http://www.sherdog.com/fighter/Luiz-Cane-17559
/fighter-profile/Nick%20Penner/3952/,Nick Penner,http://www.sherdog.com/fighter/Nick-Penner-23736
/fighter-profile/Iwo%20Baraniewski/237033/,Iwo Baraniewski,http://www.sherdog.com/fighter/Iwo-Baraniewski-381634
/fighter-profile/Jordan%20Johnson/110484/,Jordan Johnson,http://www.sherdog.com/fighter/Jordan-Johnson-124405
/fighter-profile/A.J.%20Dobson/106614/,A.J. Dobson,http://www.sherdog.com/fighter/AJ-Dobson-119943
/fighter-profile/Charles%20Byrd/51886/,Charles Byrd,http://www.sherdog.com/fighter/Charles-Byrd-51234
/fighter-profile/Nikolay%20Veretennikov/141461/,Nikolay Veretennikov,http://www.sherdog.com/fighter/Nikolay-Veretennikov-186789
/fighter-profile/Nick%20Maximov/198424/,Nick Maximov,http://www.sherdog.com/fighter/Nick-Maximov-302823
/fighter-profile/Cameron%20Rowston/167495/,Cameron Rowston,http://www.sherdog.com/fighter/Cameron-Rowston-239381
/fighter-profile/Zachary%20Reese/96170/,Zachary Reese,http://www.sherdog.com/fighter/Zachary-Reese-100903
/fighter-profile/James%20Bochnovic/113387/,James Bochnovic,http://www.sherdog.com/fighter/James-Bochnovic-130011
/fighter-profile/Ramazan%20Emeev/73927/,Ramazan Emeev,http://www.sherdog.com/fighter/Ramazan-Emeev-72356
/fighter-profile/Joey%20Rivera/15628/,Joey Rivera,http://www.sherdog.com/fighter/Joey-Rivera-29455
/fighter-profile/Leo%20Kuntz/44540/,Leo Kuntz,http://www.sherdog.com/fighter/Leo-Kuntz-44602
/fighter-profile/Luke%20Fernandez/232933/,Luke Fernandez,http://www.sherdog.com/fighter/Luke-Fernandez-376548
/fighter-profile/Gadzhi%20Omargadzhiev/121131/,Gadzhi Omargadzhiev,http://www.sherdog.com/fighter/Gadzhi-Omargadzhiev-145315
/fighter-profile/Antonio%20Arroyo/135318/,Antonio Arroyo,http://www.sherdog.com/fighter/Antonio-Arroyo-173979
/fighter-profile/Braxton%20Smith/128499/,Braxton Smith,http://www.sherdog.com/fighter/Braxton-Smith-159321
/fighter-profile/Abdul-Rakhman%20Yakhyaev/248301/,Abdul-Rakhman Yakhyaev,http://www.sherdog.com/fighter/AbdulRakhman-Yakhyaev-395509
/fighter-profile/Magomed%20Gadzhiyasulov/185477/,Magomed Gadzhiyasulov,http://www.sherdog.com/fighter/Magomed-Gadzhiyasulov-272659
/fighter-profile/Maki%20Pitolo/51547/,Maki Pitolo,http://www.sherdog.com/fighter/Maki-Pitolo-51049
/fighter-profile/Joe%20Riggs/2744/,Joe Riggs,http://www.sherdog.com/fighter/Joe-Riggs-2765
/fighter-profile/Nick%20Catone/3237/,Nick Catone,http://www.sherdog.com/fighter/Nick-Catone-23006
/fighter-profile/Marco%20Tulio/178782/,Marco Tulio,http://www.sherdog.com/fighter/Marco-Tulio-263543
/fighter-profile/Cesar%20Almeida/156838/,Cesar Almeida,http://www.sherdog.com/fighter/Cesar-Almeida-217983
/fighter-profile/Claudio%20Ribeiro/172025/,Claudio Ribeiro,http://www.sherdog.com/fighter/Claudio-Ribeiro-249103
/fighter-profile/Albert%20Duraev/88917/,Albert Duraev,http://www.sherdog.com/fighter/Albert-Duraev-86841
/fighter-profile/Andrey%20Pulyaev/251112/,Andrey Pulyaev,http://www.sherdog.com/fighter/Andrey-Pulyaev-398399
/fighter-profile/Denis%20Tiuliulin/163198/,Denis Tiuliulin,http://www.sherdog.com/fighter/Denis-Tiuliulin-230989
/fighter-profile/Joseph%20Holmes/190065/,Joseph Holmes,http://www.sherdog.com/fighter/Joseph-Holmes-285543
/fighter-profile/Joao%20Zeferino/35445/,Joao Zeferino,http://www.sherdog.com/fighter/Joao-Zeferino-17577
/fighter-profile/Michael%20Kuiper/41476/,Michael Kuiper,http://www.sherdog.com/fighter/Michael-Kuiper-42901
/fighter-profile/Paul%20Bradley/37550/,Paul Bradley,http://www.sherdog.com/fighter/Paul-Bradley-19726
/fighter-profile/Andre%20Fialho/143273/,Andre Fialho,http://www.sherdog.com/fighter/Andre-Fialho-188171
/fighter-profile/Niko%20Price/94173/,Niko Price,http://www.sherdog.com/fighter/Niko-Price-96921
/fighter-profile/Kalinn%20Williams/146914/,Kalinn Williams,http://www.sherdog.com/fighter/Kalinn-Williams-198129
/fighter-profile/Zelim%20Imadaev/163702/,Zelim Imadaev,http://www.sherdog.com/fighter/Zelim-Imadaev-232055
/fighter-profile/Diego%20Sanchez/10806/,Diego Sanchez,http://www.sherdog.com/fighter/Diego-Sanchez-4824
/fighter-profile/Tristan%20Connelly/62546/,Tristan Connelly,http://www.sherdog.com/fighter/Tristan-Connelly-61364
/fighter-profile/Jake%20Matthews/108707/,Jake Matthews,http://www.sherdog.com/fighter/Jake-Matthews-122139
/fighter-profile/Aliaskhab%20Khizriev/152718/,Aliaskhab Khizriev,http://www.sherdog.com/fighter/Aliaskhab-Khizriev-209647
/fighter-profile/Keith%20Berish/46363/,Keith Berish,http://www.sherdog.com/fighter/Keith-Berish-46314
/fighter-profile/Charlie%20Brenneman/3625/,Charlie Brenneman,http://www.sherdog.com/fighter/Charlie-Brenneman-23403
/fighter-profile/Dan%20Hardy/22584/,Dan Hardy,http://www.sherdog.com/fighter/Dan-Hardy-10629
/fighter-profile/Josh%20Koscheck/21394/,Josh Koscheck,http://www.sherdog.com/fighter/Josh-Koscheck-9418
/fighter-profile/Yoshiyuki%20Yoshida/24005/,Yoshiyuki Yoshida,http://www.sherdog.com/fighter/Yoshiyuki-Yoshida-12073
/fighter-profile/Luigi%20Fioravanti/24130/,Luigi Fioravanti,http://www.sherdog.com/fighter/Luigi-Fioravanti-12199
/fighter-profile/Kevin%20Burns/38313/,Kevin Burns,http://www.sherdog.com/fighter/Kevin-Burns-20512
/fighter-profile/Tom%20Speer/34530/,Tom Speer,http://www.sherdog.com/fighter/Tom-Speer-16635
/fighter-profile/Rich%20Clementi/1033/,Rich Clementi,http://www.sherdog.com/fighter/Rich-Clementi-1046
/fighter-profile/Chad%20Reiner/25922/,Chad Reiner,http://www.sherdog.com/fighter/Chad-Reiner-14016
/fighter-profile/Wagner%20Prado/53888/,Wagner Prado,http://www.sherdog.com/fighter/Wagner-Prado-53134
/fighter-profile/Rodney%20Wallace/19475/,Rodney Wallace,http://www.sherdog.com/fighter/Rodney-Wallace-33343
/fighter-profile/Aaron%20Rosa/27030/,Aaron Rosa,http://www.sherdog.com/fighter/Aaron-Rosa-15129
/fighter-profile/Ricardo%20Romero/4193/,Ricardo Romero,http://www.sherdog.com/fighter/Ricardo-Romero-23978
/fighter-profile/Razak%20Al-Hassan/3549/,Razak Al-Hassan,http://www.sherdog.com/fighter/Razak-AlHassan-23326
/fighter-profile/Buddy%20Roberts/4027/,Buddy Roberts,http://www.sherdog.com/fighter/Buddy-Roberts-23811
/fighter-profile/Lucio%20Linhares/22499/,Lucio Linhares,http://www.sherdog.com/fighter/Lucio-Linhares-10543
/fighter-profile/Evan%20Tanner/210/,Evan Tanner,http://www.sherdog.com/fighter/Evan-Tanner-212
/fighter-profile/Kalib%20Starnes/14064/,Kalib Starnes,http://www.sherdog.com/fighter/Kalib-Starnes-8095
/fighter-profile/Antwain%20Britt/43288/,Antwain Britt,http://www.sherdog.com/fighter/Antwain-Britt-22505
/fighter-profile/Shane%20Primm/36163/,Shane Primm,http://www.sherdog.com/fighter/Shane-Primm-18304
/fighter-profile/Ryan%20Lopez/35787/,Ryan Lopez,http://www.sherdog.com/fighter/Ryan-Lopez-17924
/fighter-profile/Dan%20Spohn/31880/,Dan Spohn,http://www.sherdog.com/fighter/Dan-Spohn-39485
/fighter-profile/Chris%20Fields/46782/,Chris Fields,http://www.sherdog.com/fighter/Chris-Fields-46747
/fighter-profile/Anton%20Berzin/71243/,Anton Berzin,http://www.sherdog.com/fighter/Anton-Berzin-69707
/fighter-profile/Georges%20St.%20Pierre/9489/,Georges St. Pierre,http://www.sherdog.com/fighter/Georges-St-Pierre-3500
/fighter-profile/Cung%20Le/26786/,Cung Le,http://www.sherdog.com/fighter/Cung-Le-14883
/fighter-profile/Jason%20Miller/13768/,Jason Miller,http://www.sherdog.com/fighter/Jason-Miller-7798
/fighter-profile/Jorge%20Rivera/2692/,Jorge Rivera,http://www.sherdog.com/fighter/Jorge-Rivera-2712
/fighter-profile/Denis%20Kang/924/,Denis Kang,http://www.sherdog.com/fighter/Denis-Kang-935
/fighter-profile/Jason%20Day/12784/,Jason Day,http://www.sherdog.com/fighter/Jason-Day-6811
/fighter-profile/Charles%20McCarthy/13957/,Charles McCarthy,http://www.sherdog.com/fighter/Charles-McCarthy-7987
/fighter-profile/Elvis%20Sinosic/279/,Elvis Sinosic,http://www.sherdog.com/fighter/Elvis-Sinosic-281
/fighter-profile/Josh%20Haynes/12230/,Josh Haynes,http://www.sherdog.com/fighter/Josh-Haynes-6254
/fighter-profile/Ross%20Pointon/12517/,Ross Pointon,http://www.sherdog.com/fighter/Ross-Pointon-6541
/fighter-profile/Kristian%20Rothaermel/936/,Kristian Rothaermel,http://www.sherdog.com/fighter/Kristian-Rothaermel-949
/fighter-profile/Tom%20DeBlass/15915/,Tom DeBlass,http://www.sherdog.com/fighter/Tom-DeBlass-29744
/fighter-profile/Steve%20Cantwell/24710/,Steve Cantwell,http://www.sherdog.com/fighter/Steve-Cantwell-12785
/fighter-profile/Eddie%20Gordon/67892/,Eddie Gordon,http://www.sherdog.com/fighter/Eddie-Gordon-66410
/fighter-profile/Antonio%20Mendes/13080/,Antonio Mendes,http://www.sherdog.com/fighter/Antonio-Mendes-7110
/fighter-profile/Houston%20Alexander/2332/,Houston Alexander,http://www.sherdog.com/fighter/Houston-Alexander-2352
/fighter-profile/Rolles%20Gracie/4430/,Rolles Gracie,http://www.sherdog.com/fighter/Rolles-Gracie-24217
/fighter-profile/Jules%20Bruchez/39861/,Jules Bruchez,http://www.sherdog.com/fighter/Jules-Bruchez-41539
/fighter-profile/Lance%20Evans/22161/,Lance Evans,http://www.sherdog.com/fighter/Lance-Evans-10199
/fighter-profile/Mike%20Massenzio/24776/,Mike Massenzio,http://www.sherdog.com/fighter/Mike-Massenzio-12852
/fighter-profile/Goran%20Reljic/22127/,Goran Reljic,http://www.sherdog.com/fighter/Goran-Reljic-10165
/fighter-profile/Mike%20Stewart/20504/,Mike Stewart,http://www.sherdog.com/fighter/Mike-Stewart-34377
/fighter-profile/Hector%20Ramirez/22537/,Hector Ramirez,http://www.sherdog.com/fighter/Hector-Ramirez-10581
/fighter-profile/Terry%20Martin/13172/,Terry Martin,http://www.sherdog.com/fighter/Terry-Martin-7202
/fighter-profile/Mike%20Kyle/9608/,Mike Kyle,http://www.sherdog.com/fighter/Mike-Kyle-3619
/fighter-profile/Mounir%20Lazzez/98164/,Mounir Lazzez,http://www.sherdog.com/fighter/Mounir-Lazzez-104851
/fighter-profile/Sabah%20Homasi/50814/,Sabah Homasi,http://www.sherdog.com/fighter/Sabah-Homasi-47068
/fighter-profile/Charlie%20Ward/130313/,Charlie Ward,http://www.sherdog.com/fighter/Charlie-Ward-163615
/fighter-profile/Impa%20Kasanganay/202248/,Impa Kasanganay,http://www.sherdog.com/fighter/Impa-Kasanganay-310489
/fighter-profile/Mickey%20Gall/128408/,Mickey Gall,http://www.sherdog.com/fighter/Mickey-Gall-160145
/fighter-profile/Donald%20Cerrone/27006/,Donald Cerrone,http://www.sherdog.com/fighter/Donald-Cerrone-15105
/fighter-profile/Bojan%20Velickovic/78579/,Bojan Velickovic,http://www.sherdog.com/fighter/Bojan-Velickovic-76620
/fighter-profile/Jessin%20Ayari/56154/,Jessin Ayari,http://www.sherdog.com/fighter/Jessin-Ayari-55449
/fighter-profile/Carlos%20Prates/93495/,Carlos Prates,http://www.sherdog.com/fighter/Carlos-Prates-95593
/fighter-profile/Gabriel%20Bonfim/140968/,Gabriel Bonfim,http://www.sherdog.com/fighter/Gabriel-Bonfim-185083
/fighter-profile/Preston%20Parsons/135018/,Preston Parsons,http://www.sherdog.com/fighter/Preston-Parsons-173219
/fighter-profile/Louis%20Cosce/188038/,Louis Cosce,http://www.sherdog.com/fighter/Louis-Cosce-282403
/fighter-profile/Michael%20Morales/181445/,Michael Morales,http://www.sherdog.com/fighter/Michael-Morales-268041
/fighter-profile/James%20Krause/17910/,James Krause,http://www.sherdog.com/fighter/James-Krause-31766
/fighter-profile/Bristol%20Marunde/24878/,Bristol Marunde,http://www.sherdog.com/fighter/Bristol-Marunde-12961
/fighter-profile/Jimmy%20Quinlan/86841/,Jimmy Quinlan,http://www.sherdog.com/fighter/Jimmy-Quinlan-84661
/fighter-profile/Fraser%20Opie/54906/,Fraser Opie,http://www.sherdog.com/fighter/Fraser-Opie-54244
/fighter-profile/Shavkat%20Rakhmonov/138031/,Shavkat Rakhmonov,http://www.sherdog.com/fighter/Shavkat-Rakhmonov-179185
/fighter-profile/Belal%20Muhammad/99960/,Belal Muhammad,http://www.sherdog.com/fighter/Belal-Muhammad-108315
/fighter-profile/Anthony%20Pettis/6809/,Anthony Pettis,http://www.sherdog.com/fighter/Anthony-Pettis-26627
/fighter-profile/Rory%20MacDonald/25924/,Rory MacDonald,http://www.sherdog.com/fighter/Rory-MacDonald-14018
/fighter-profile/Nah-Shon%20Burrell/54278/,Nah-Shon Burrell,http://www.sherdog.com/fighter/NahShon-Burrell-53596
/fighter-profile/Daniel%20Stittgen/40706/,Daniel Stittgen,http://www.sherdog.com/fighter/Daniel-Stittgen-42258
/fighter-profile/Mike%20Ricci/19662/,Mike Ricci,http://www.sherdog.com/fighter/Mike-Ricci-33532
/fighter-profile/Jon%20Manley/6814/,Jon Manley,http://www.sherdog.com/fighter/Jon-Manley-26632
/fighter-profile/Eddy%20Ellis/10226/,Eddy Ellis,http://www.sherdog.com/fighter/Eddy-Ellis-4241
/fighter-profile/Jesse%20Barrett/26771/,Jesse Barrett,http://www.sherdog.com/fighter/Jesse-Barrett-14868
/fighter-profile/Carlo%20Pedersoli%20Jr./132642/,Carlo Pedersoli Jr.,http://www.sherdog.com/fighter/Carlo-Pedersoli-Jr-168505
/fighter-profile/Brian%20Ebersole/2993/,Brian Ebersole,http://www.sherdog.com/fighter/Brian-Ebersole-3015
/fighter-profile/Thiago%20de%20Oliveira%20Perpetuo/53868/,Thiago de Oliveira Perpetuo,http://www.sherdog.com/fighter/Thiago-de-Oliveira-Perpetuo-53207
/fighter-profile/Robbie%20Lawler/2225/,Robbie Lawler,http://www.sherdog.com/fighter/Robbie-Lawler-2245
/fighter-profile/Jon%20Fitch/10845/,Jon Fitch,http://www.sherdog.com/fighter/Jon-Fitch-4865
/fighter-profile/Mike%20Pierce/5602/,Mike Pierce,http://www.sherdog.com/fighter/Mike-Pierce-25415
/fighter-profile/T.J.%20Waldburger/27026/,T.J. Waldburger,http://www.sherdog.com/fighter/TJ-Waldburger-15125
/fighter-profile/T.J.%20Grant/33814/,T.J. Grant,http://www.sherdog.com/fighter/TJ-Grant-15906
/fighter-profile/Ricardo%20Funch/4272/,Ricardo Funch,http://www.sherdog.com/fighter/Ricardo-Funch-24057
/fighter-profile/Amir%20Sadollah/20198/,Amir Sadollah,http://www.sherdog.com/fighter/Amir-Sadollah-34071
/fighter-profile/Bubba%20Bush/15285/,Bubba Bush,http://www.sherdog.com/fighter/Bubba-Bush-29111
/fighter-profile/Roger%20Gracie/37675/,Roger Gracie,http://www.sherdog.com/fighter/Roger-Gracie-19854
/fighter-profile/Themba%20Gorimbo/104488/,Themba Gorimbo,http://www.sherdog.com/fighter/Themba-Gorimbo-117729
/fighter-profile/Derrick%20Krantz/27612/,Derrick Krantz,http://www.sherdog.com/fighter/Derrick-Krantz-35518
/fighter-profile/Chad%20Laprise/71211/,Chad Laprise,http://www.sherdog.com/fighter/Chad-Laprise-69681
/fighter-profile/Hector%20Urbina/36030/,Hector Urbina,http://www.sherdog.com/fighter/Hector-Urbina-18168
/fighter-profile/Alvaro%20Herrera/44552/,Alvaro Herrera,http://www.sherdog.com/fighter/Alvaro-Herrera-44627
/fighter-profile/Dwight%20Grant/70609/,Dwight Grant,http://www.sherdog.com/fighter/Dwight-Grant-68983
/fighter-profile/Gabriel%20Green/145483/,Gabriel Green,http://www.sherdog.com/fighter/Gabriel-Green-195027
/fighter-profile/Christian%20Aguilera/91172/,Christian Aguilera,http://www.sherdog.com/fighter/Christian-Aguilera-90555
/fighter-profile/Yaroslav%20Amosov/98213/,Yaroslav Amosov,http://www.sherdog.com/fighter/Yaroslav-Amosov-104911
/fighter-profile/Philip%20Rowe/108165/,Philip Rowe,http://www.sherdog.com/fighter/Philip-Rowe-121067
/fighter-profile/Anthony%20Rocco%20Martin/82546/,Anthony Rocco Martin,http://www.sherdog.com/fighter/Anthony-Rocco-Martin-80436
/fighter-profile/Craig%20White/48156/,Craig White,http://www.sherdog.com/fighter/Craig-White-47948
/fighter-profile/Hyun%20Gyu%20Lim/38836/,Hyun Gyu Lim,http://www.sherdog.com/fighter/Hyun-Gyu-Lim-21040
/fighter-profile/Kiichi%20Kunimoto/38835/,Kiichi Kunimoto,http://www.sherdog.com/fighter/Kiichi-Kunimoto-21039
/fighter-profile/William%20Macario/71190/,William Macario,http://www.sherdog.com/fighter/William-Macario-69624
/fighter-profile/Rodrigo%20Goiana%20de%20Lima/83204/,Rodrigo Goiana de Lima,http://www.sherdog.com/fighter/Rodrigo-Goiana-de-Lima-81136
/fighter-profile/Gasan%20Umalatov/53824/,Gasan Umalatov,http://www.sherdog.com/fighter/Gasan-Umalatov-53109
/fighter-profile/Cameron%20Diffley/78325/,Cameron Diffley,http://www.sherdog.com/fighter/Cameron-Diffley-76371
/fighter-profile/Frank%20Camacho/42900/,Frank Camacho,http://www.sherdog.com/fighter/Frank-Camacho-22114
/fighter-profile/Dong%20Hyun%20Kim/34271/,Dong Hyun Kim,http://www.sherdog.com/fighter/Dong-Hyun-Kim-16374
/fighter-profile/Jay%20Hieron/21244/,Jay Hieron,http://www.sherdog.com/fighter/Jay-Hieron-9267
/fighter-profile/Tarec%20Saffiedine/42700/,Tarec Saffiedine,http://www.sherdog.com/fighter/Tarec-Saffiedine-21912
/fighter-profile/Sean%20Pierson/565/,Sean Pierson,http://www.sherdog.com/fighter/Sean-Pierson-573
/fighter-profile/Carlos%20Eduardo%20Rocha/27277/,Carlos Eduardo Rocha,http://www.sherdog.com/fighter/Carlos-Eduardo-Rocha-35142
/fighter-profile/Albert%20Tumenov/61421/,Albert Tumenov,http://www.sherdog.com/fighter/Albert-Tumenov-60198
/fighter-profile/Viscardi%20Andrade/16464/,Viscardi Andrade,http://www.sherdog.com/fighter/Viscardi-Andrade-30298
/fighter-profile/Leonardo%20Mafra%20Texeira/78653/,Leonardo Mafra Texeira,http://www.sherdog.com/fighter/Leonardo-Mafra-Texeira-76653
/fighter-profile/Quinn%20Mulhern/3105/,Quinn Mulhern,http://www.sherdog.com/fighter/Quinn-Mulhern-22873
/fighter-profile/Brock%20Jardine/28791/,Brock Jardine,http://www.sherdog.com/fighter/Brock-Jardine-36630
/fighter-profile/Thiago%20Alves/11975/,Thiago Alves,http://www.sherdog.com/fighter/Thiago-Alves-5998
/fighter-profile/Dustin%20Hazelett/23421/,Dustin Hazelett,http://www.sherdog.com/fighter/Dustin-Hazelett-11481
/fighter-profile/Nick%20Osipczak/16201/,Nick Osipczak,http://www.sherdog.com/fighter/Nick-Osipczak-30033
/fighter-profile/Jesse%20Lennox/35019/,Jesse Lennox,http://www.sherdog.com/fighter/Jesse-Lennox-17139
/fighter-profile/Brian%20Foster/35588/,Brian Foster,http://www.sherdog.com/fighter/Brian-Foster-17723
/fighter-profile/John%20Hathaway/34599/,John Hathaway,http://www.sherdog.com/fighter/John-Hathaway-16704
/fighter-profile/Leo%20Bercier/78088/,Leo Bercier,http://www.sherdog.com/fighter/Leo-Bercier-76120
/fighter-profile/Mike%20Jasper/82236/,Mike Jasper,http://www.sherdog.com/fighter/Mike-Jasper-80089
/fighter-profile/B.J.%20Penn/1293/,B.J. Penn,http://www.sherdog.com/fighter/BJ-Penn-1307
/fighter-profile/Gleison%20Tibau/11970/,Gleison Tibau,http://www.sherdog.com/fighter/Gleison-Tibau-5993
/fighter-profile/Sean%20Sherk/275/,Sean Sherk,http://www.sherdog.com/fighter/Sean-Sherk-277
/fighter-profile/Koji%20Oishi/247/,Koji Oishi,http://www.sherdog.com/fighter/Koji-Oishi-249
/fighter-profile/Drew%20Fickett/716/,Drew Fickett,http://www.sherdog.com/fighter/Drew-Fickett-725
/fighter-profile/Karo%20Parisyan/11131/,Karo Parisyan,http://www.sherdog.com/fighter/Karo-Parisyan-5153
/fighter-profile/Jeremy%20Jackson/2631/,Jeremy Jackson,http://www.sherdog.com/fighter/Jeremy-Jackson-2651
/fighter-profile/Ben%20Askren/41180/,Ben Askren,http://www.sherdog.com/fighter/Ben-Askren-42390
/fighter-profile/Jorge%20Santiago/11712/,Jorge Santiago,http://www.sherdog.com/fighter/Jorge-Santiago-5735
/fighter-profile/Mario%20Miranda/4068/,Mario Miranda,http://www.sherdog.com/fighter/Mario-Miranda-23852
/fighter-profile/Nate%20Quarry/2363/,Nate Quarry,http://www.sherdog.com/fighter/Nate-Quarry-2383
/fighter-profile/Bill%20Mahood/10373/,Bill Mahood,http://www.sherdog.com/fighter/Bill-Mahood-4388
/fighter-profile/Alex%20Schoenauer/9986/,Alex Schoenauer,http://www.sherdog.com/fighter/Alex-Schoenauer-4000
/fighter-profile/Drew%20McFedries/2366/,Drew McFedries,http://www.sherdog.com/fighter/Drew-McFedries-2386
/fighter-profile/Floyd%20Sword/337/,Floyd Sword,http://www.sherdog.com/fighter/Floyd-Sword-340
/fighter-profile/Pete%20Sell/13765/,Pete Sell,http://www.sherdog.com/fighter/Pete-Sell-7795
/fighter-profile/Bobby%20Voelker/33071/,Bobby Voelker,http://www.sherdog.com/fighter/Bobby-Voelker-15156
/fighter-profile/Ricardo%20Almeida/11/,Ricardo Almeida,http://www.sherdog.com/fighter/Ricardo-Almeida-11
/fighter-profile/Edwin%20Dewees/711/,Edwin Dewees,http://www.sherdog.com/fighter/Edwin-Dewees-720
/fighter-profile/Allan%20Goes/194/,Allan Goes,http://www.sherdog.com/fighter/Allan-Goes-196
/fighter-profile/Carlos%20Newton/7/,Carlos Newton,http://www.sherdog.com/fighter/Carlos-Newton-7
/fighter-profile/Ken%20Shamrock/4/,Ken Shamrock,http://www.sherdog.com/fighter/Ken-Shamrock-4
/fighter-profile/Matt%20Lindland/274/,Matt Lindland,http://www.sherdog.com/fighter/Matt-Lindland-276
/fighter-profile/Jay%20Silva/20535/,Jay Silva,http://www.sherdog.com/fighter/Jay-Silva-34408
/fighter-profile/Jake%20Rosholt/3545/,Jake Rosholt,http://www.sherdog.com/fighter/Jake-Rosholt-23322
/fighter-profile/Jason%20Thacker/24615/,Jason Thacker,http://www.sherdog.com/fighter/Jason-Thacker-12690
/fighter-profile/Kenny%20Florian/13991/,Kenny Florian,http://www.sherdog.com/fighter/Kenny-Florian-8021
/fighter-profile/Steve%20Montgomery/49440/,Steve Montgomery,http://www.sherdog.com/fighter/Steve-Montgomery-49092
/fighter-profile/Luke%20Zachrich/33628/,Luke Zachrich,http://www.sherdog.com/fighter/Luke-Zachrich-15720
/fighter-profile/Kenny%20Robertson/18121/,Kenny Robertson,http://www.sherdog.com/fighter/Kenny-Robertson-31978
/fighter-profile/Ryo%20Chonan/1816/,Ryo Chonan,http://www.sherdog.com/fighter/Ryo-Chonan-1831
/fighter-profile/Tony%20DeSouza/479/,Tony DeSouza,http://www.sherdog.com/fighter/Tony-DeSouza-487
/fighter-profile/Rob%20Kimmons/21826/,Rob Kimmons,http://www.sherdog.com/fighter/Rob-Kimmons-9863
/fighter-profile/Tim%20McKenzie/9081/,Tim McKenzie,http://www.sherdog.com/fighter/Tim-McKenzie-3089
/fighter-profile/Dave%20Menne/243/,Dave Menne,http://www.sherdog.com/fighter/Dave-Menne-245
/fighter-profile/Amar%20Suloev/1977/,Amar Suloev,http://www.sherdog.com/fighter/Amar-Suloev-1995
/fighter-profile/Curtis%20Stout/277/,Curtis Stout,http://www.sherdog.com/fighter/Curtis-Stout-279
/fighter-profile/Alan%20Jouban/67414/,Alan Jouban,http://www.sherdog.com/fighter/Alan-Jouban-65878
/fighter-profile/Simeon%20Thoresen/37797/,Simeon Thoresen,http://www.sherdog.com/fighter/Simeon-Thoresen-19977
/fighter-profile/Lance%20Benoist/60959/,Lance Benoist,http://www.sherdog.com/fighter/Lance-Benoist-59764
/fighter-profile/Clay%20Harvison/38926/,Clay Harvison,http://www.sherdog.com/fighter/Clay-Harvison-21131
/fighter-profile/Luan%20Chagas/102533/,Luan Chagas,http://www.sherdog.com/fighter/Luan-Chagas-113505
/fighter-profile/Brandon%20Thatch/43083/,Brandon Thatch,http://www.sherdog.com/fighter/Brandon-Thatch-22298
/fighter-profile/Paulo%20Thiago/25250/,Paulo Thiago,http://www.sherdog.com/fighter/Paulo-Thiago-13336
/fighter-profile/Mike%20Davis/148962/,Mike Davis,http://www.sherdog.com/fighter/Mike-Davis-202169
/fighter-profile/Olivier%20Aubin-Mercier/88319/,Olivier Aubin-Mercier,http://www.sherdog.com/fighter/Olivier-AubinMercier-86241
/fighter-profile/Dan%20Moret/53193/,Dan Moret,http://www.sherdog.com/fighter/Dan-Moret-52514
/fighter-profile/Jason%20Saggo/59082/,Jason Saggo,http://www.sherdog.com/fighter/Jason-Saggo-58213
/fighter-profile/Lukasz%20Sajewski/17259/,Lukasz Sajewski,http://www.sherdog.com/fighter/Lukasz-Sajewski-31110
/fighter-profile/Rashid%20Magomedov/39845/,Rashid Magomedov,http://www.sherdog.com/fighter/Rashid-Magomedov-41524
/fighter-profile/Christos%20Giagos/69690/,Christos Giagos,http://www.sherdog.com/fighter/Christos-Giagos-68130
/fighter-profile/Daichi%20Abe/144224/,Daichi Abe,http://www.sherdog.com/fighter/Daichi-Abe-191861
/fighter-profile/Zak%20Ottow/95899/,Zak Ottow,http://www.sherdog.com/fighter/Zak-Ottow-100359
/fighter-profile/Bobby%20Nash/77234/,Bobby Nash,http://www.sherdog.com/fighter/Bobby-Nash-75423
/fighter-profile/Anton%20Zafir/88474/,Anton Zafir,http://www.sherdog.com/fighter/Anton-Zafir-86294
/fighter-profile/David%20Michaud/54450/,David Michaud,http://www.sherdog.com/fighter/David-Michaud-53778
/fighter-profile/Ange%20Loosa/93588/,Ange Loosa,http://www.sherdog.com/fighter/Ange-Loosa-95799
/fighter-profile/Sultan%20Aliev/90676/,Sultan Aliev,http://www.sherdog.com/fighter/Sultan-Aliev-89761
/fighter-profile/Salim%20Touahri/75262/,Salim Touahri,http://www.sherdog.com/fighter/Salim-Touahri-73527
/fighter-profile/Elves%20Brener/161774/,Elves Brener,http://www.sherdog.com/fighter/Elves-Brener-224229
/fighter-profile/Antonio%20dos%20Santos%20Jr./46792/,Antonio dos Santos Jr.,http://www.sherdog.com/fighter/Antonio-dos-Santos-Jr-46759
/fighter-profile/Daniel%20Roberts/4214/,Daniel Roberts,http://www.sherdog.com/fighter/Daniel-Roberts-23999
/fighter-profile/Dennis%20Hallman/273/,Dennis Hallman,http://www.sherdog.com/fighter/Dennis-Hallman-275
/fighter-profile/Chris%20Wilson/21258/,Chris Wilson,http://www.sherdog.com/fighter/Chris-Wilson-9281
/fighter-profile/Papy%20Abedi/38609/,Papy Abedi,http://www.sherdog.com/fighter/Papy-Abedi-20812
/fighter-profile/Jake%20Heun/68450/,Jake Heun,http://www.sherdog.com/fighter/Jake-Heun-66992
/fighter-profile/Ryan%20Madigan/34447/,Ryan Madigan,http://www.sherdog.com/fighter/Ryan-Madigan-16551
/fighter-profile/Luke%20Cummo/12404/,Luke Cummo,http://www.sherdog.com/fighter/Luke-Cummo-6428
/fighter-profile/Akihiro%20Gono/1204/,Akihiro Gono,http://www.sherdog.com/fighter/Akihiro-Gono-1217
/fighter-profile/Pete%20Spratt/9185/,Pete Spratt,http://www.sherdog.com/fighter/Pete-Spratt-3195
/fighter-profile/Scott%20Rosa/59652/,Scott Rosa,http://www.sherdog.com/fighter/Scott-Rosa-58534
/fighter-profile/Torrez%20Finney/234922/,Torrez Finney,http://www.sherdog.com/fighter/Torrez-Finney-379262
/fighter-profile/Kenan%20Song/139062/,Kenan Song,http://www.sherdog.com/fighter/Kenan-Song-181737
/fighter-profile/Francisco%20Trinaldo/17252/,Francisco Trinaldo,http://www.sherdog.com/fighter/Francisco-Trinaldo-31103
/fighter-profile/Ricky%20Rainey/70359/,Ricky Rainey,http://www.sherdog.com/fighter/Ricky-Rainey-68769
/fighter-profile/Drew%20Dober/4197/,Drew Dober,http://www.sherdog.com/fighter/Drew-Dober-23982
/fighter-profile/Austin%20Hubbard/144383/,Austin Hubbard,http://www.sherdog.com/fighter/Austin-Hubbard-191483
/fighter-profile/Cole%20Williams/29879/,Cole Williams,http://www.sherdog.com/fighter/Cole-Williams-37661
/fighter-profile/Jonny%20Parsons/67413/,Jonny Parsons,http://www.sherdog.com/fighter/Jonny-Parsons-65875
/fighter-profile/Nathan%20Coy/5599/,Nathan Coy,http://www.sherdog.com/fighter/Nathan-Coy-25412
/fighter-profile/Jordan%20Mein/12722/,Jordan Mein,http://www.sherdog.com/fighter/Jordan-Mein-6749
/fighter-profile/Yancy%20Medeiros/7911/,Yancy Medeiros,http://www.sherdog.com/fighter/Yancy-Medeiros-27738
/fighter-profile/Takenori%20Sato/24127/,Takenori Sato,http://www.sherdog.com/fighter/Takenori-Sato-12196
/fighter-profile/Jason%20High/26091/,Jason High,http://www.sherdog.com/fighter/Jason-High-14185
/fighter-profile/Carlo%20Prater/12740/,Carlo Prater,http://www.sherdog.com/fighter/Carlo-Prater-6767
/fighter-profile/Luis%20Ramos/9207/,Luis Ramos,http://www.sherdog.com/fighter/Luis-Ramos-3217
/fighter-profile/Matt%20Riddle/20199/,Matt Riddle,http://www.sherdog.com/fighter/Matt-Riddle-34072
/fighter-profile/Keith%20Wisniewski/2077/,Keith Wisniewski,http://www.sherdog.com/fighter/Keith-Wisniewski-2095
/fighter-profile/Brendan%20OReilly/53388/,Brendan OReilly,http://www.sherdog.com/fighter/Brendan-OReilly-52633
/fighter-profile/Chris%20Indich/40966/,Chris Indich,http://www.sherdog.com/fighter/Chris-Indich-42419
/fighter-profile/Brian%20Camozzi/96246/,Brian Camozzi,http://www.sherdog.com/fighter/Brian-Camozzi-101093
/fighter-profile/Erick%20Montano/32656/,Erick Montano,http://www.sherdog.com/fighter/Erick-Montano-40308
/fighter-profile/Matt%20Dwyer/54601/,Matt Dwyer,http://www.sherdog.com/fighter/Matt-Dwyer-53933
/fighter-profile/Paddy%20Pimblett/87042/,Paddy Pimblett,http://www.sherdog.com/fighter/Paddy-Pimblett-84902
/fighter-profile/Beneil%20Dariush/57379/,Beneil Dariush,http://www.sherdog.com/fighter/Beneil-Dariush-56583
/fighter-profile/Mauricio%20Ruffy/144689/,Mauricio Ruffy,http://www.sherdog.com/fighter/Mauricio-Ruffy-192545
/fighter-profile/Renato%20Carneiro/62862/,Renato Carneiro,http://www.sherdog.com/fighter/Renato-Carneiro-61700
/fighter-profile/Dustin%20Poirier/51041/,Dustin Poirier,http://www.sherdog.com/fighter/Dustin-Poirier-50529
/fighter-profile/Matt%20Frevola/95840/,Matt Frevola,http://www.sherdog.com/fighter/Matt-Frevola-100247
/fighter-profile/Thiago%20Moises/115322/,Thiago Moises,http://www.sherdog.com/fighter/Thiago-Moises-130351
/fighter-profile/Ismael%20Bonfim/86809/,Ismael Bonfim,http://www.sherdog.com/fighter/Ismael-Bonfim-84528
/fighter-profile/Gabriel%20Miranda/100193/,Gabriel Miranda,http://www.sherdog.com/fighter/Gabriel-Miranda-108691
/fighter-profile/Niklas%20Stolze/130367/,Niklas Stolze,http://www.sherdog.com/fighter/Niklas-Stolze-163897
/fighter-profile/Victor%20Valenzuela/115231/,Victor Valenzuela,http://www.sherdog.com/fighter/Victor-Valenzuela-133527
/fighter-profile/Matt%20Secor/46358/,Matt Secor,http://www.sherdog.com/fighter/Matt-Secor-46309
/fighter-profile/Robert%20Emerson/11263/,Robert Emerson,http://www.sherdog.com/fighter/Robert-Emerson-5286
/fighter-profile/Brock%20Larson/12349/,Brock Larson,http://www.sherdog.com/fighter/Brock-Larson-6373
/fighter-profile/Saygid%20Izagakhmaev/115809/,Saygid Izagakhmaev,http://www.sherdog.com/fighter/Saygid-Izagakhmaev-127299
/fighter-profile/Jesse%20Ronson/57341/,Jesse Ronson,http://www.sherdog.com/fighter/Jesse-Ronson-56579
/fighter-profile/Peter%20Sobotta/33724/,Peter Sobotta,http://www.sherdog.com/fighter/Peter-Sobotta-15816
/fighter-profile/Tony%20Ferguson/17387/,Tony Ferguson,http://www.sherdog.com/fighter/Tony-Ferguson-31239
/fighter-profile/Jim%20Miller/26367/,Jim Miller,http://www.sherdog.com/fighter/Jim-Miller-14463
/fighter-profile/Mitch%20Clarke/43337/,Mitch Clarke,http://www.sherdog.com/fighter/Mitch-Clarke-22556
/fighter-profile/Joe%20Lauzon/10903/,Joe Lauzon,http://www.sherdog.com/fighter/Joe-Lauzon-4923
/fighter-profile/Anton%20Kuivanen/26768/,Anton Kuivanen,http://www.sherdog.com/fighter/Anton-Kuivanen-14865
/fighter-profile/Al%20Iaquinta/45131/,Al Iaquinta,http://www.sherdog.com/fighter/Al-Iaquinta-42817
/fighter-profile/James%20Vick/84111/,James Vick,http://www.sherdog.com/fighter/James-Vick-81956
/fighter-profile/Justin%20Lawrence/75729/,Justin Lawrence,http://www.sherdog.com/fighter/Justin-Lawrence-73756
/fighter-profile/Jeremy%20Larsen/37683/,Jeremy Larsen,http://www.sherdog.com/fighter/Jeremy-Larsen-19863
/fighter-profile/Johnavan%20Vistante/58713/,Johnavan Vistante,http://www.sherdog.com/fighter/Johnavan-Vistante-57928
/fighter-profile/Hernani%20Perpetuo/8354/,Hernani Perpetuo,http://www.sherdog.com/fighter/Hernani-Perpetuo-28185
/fighter-profile/Danny%20Castillo/6253/,Danny Castillo,http://www.sherdog.com/fighter/Danny-Castillo-26070
/fighter-profile/Justin%20Salas/34080/,Justin Salas,http://www.sherdog.com/fighter/Justin-Salas-16180
/fighter-profile/Bernardo%20Magalhaes/6677/,Bernardo Magalhaes,http://www.sherdog.com/fighter/Bernardo-Magalhaes-26495
/fighter-profile/Matthew%20Semelsberger/173080/,Matthew Semelsberger,http://www.sherdog.com/fighter/Matthew-Semelsberger-251541
/fighter-profile/James%20Moontasri/29038/,James Moontasri,http://www.sherdog.com/fighter/James-Moontasri-36889
/fighter-profile/Chris%20Cope/5968/,Chris Cope,http://www.sherdog.com/fighter/Chris-Cope-25784
/fighter-profile/Chris%20Lytle/265/,Chris Lytle,http://www.sherdog.com/fighter/Chris-Lytle-267
/fighter-profile/James%20Wilks/22525/,James Wilks,http://www.sherdog.com/fighter/James-Wilks-10569
/fighter-profile/Ryan%20Thomas/38027/,Ryan Thomas,http://www.sherdog.com/fighter/Ryan-Thomas-20224
/fighter-profile/Matt%20Arroyo/37284/,Matt Arroyo,http://www.sherdog.com/fighter/Matt-Arroyo-19456
/fighter-profile/Jeremy%20May/33228/,Jeremy May,http://www.sherdog.com/fighter/Jeremy-May-15313
/fighter-profile/Josh%20Hall/1478/,Josh Hall,http://www.sherdog.com/fighter/Josh-Hall-1492
/fighter-profile/Mike%20Mathetha/180774/,Mike Mathetha,http://www.sherdog.com/fighter/Mike-Mathetha-266635
/fighter-profile/Austin%20Vanderford/151289/,Austin Vanderford,http://www.sherdog.com/fighter/Austin-Vanderford-206919
/fighter-profile/Micheal%20Gillmore/143631/,Micheal Gillmore,http://www.sherdog.com/fighter/Micheal-Gillmore-184113
/fighter-profile/Sasha%20Palatnikov/148130/,Sasha Palatnikov,http://www.sherdog.com/fighter/Sasha-Palatnikov-200413
/fighter-profile/Luke%20Jumeau/53564/,Luke Jumeau,http://www.sherdog.com/fighter/Luke-Jumeau-52853
/fighter-profile/Jesse%20Taylor/35262/,Jesse Taylor,http://www.sherdog.com/fighter/Jesse-Taylor-17389
/fighter-profile/Tom%20Gallicchio/35707/,Tom Gallicchio,http://www.sherdog.com/fighter/Tom-Gallicchio-17843
/fighter-profile/Jorge%20Antonio%20Cezario%20de%20Oliveira/33295/,Jorge Antonio Cezario de Oliveira,http://www.sherdog.com/fighter/Jorge-Antonio-Cezario-de-Oliveira-15380
/fighter-profile/Roger%20Zapata/83746/,Roger Zapata,http://www.sherdog.com/fighter/Roger-Zapata-81585
/fighter-profile/Takashi%20Sato/122149/,Takashi Sato,http://www.sherdog.com/fighter/Takashi-Sato-147403
/fighter-profile/Chris%20Heatherly/96293/,Chris Heatherly,http://www.sherdog.com/fighter/Chris-Heatherly-101117
/fighter-profile/Marcus%20Davis/14558/,Marcus Davis,http://www.sherdog.com/fighter/Marcus-Davis-8592
/fighter-profile/Brandon%20Wolff/10658/,Brandon Wolff,http://www.sherdog.com/fighter/Brandon-Wolff-4673
/fighter-profile/Daniel%20Barrera/3978/,Daniel Barrera,http://www.sherdog.com/fighter/Daniel-Barrera-23762
/fighter-profile/Dong%20Hyun%20Ma/42463/,Dong Hyun Ma,http://www.sherdog.com/fighter/Dong-Hyun-Ma-21673
/fighter-profile/Ben%20Alloway/62000/,Ben Alloway,http://www.sherdog.com/fighter/Ben-Alloway-60790
/fighter-profile/Justin%20Edwards/29764/,Justin Edwards,http://www.sherdog.com/fighter/Justin-Edwards-37452
/fighter-profile/Duane%20Ludwig/101/,Duane Ludwig,http://www.sherdog.com/fighter/Duane-Ludwig-101
/fighter-profile/Kurt%20Pellegrino/10138/,Kurt Pellegrino,http://www.sherdog.com/fighter/Kurt-Pellegrino-4153
/fighter-profile/Mac%20Danzig/9386/,Mac Danzig,http://www.sherdog.com/fighter/Mac-Danzig-3396
/fighter-profile/Nate%20Diaz/23391/,Nate Diaz,http://www.sherdog.com/fighter/Nate-Diaz-11451
/fighter-profile/Din%20Thomas/1287/,Din Thomas,http://www.sherdog.com/fighter/Din-Thomas-1301
/fighter-profile/Joe%20Stevenson/65/,Joe Stevenson,http://www.sherdog.com/fighter/Joe-Stevenson-65
/fighter-profile/Melvin%20Guillard/13401/,Melvin Guillard,http://www.sherdog.com/fighter/Melvin-Guillard-7431
/fighter-profile/James%20Head/3476/,James Head,http://www.sherdog.com/fighter/James-Head-23253
/fighter-profile/Steve%20Steinbeiss/42417/,Steve Steinbeiss,http://www.sherdog.com/fighter/Steve-Steinbeiss-21627
/fighter-profile/Josh%20Bryant/42759/,Josh Bryant,http://www.sherdog.com/fighter/Josh-Bryant-21971
/fighter-profile/Kyacey%20Uscola/21265/,Kyacey Uscola,http://www.sherdog.com/fighter/Kyacey-Uscola-9288
/fighter-profile/Dominic%20Waters/70583/,Dominic Waters,http://www.sherdog.com/fighter/Dominic-Waters-68971
/fighter-profile/Pawel%20Pawlak/66861/,Pawel Pawlak,http://www.sherdog.com/fighter/Pawel-Pawlak-65543
/fighter-profile/Jonathan%20Meunier/121671/,Jonathan Meunier,http://www.sherdog.com/fighter/Jonathan-Meunier-146567
/fighter-profile/Wagner%20Silva/103595/,Wagner Silva,http://www.sherdog.com/fighter/Wagner-Silva-115911
/fighter-profile/Anying%20Wang/116098/,Anying Wang,http://www.sherdog.com/fighter/Anying-Wang-135315
/fighter-profile/Ross%20Pearson/23817/,Ross Pearson,http://www.sherdog.com/fighter/Ross-Pearson-11884
/fighter-profile/Ben%20Henderson/38348/,Ben Henderson,http://www.sherdog.com/fighter/Ben-Henderson-20548
/fighter-profile/Daron%20Cruickshank/54395/,Daron Cruickshank,http://www.sherdog.com/fighter/Daron-Cruickshank-53717
/fighter-profile/Pat%20Healy/12222/,Pat Healy,http://www.sherdog.com/fighter/Pat-Healy-6246
/fighter-profile/Rustam%20Khabilov/45538/,Rustam Khabilov,http://www.sherdog.com/fighter/Rustam-Khabilov-45417
/fighter-profile/Rafael%20Fiziev/150790/,Rafael Fiziev,http://www.sherdog.com/fighter/Rafael-Fiziev-202657
/fighter-profile/Paul%20Felder/69775/,Paul Felder,http://www.sherdog.com/fighter/Paul-Felder-68205
/fighter-profile/Eddie%20Alvarez/21242/,Eddie Alvarez,http://www.sherdog.com/fighter/Eddie-Alvarez-9265
/fighter-profile/Khabib%20Nurmagomedov/56833/,Khabib Nurmagomedov,http://www.sherdog.com/fighter/Khabib-Nurmagomedov-56035
/fighter-profile/Evan%20Dunham/42824/,Evan Dunham,http://www.sherdog.com/fighter/Evan-Dunham-22038
/fighter-profile/Mark%20Bocek/21745/,Mark Bocek,http://www.sherdog.com/fighter/Mark-Bocek-9781
/fighter-profile/Anthony%20Njokuani/13510/,Anthony Njokuani,http://www.sherdog.com/fighter/Anthony-Njokuani-7540
/fighter-profile/Kamal%20Shalorus/17300/,Kamal Shalorus,http://www.sherdog.com/fighter/Kamal-Shalorus-31151
/fighter-profile/George%20Sotiropoulos/23637/,George Sotiropoulos,http://www.sherdog.com/fighter/George-Sotiropoulos-11702
/fighter-profile/Clay%20Guida/14151/,Clay Guida,http://www.sherdog.com/fighter/Clay-Guida-8184
/fighter-profile/Terry%20Etim/25246/,Terry Etim,http://www.sherdog.com/fighter/Terry-Etim-13332
/fighter-profile/Kyle%20Bradley/13888/,Kyle Bradley,http://www.sherdog.com/fighter/Kyle-Bradley-7918
/fighter-profile/Tyson%20Griffin/23624/,Tyson Griffin,http://www.sherdog.com/fighter/Tyson-Griffin-11689
/fighter-profile/Jeremy%20Stephens/24110/,Jeremy Stephens,http://www.sherdog.com/fighter/Jeremy-Stephens-12179
/fighter-profile/Davi%20Ramos/96657/,Davi Ramos,http://www.sherdog.com/fighter/Davi-Ramos-101995
/fighter-profile/Mickael%20Lebout/83206/,Mickael Lebout,http://www.sherdog.com/fighter/Mickael-Lebout-81143
/fighter-profile/Renee%20Forte/29792/,Renee Forte,http://www.sherdog.com/fighter/Renee-Forte-37684
/fighter-profile/Roosevelt%20Roberts/144362/,Roosevelt Roberts,http://www.sherdog.com/fighter/Roosevelt-Roberts-191653
/fighter-profile/Alex%20da%20Silva%20Coelho/125250/,Alex da Silva Coelho,http://www.sherdog.com/fighter/Alex-da-Silva-Coelho-153799
/fighter-profile/Gray%20Maynard/33743/,Gray Maynard,http://www.sherdog.com/fighter/Gray-Maynard-15835
/fighter-profile/Augusto%20Montano/39816/,Augusto Montano,http://www.sherdog.com/fighter/Augusto-Montano-41494
/fighter-profile/Mike%20King/53346/,Mike King,http://www.sherdog.com/fighter/Mike-King-50928
/fighter-profile/Alberto%20Mina/34600/,Alberto Mina,http://www.sherdog.com/fighter/Alberto-Mina-16705
/fighter-profile/DaMarques%20Johnson/24837/,DaMarques Johnson,http://www.sherdog.com/fighter/DaMarques-Johnson-12913
/fighter-profile/Jonathan%20Goulet/10105/,Jonathan Goulet,http://www.sherdog.com/fighter/Jonathan-Goulet-4120
/fighter-profile/Steve%20Vigneault/889/,Steve Vigneault,http://www.sherdog.com/fighter/Steve-Vigneault-900
/fighter-profile/Gideon%20Ray/10540/,Gideon Ray,http://www.sherdog.com/fighter/Gideon-Ray-4555
/fighter-profile/Yuri%20Villefort/50815/,Yuri Villefort,http://www.sherdog.com/fighter/Yuri-Villefort-47069
/fighter-profile/Sai%20Wang/47208/,Sai Wang,http://www.sherdog.com/fighter/Sai-Wang-47118
/fighter-profile/Leandro%20Silva/88444/,Leandro Silva,http://www.sherdog.com/fighter/Leandro-Silva-86382
/fighter-profile/Tim%20Ruberg/20772/,Tim Ruberg,http://www.sherdog.com/fighter/Tim-Ruberg-34646
/fighter-profile/Danny%20Barlow/213726/,Danny Barlow,http://www.sherdog.com/fighter/Danny-Barlow-336147
/fighter-profile/Kiefer%20Crosbie/62348/,Kiefer Crosbie,http://www.sherdog.com/fighter/Kiefer-Crosbie-61160
/fighter-profile/Yohan%20Lainesse/194822/,Yohan Lainesse,http://www.sherdog.com/fighter/Yohan-Lainesse-295377
/fighter-profile/Yanal%20Ashmouz/174925/,Yanal Ashmouz,http://www.sherdog.com/fighter/Yanal-Ashmouz-252115
/fighter-profile/Hector%20Aldana/84820/,Hector Aldana,http://www.sherdog.com/fighter/Hector-Aldana-82725
/fighter-profile/Alex%20Reyes/4412/,Alex Reyes,http://www.sherdog.com/fighter/Alex-Reyes-24199
/fighter-profile/Yan%20Cabral/7263/,Yan Cabral,http://www.sherdog.com/fighter/Yan-Cabral-27090
/fighter-profile/Nik%20Fekete/52630/,Nik Fekete,http://www.sherdog.com/fighter/Nik-Fekete-51566
/fighter-profile/Eric%20Wahlin/70311/,Eric Wahlin,http://www.sherdog.com/fighter/Eric-Wahlin-68752
/fighter-profile/Eldon%20Sproat/49272/,Eldon Sproat,http://www.sherdog.com/fighter/Eldon-Sproat-45327
/fighter-profile/Azamat%20Bekoev/163881/,Azamat Bekoev,http://www.sherdog.com/fighter/Azamat-Bekoev-231875
/fighter-profile/Kyle%20Stewart/96821/,Kyle Stewart,http://www.sherdog.com/fighter/Kyle-Stewart-102333
/fighter-profile/Desmond%20Green/90748/,Desmond Green,http://www.sherdog.com/fighter/Desmond-Green-89993
/fighter-profile/J.C.%20Cottrell/43824/,J.C. Cottrell,http://www.sherdog.com/fighter/JC-Cottrell-43874
/fighter-profile/Valmir%20Lazaro/43002/,Valmir Lazaro,http://www.sherdog.com/fighter/Valmir-Lazaro-22216
/fighter-profile/Mairbek%20Taisumov/19293/,Mairbek Taisumov,http://www.sherdog.com/fighter/Mairbek-Taisumov-33161
/fighter-profile/Joe%20Vedepo/33741/,Joe Vedepo,http://www.sherdog.com/fighter/Joe-Vedepo-15833
/fighter-profile/James%20Lee/2204/,James Lee,http://www.sherdog.com/fighter/James-Lee-2224
/fighter-profile/Victor%20Valimaki/10376/,Victor Valimaki,http://www.sherdog.com/fighter/Victor-Valimaki-4391
/fighter-profile/Ron%20Faircloth/2270/,Ron Faircloth,http://www.sherdog.com/fighter/Ron-Faircloth-2290
/fighter-profile/Mantas%20Kondratavicius/202334/,Mantas Kondratavicius,http://www.sherdog.com/fighter/Mantas-Kondratavicius-310159
/fighter-profile/Darian%20Weeks/161786/,Darian Weeks,http://www.sherdog.com/fighter/Darian-Weeks-223693
/fighter-profile/Jason%20Witt/114518/,Jason Witt,http://www.sherdog.com/fighter/Jason-Witt-127671
/fighter-profile/Joe%20Proctor/46356/,Joe Proctor,http://www.sherdog.com/fighter/Joe-Proctor-46307
/fighter-profile/Sage%20Northcutt/113888/,Sage Northcutt,http://www.sherdog.com/fighter/Sage-Northcutt-130911
/fighter-profile/Joe%20Ellenberger/26079/,Joe Ellenberger,http://www.sherdog.com/fighter/Joe-Ellenberger-14173
/fighter-profile/Aaron%20Phillips/187308/,Aaron Phillips,http://www.sherdog.com/fighter/Aaron-Phillips-280195
/fighter-profile/Charles%20Oliveira/16466/,Charles Oliveira,http://www.sherdog.com/fighter/Charles-Oliveira-30300
/fighter-profile/Gregor%20Gillespie/101641/,Gregor Gillespie,http://www.sherdog.com/fighter/Gregor-Gillespie-111701
/fighter-profile/Magomed%20Mustafaev/82358/,Magomed Mustafaev,http://www.sherdog.com/fighter/Magomed-Mustafaev-80231
/fighter-profile/Efrain%20Escudero/34451/,Efrain Escudero,http://www.sherdog.com/fighter/Efrain-Escudero-16555
/fighter-profile/Leonardo%20Santos/10792/,Leonardo Santos,http://www.sherdog.com/fighter/Leonardo-Santos-4810
/fighter-profile/Jon%20Tuck/45014/,Jon Tuck,http://www.sherdog.com/fighter/Jon-Tuck-45108
/fighter-profile/Kevin%20Jousset/197458/,Kevin Jousset,http://www.sherdog.com/fighter/Kevin-Jousset-300519
/fighter-profile/Kemran%20Lachinov/81228/,Kemran Lachinov,http://www.sherdog.com/fighter/Kemran-Lachinov-79187
/fighter-profile/James%20Mulheron/64979/,James Mulheron,http://www.sherdog.com/fighter/James-Mulheron-63627
/fighter-profile/Jarjis%20Danho/78338/,Jarjis Danho,http://www.sherdog.com/fighter/Jarjis-Danho-76397
/fighter-profile/Nandor%20Guelmino/8455/,Nandor Guelmino,http://www.sherdog.com/fighter/Nandor-Guelmino-28286
/fighter-profile/Przemyslaw%20Mysiala/24574/,Przemyslaw Mysiala,http://www.sherdog.com/fighter/Przemyslaw-Mysiala-12648
/fighter-profile/Alvin%20Hines/258172/,Alvin Hines,http://www.sherdog.com/fighter/Alvin-Hines-405550
/fighter-profile/Karl%20Williams/212556/,Karl Williams,http://www.sherdog.com/fighter/Karl-Williams-333575
/fighter-profile/Uran%20Satybaldiev/226272/,Uran Satybaldiev,http://www.sherdog.com/fighter/Uran-Satybaldiev-364447
/fighter-profile/Bobby%20Hoffman/263/,Bobby Hoffman,http://www.sherdog.com/fighter/Bobby-Hoffman-265
/fighter-profile/Semmy%20Schilt/459/,Semmy Schilt,http://www.sherdog.com/fighter/Semmy-Schilt-467
/fighter-profile/Gan%20McGee/271/,Gan McGee,http://www.sherdog.com/fighter/Gan-McGee-273
/fighter-profile/Demico%20Rogers/53933/,Demico Rogers,http://www.sherdog.com/fighter/Demico-Rogers-49518
/fighter-profile/Jeff%20Monson/260/,Jeff Monson,http://www.sherdog.com/fighter/Jeff-Monson-262
/fighter-profile/Keigo%20Kunihara/14165/,Keigo Kunihara,http://www.sherdog.com/fighter/Keigo-Kunihara-8198
/fighter-profile/Gilbert%20Aldana/22296/,Gilbert Aldana,http://www.sherdog.com/fighter/Gilbert-Aldana-10334
/fighter-profile/Sean%20Alvarez/1946/,Sean Alvarez,http://www.sherdog.com/fighter/Sean-Alvarez-1964
/fighter-profile/Vernon%20White/294/,Vernon White,http://www.sherdog.com/fighter/Vernon-White-296
/fighter-profile/Tedd%20Williams/246/,Tedd Williams,http://www.sherdog.com/fighter/Tedd-Williams-248
/fighter-profile/Nate%20Schroeder/253/,Nate Schroeder,http://www.sherdog.com/fighter/Nate-Schroeder-255
/fighter-profile/Scott%20Adams/239/,Scott Adams,http://www.sherdog.com/fighter/Scott-Adams-241
/fighter-profile/Dan%20Severn/52/,Dan Severn,http://www.sherdog.com/fighter/Dan-Severn-52
/fighter-profile/Kevin%20Randleman/160/,Kevin Randleman,http://www.sherdog.com/fighter/Kevin-Randleman-162
/fighter-profile/Tsuyoshi%20Kosaka/188/,Tsuyoshi Kosaka,http://www.sherdog.com/fighter/Tsuyoshi-Kosaka-190
/fighter-profile/Eduardo%20Perez/182059/,Eduardo Perez,http://www.sherdog.com/fighter/Eduardo-Perez-269913
/fighter-profile/Mitchell%20Sipe/152243/,Mitchell Sipe,http://www.sherdog.com/fighter/Mitchell-Sipe-208607
/fighter-profile/Justin%20Frazier/79178/,Justin Frazier,http://www.sherdog.com/fighter/Justin-Frazier-77208
/fighter-profile/Dmitriy%20Sosnovskiy/103859/,Dmitriy Sosnovskiy,http://www.sherdog.com/fighter/Dmitriy-Sosnovskiy-116389
/fighter-profile/Josh%20Copeland/77501/,Josh Copeland,http://www.sherdog.com/fighter/Josh-Copeland-75537
/fighter-profile/John%20Olav%20Einemo/2852/,John Olav Einemo,http://www.sherdog.com/fighter/John-Olav-Einemo-2873
/fighter-profile/Dan%20Evensen/22540/,Dan Evensen,http://www.sherdog.com/fighter/Dan-Evensen-10584
/fighter-profile/Darrill%20Schoonover/19216/,Darrill Schoonover,http://www.sherdog.com/fighter/Darrill-Schoonover-33084
/fighter-profile/Wes%20Shivers/64190/,Wes Shivers,http://www.sherdog.com/fighter/Wes-Shivers-49521
/fighter-profile/Sean%20Sharaf/217271/,Sean Sharaf,http://www.sherdog.com/fighter/Sean-Sharaf-344701
/fighter-profile/John%20Salter/44672/,John Salter,http://www.sherdog.com/fighter/John-Salter-44683
/fighter-profile/Matt%20Horwich/14620/,Matt Horwich,http://www.sherdog.com/fighter/Matt-Horwich-8654
/fighter-profile/Eugene%20Jackson/220/,Eugene Jackson,http://www.sherdog.com/fighter/Eugene-Jackson-222
/fighter-profile/Jason%20Godsey/213/,Jason Godsey,http://www.sherdog.com/fighter/Jason-Godsey-215
/fighter-profile/Daiju%20Takase/224/,Daiju Takase,http://www.sherdog.com/fighter/Daiju-Takase-226
/fighter-profile/Ebenezer%20Fontes%20Braga/205/,Ebenezer Fontes Braga,http://www.sherdog.com/fighter/Ebenezer-Fontes-Braga-207
/fighter-profile/Frank%20Shamrock/282/,Frank Shamrock,http://www.sherdog.com/fighter/Frank-Shamrock-284
/fighter-profile/Mike%20Van%20Arsdale/196/,Mike Van Arsdale,http://www.sherdog.com/fighter/Mike-Van-Arsdale-198
/fighter-profile/Maurice%20Smith/173/,Maurice Smith,http://www.sherdog.com/fighter/Maurice-Smith-175
/fighter-profile/Guy%20Mezger/14/,Guy Mezger,http://www.sherdog.com/fighter/Guy-Mezger-14
/fighter-profile/Jerry%20Bohlander/125/,Jerry Bohlander,http://www.sherdog.com/fighter/Jerry-Bohlander-127
/fighter-profile/Wes%20Albritton/157/,Wes Albritton,http://www.sherdog.com/fighter/Wes-Albritton-159
/fighter-profile/James%20Toney/65290/,James Toney,http://www.sherdog.com/fighter/James-Toney-60940
/fighter-profile/Tony%20Halme/165/,Tony Halme,http://www.sherdog.com/fighter/Tony-Halme-167
/fighter-profile/Steven%20Graham/162/,Steven Graham,http://www.sherdog.com/fighter/Steven-Graham-164
/fighter-profile/Murilo%20Bustamante/251/,Murilo Bustamante,http://www.sherdog.com/fighter/Murilo-Bustamante-253
/fighter-profile/Paul%20Jones/222/,Paul Jones,http://www.sherdog.com/fighter/Paul-Jones-224
/fighter-profile/Noe%20Hernandez/191/,Noe Hernandez,http://www.sherdog.com/fighter/Noe-Hernandez-193
/fighter-profile/Tony%20Petarra/219/,Tony Petarra,http://www.sherdog.com/fighter/Tony-Petarra-221
/fighter-profile/Scott%20Bessac/119/,Scott Bessac,http://www.sherdog.com/fighter/Scott-Bessac-121
/fighter-profile/Kevin%20Rosier/17/,Kevin Rosier,http://www.sherdog.com/fighter/Kevin-Rosier-17
/fighter-profile/Kimo%20Leopoldo/43/,Kimo Leopoldo,http://www.sherdog.com/fighter/Kimo-Leopoldo-43
/fighter-profile/Hugo%20Duarte/198/,Hugo Duarte,http://www.sherdog.com/fighter/Hugo-Duarte-200
/fighter-profile/Yoji%20Anjo/180/,Yoji Anjo,http://www.sherdog.com/fighter/Yoji-Anjo-182
/fighter-profile/Cal%20Worsham/111/,Cal Worsham,http://www.sherdog.com/fighter/Cal-Worsham-113
/fighter-profile/Steve%20Nelmark/145/,Steve Nelmark,http://www.sherdog.com/fighter/Steve-Nelmark-147
/fighter-profile/Don%20Frye/122/,Don Frye,http://www.sherdog.com/fighter/Don-Frye-124
/fighter-profile/Sam%20Adkins/120/,Sam Adkins,http://www.sherdog.com/fighter/Sam-Adkins-122
/fighter-profile/Steve%20Jennum/44/,Steve Jennum,http://www.sherdog.com/fighter/Steve-Jennum-44
/fighter-profile/Oleg%20Taktarov/47/,Oleg Taktarov,http://www.sherdog.com/fighter/Oleg-Taktarov-47
/fighter-profile/John%20Matua/109/,John Matua,http://www.sherdog.com/fighter/John-Matua-111
/fighter-profile/Paul%20Varelans/110/,Paul Varelans,http://www.sherdog.com/fighter/Paul-Varelans-112
/fighter-profile/Brad%20Kohler/179/,Brad Kohler,http://www.sherdog.com/fighter/Brad-Kohler-181
/fighter-profile/Jim%20Mullen/153/,Jim Mullen,http://www.sherdog.com/fighter/Jim-Mullen-155
/fighter-profile/Sam%20Fulton/139/,Sam Fulton,http://www.sherdog.com/fighter/Sam-Fulton-141
/fighter-profile/Branden%20Lee%20Hinkle/430/,Branden Lee Hinkle,http://www.sherdog.com/fighter/Branden-Lee-Hinkle-437
/fighter-profile/Rob%20MacDonald/10623/,Rob MacDonald,http://www.sherdog.com/fighter/Rob-MacDonald-4638
/fighter-profile/Jeff%20Newton/9253/,Jeff Newton,http://www.sherdog.com/fighter/Jeff-Newton-3263
/fighter-profile/Kerry%20Schall/390/,Kerry Schall,http://www.sherdog.com/fighter/Kerry-Schall-397
/fighter-profile/Icho%20Larenas/22460/,Icho Larenas,http://www.sherdog.com/fighter/Icho-Larenas-10502
/fighter-profile/Khalid%20Murtazaliev/141459/,Khalid Murtazaliev,http://www.sherdog.com/fighter/Khalid-Murtazaliev-186791
/fighter-profile/Cale%20Yarbrough/20200/,Cale Yarbrough,http://www.sherdog.com/fighter/Cale-Yarbrough-34073
/fighter-profile/Nick%20Rossborough/26711/,Nick Rossborough,http://www.sherdog.com/fighter/Nick-Rossborough-14808
/fighter-profile/David%20Baggett/14239/,David Baggett,http://www.sherdog.com/fighter/David-Baggett-8272
/fighter-profile/Cory%20Walmsley/11148/,Cory Walmsley,http://www.sherdog.com/fighter/Cory-Walmsley-5170
/fighter-profile/Julian%20Sanchez/142/,Julian Sanchez,http://www.sherdog.com/fighter/Julian-Sanchez-144
/fighter-profile/Brian%20Johnston/135/,Brian Johnston,http://www.sherdog.com/fighter/Brian-Johnston-137
/fighter-profile/Moti%20Horenstein/137/,Moti Horenstein,http://www.sherdog.com/fighter/Moti-Horenstein-139
/fighter-profile/Gary%20Goodridge/127/,Gary Goodridge,http://www.sherdog.com/fighter/Gary-Goodridge-129
/fighter-profile/Tom%20Blackledge/9939/,Tom Blackledge,http://www.sherdog.com/fighter/Tom-Blackledge-3953
/fighter-profile/Karen%20Grigoryan/4262/,Karen Grigoryan,http://www.sherdog.com/fighter/Karen-Grigoryan-24047
/fighter-profile/Alexandre%20Dantas/262/,Alexandre Dantas,http://www.sherdog.com/fighter/Alexandre-Dantas-264
/fighter-profile/Noah%20Inhofer/23318/,Noah Inhofer,http://www.sherdog.com/fighter/Noah-Inhofer-11378
/fighter-profile/Wes%20Combs/10356/,Wes Combs,http://www.sherdog.com/fighter/Wes-Combs-4371
/fighter-profile/Lodune%20Sincaid/10193/,Lodune Sincaid,http://www.sherdog.com/fighter/Lodune-Sincaid-4208
/fighter-profile/Elisha%20Ellison/282514/,Elisha Ellison,http://www.sherdog.com/fighter/Elisha-Ellison-426649
/fighter-profile/Marek%20Bujlo/252548/,Marek Bujlo,http://www.sherdog.com/fighter/Marek-Bujlo-396050
/fighter-profile/Vinicius%20Kappke%20de%20Queiroz/48831/,Vinicius Kappke de Queiroz,http://www.sherdog.com/fighter/Vinicius-Kappke-de-Queiroz-48631
/fighter-profile/Mike%20Wessel/5708/,Mike Wessel,http://www.sherdog.com/fighter/Mike-Wessel-25524
/fighter-profile/Colin%20Robinson/25568/,Colin Robinson,http://www.sherdog.com/fighter/Colin-Robinson-13660
/fighter-profile/Sherman%20Pendergarst/24778/,Sherman Pendergarst,http://www.sherdog.com/fighter/Sherman-Pendergarst-12854
/fighter-profile/Travis%20Fulton/80/,Travis Fulton,http://www.sherdog.com/fighter/Travis-Fulton-80
/fighter-profile/Dave%20Berry/141/,Dave Berry,http://www.sherdog.com/fighter/Dave-Berry-143
/fighter-profile/Abe%20Wagner/26944/,Abe Wagner,http://www.sherdog.com/fighter/Abe-Wagner-15041
/fighter-profile/Mario%20Neto/1933/,Mario Neto,http://www.sherdog.com/fighter/Mario-Neto-1950
/fighter-profile/Allen%20Frye/255323/,Allen Frye,http://www.sherdog.com/fighter/Allen-Frye-395495
/fighter-profile/Magomed%20Tuchalov/221012/,Magomed Tuchalov,http://www.sherdog.com/fighter/Magomed-Tuchalov-339963
/fighter-profile/Felipe%20Franco/269362/,Felipe Franco,http://www.sherdog.com/fighter/Felipe-Franco-415770
/fighter-profile/Chandler%20Cole/148634/,Chandler Cole,http://www.sherdog.com/fighter/Chandler-Cole-201389
/fighter-profile/Ateba%20Abega%20Gautier/241276/,Ateba Abega Gautier,http://www.sherdog.com/fighter/Ateba-Abega-Gautier-386979
/fighter-profile/K.J.%20Noons/12700/,K.J. Noons,http://www.sherdog.com/fighter/KJ-Noons-6727
/fighter-profile/Forrest%20Petz/10396/,Forrest Petz,http://www.sherdog.com/fighter/Forrest-Petz-4411
/fighter-profile/Sam%20Morgan/9129/,Sam Morgan,http://www.sherdog.com/fighter/Sam-Morgan-3139
/fighter-profile/Eddie%20Mendez/29575/,Eddie Mendez,http://www.sherdog.com/fighter/Eddie-Mendez-37421
/fighter-profile/Charles%20Radtke/136361/,Charles Radtke,http://www.sherdog.com/fighter/Charles-Radtke-175669
/fighter-profile/Adam%20Fugitt/151291/,Adam Fugitt,http://www.sherdog.com/fighter/Adam-Fugitt-206917
/fighter-profile/Bassil%20Hafez/103979/,Bassil Hafez,http://www.sherdog.com/fighter/Bassil-Hafez-116663
/fighter-profile/Pete%20Rodriguez/177642/,Pete Rodriguez,http://www.sherdog.com/fighter/Pete-Rodriguez-261813
/fighter-profile/Will%20Brooks/78149/,Will Brooks,http://www.sherdog.com/fighter/Will-Brooks-76241
/fighter-profile/Piotr%20Hallmann/55062/,Piotr Hallmann,http://www.sherdog.com/fighter/Piotr-Hallmann-53375
/fighter-profile/Joe%20Merritt/117511/,Joe Merritt,http://www.sherdog.com/fighter/Joe-Merritt-138127
/fighter-profile/Gabriel%20Benitez/5917/,Gabriel Benitez,http://www.sherdog.com/fighter/Gabriel-Benitez-25733
/fighter-profile/Steve%20Garcia/53335/,Steve Garcia,http://www.sherdog.com/fighter/Steve-Garcia-50916
/fighter-profile/Jake%20Hecht/33667/,Jake Hecht,http://www.sherdog.com/fighter/Jake-Hecht-15759
/fighter-profile/Jamie%20Yager/40772/,Jamie Yager,http://www.sherdog.com/fighter/Jamie-Yager-42309
/fighter-profile/Mike%20Ciesnolevicz/25953/,Mike Ciesnolevicz,http://www.sherdog.com/fighter/Mike-Ciesnolevicz-14047
/fighter-profile/Ivan%20Serati/34197/,Ivan Serati,http://www.sherdog.com/fighter/Ivan-Serati-16300
/fighter-profile/Maiquel%20Falcao/16470/,Maiquel Falcao,http://www.sherdog.com/fighter/Maiquel-Falcao-30304
/fighter-profile/Mike%20Marrello/35671/,Mike Marrello,http://www.sherdog.com/fighter/Mike-Marrello-17807
/fighter-profile/Jacob%20Volkmann/4965/,Jacob Volkmann,http://www.sherdog.com/fighter/Jacob-Volkmann-24765
/fighter-profile/Paul%20Daley/10255/,Paul Daley,http://www.sherdog.com/fighter/Paul-Daley-4270
/fighter-profile/Alexandre%20Barros/1410/,Alexandre Barros,http://www.sherdog.com/fighter/Alexandre-Barros-1424
/fighter-profile/Jordan%20Radev/11902/,Jordan Radev,http://www.sherdog.com/fighter/Jordan-Radev-5925
/fighter-profile/Yuki%20Sasaki/1241/,Yuki Sasaki,http://www.sherdog.com/fighter/Yuki-Sasaki-1255
/fighter-profile/Tony%20Fryklund/166/,Tony Fryklund,http://www.sherdog.com/fighter/Tony-Fryklund-168
/fighter-profile/Andrei%20Semenov/1855/,Andrei Semenov,http://www.sherdog.com/fighter/Andrei-Semenov-1870
/fighter-profile/Edgar%20Garcia/3335/,Edgar Garcia,http://www.sherdog.com/fighter/Edgar-Garcia-23108
/fighter-profile/Jonavin%20Webb/83802/,Jonavin Webb,http://www.sherdog.com/fighter/Jonavin-Webb-81634
/fighter-profile/Clayton%20McKinney/38564/,Clayton McKinney,http://www.sherdog.com/fighter/Clayton-McKinney-20767
/fighter-profile/Nate%20Loughran/33534/,Nate Loughran,http://www.sherdog.com/fighter/Nate-Loughran-15626
/fighter-profile/Dan%20Cramer/40854/,Dan Cramer,http://www.sherdog.com/fighter/Dan-Cramer-42310
/fighter-profile/Erik%20Charles/34371/,Erik Charles,http://www.sherdog.com/fighter/Erik-Charles-16475
/fighter-profile/Mark%20Weir/9588/,Mark Weir,http://www.sherdog.com/fighter/Mark-Weir-3599
/fighter-profile/David%20Terrell/528/,David Terrell,http://www.sherdog.com/fighter/David-Terrell-536
/fighter-profile/Solomon%20Hutcherson/11319/,Solomon Hutcherson,http://www.sherdog.com/fighter/Solomon-Hutcherson-5342
/fighter-profile/Jorge%20Gurgel/10011/,Jorge Gurgel,http://www.sherdog.com/fighter/Jorge-Gurgel-4025
/fighter-profile/Adam%20Yandiev/141503/,Adam Yandiev,http://www.sherdog.com/fighter/Adam-Yandiev-186189
/fighter-profile/Theodor%20Berggren/219597/,Theodor Berggren,http://www.sherdog.com/fighter/Theodor-Berggren-347365
/fighter-profile/Rodrigo%20Sezinando/232926/,Rodrigo Sezinando,http://www.sherdog.com/fighter/Rodrigo-Sezinando-376658
/fighter-profile/Francisco%20Prado/214622/,Francisco Prado,http://www.sherdog.com/fighter/Francisco-Prado-337565
/fighter-profile/Omar%20Morales/107961/,Omar Morales,http://www.sherdog.com/fighter/Omar-Morales-120645
/fighter-profile/Aalon%20Cruz/97466/,Aalon Cruz,http://www.sherdog.com/fighter/Aalon-Cruz-103485
/fighter-profile/Baisangur%20Susurkaev/236104/,Baisangur Susurkaev,http://www.sherdog.com/fighter/Baisangur-Susurkaev-380001
/fighter-profile/Nick%20Klein/182546/,Nick Klein,http://www.sherdog.com/fighter/Nick-Klein-270893
/fighter-profile/Ryan%20Gandra/256802/,Ryan Gandra,http://www.sherdog.com/fighter/Ryan-Gandra-404139
/fighter-profile/Ryder%20Newman/187164/,Ryder Newman,http://www.sherdog.com/fighter/Ryder-Newman-280627
/fighter-profile/Stefan%20Sekulic/123948/,Stefan Sekulic,http://www.sherdog.com/fighter/Stefan-Sekulic-151125
/fighter-profile/Saad%20Awad/33370/,Saad Awad,http://www.sherdog.com/fighter/Saad-Awad-15456
/fighter-profile/Tae%20Hyun%20Bang/3393/,Tae Hyun Bang,http://www.sherdog.com/fighter/Tae-Hyun-Bang-23167
/fighter-profile/Callan%20Potter/98605/,Callan Potter,http://www.sherdog.com/fighter/Callan-Potter-105689
/fighter-profile/Jason%20Von%20Flue/541/,Jason Von Flue,http://www.sherdog.com/fighter/Jason-Von-Flue-549
/fighter-profile/Matt%20Hughes/230/,Matt Hughes,http://www.sherdog.com/fighter/Matt-Hughes-232
/fighter-profile/Derek%20Downey/24163/,Derek Downey,http://www.sherdog.com/fighter/Derek-Downey-12234
/fighter-profile/Damian%20Pinas/281138/,Damian Pinas,http://www.sherdog.com/fighter/Damian-Pinas-426729
/fighter-profile/Cezary%20Oleksiejczuk/134286/,Cezary Oleksiejczuk,http://www.sherdog.com/fighter/Cezary-Oleksiejczuk-171801
/fighter-profile/Elias%20Silverio/91505/,Elias Silverio,http://www.sherdog.com/fighter/Elias-Silverio-88613
/fighter-profile/Reggie%20Orr/15019/,Reggie Orr,http://www.sherdog.com/fighter/Reggie-Orr-9056
/fighter-profile/Cameron%20VanCamp/117179/,Cameron VanCamp,http://www.sherdog.com/fighter/Cameron-VanCamp-86203
/fighter-profile/Jacobe%20Smith/252982/,Jacobe Smith,http://www.sherdog.com/fighter/Jacobe-Smith-394506
/fighter-profile/Rolando%20Bedoya/137613/,Rolando Bedoya,http://www.sherdog.com/fighter/Rolando-Bedoya-178707
/fighter-profile/Marcin%20Held/47154/,Marcin Held,http://www.sherdog.com/fighter/Marcin-Held-47065
/fighter-profile/Ricardo%20Lamas/18194/,Ricardo Lamas,http://www.sherdog.com/fighter/Ricardo-Lamas-32051
/fighter-profile/Myles%20Jury/20363/,Myles Jury,http://www.sherdog.com/fighter/Myles-Jury-34236
/fighter-profile/Gilbert%20Melendez/11522/,Gilbert Melendez,http://www.sherdog.com/fighter/Gilbert-Melendez-5545
/fighter-profile/Takanori%20Gomi/418/,Takanori Gomi,http://www.sherdog.com/fighter/Takanori-Gomi-425
/fighter-profile/David%20Bielkheden/9850/,David Bielkheden,http://www.sherdog.com/fighter/David-Bielkheden-3863
/fighter-profile/John%20Alessio/257/,John Alessio,http://www.sherdog.com/fighter/John-Alessio-259
/fighter-profile/Brian%20Gassaway/875/,Brian Gassaway,http://www.sherdog.com/fighter/Brian-Gassaway-886
/fighter-profile/Josh%20Rafferty/2662/,Josh Rafferty,http://www.sherdog.com/fighter/Josh-Rafferty-2682
/fighter-profile/Alex%20Karalexis/23874/,Alex Karalexis,http://www.sherdog.com/fighter/Alex-Karalexis-11941
/fighter-profile/Pat%20Sabatini/61631/,Pat Sabatini,http://www.sherdog.com/fighter/Pat-Sabatini-60415
/fighter-profile/Marc%20Diakiese/101568/,Marc Diakiese,http://www.sherdog.com/fighter/Marc-Diakiese-111545
/fighter-profile/Arman%20Tsarukyan/156278/,Arman Tsarukyan,http://www.sherdog.com/fighter/Arman-Tsarukyan-213913
/fighter-profile/Joseph%20Duffy/34934/,Joseph Duffy,http://www.sherdog.com/fighter/Joseph-Duffy-17052
/fighter-profile/Danilo%20Belluardo/112443/,Danilo Belluardo,http://www.sherdog.com/fighter/Danilo-Belluardo-128147
/fighter-profile/Damir%20Ismagulov/138781/,Damir Ismagulov,http://www.sherdog.com/fighter/Damir-Ismagulov-181183
/fighter-profile/Rostem%20Akman/136117/,Rostem Akman,http://www.sherdog.com/fighter/Rostem-Akman-175303
/fighter-profile/Shinsho%20Anzai/47254/,Shinsho Anzai,http://www.sherdog.com/fighter/Shinsho-Anzai-47183
/fighter-profile/Andrew%20Holbrook/80495/,Andrew Holbrook,http://www.sherdog.com/fighter/Andrew-Holbrook-78384
/fighter-profile/Johnny%20Case/8188/,Johnny Case,http://www.sherdog.com/fighter/Johnny-Case-28017
/fighter-profile/Akbarh%20Arreola/12096/,Akbarh Arreola,http://www.sherdog.com/fighter/Akbarh-Arreola-6120
/fighter-profile/Vagner%20Rocha/47820/,Vagner Rocha,http://www.sherdog.com/fighter/Vagner-Rocha-43107
/fighter-profile/Dashon%20Johnson/107930/,Dashon Johnson,http://www.sherdog.com/fighter/Dashon-Johnson-120663
/fighter-profile/Robert%20Drysdale/69469/,Robert Drysdale,http://www.sherdog.com/fighter/Robert-Drysdale-67894
/fighter-profile/Amilcar%20Alves/4057/,Amilcar Alves,http://www.sherdog.com/fighter/Amilcar-Alves-23841
/fighter-profile/Rory%20Markham/22717/,Rory Markham,http://www.sherdog.com/fighter/Rory-Markham-10768
/fighter-profile/Frank%20Trigg/308/,Frank Trigg,http://www.sherdog.com/fighter/Frank-Trigg-311
/fighter-profile/Jeff%20Joslin/12580/,Jeff Joslin,http://www.sherdog.com/fighter/Jeff-Joslin-6606
/fighter-profile/Ansar%20Chalangov/13118/,Ansar Chalangov,http://www.sherdog.com/fighter/Ansar-Chalangov-7148
/fighter-profile/Chris%20Sanford/2636/,Chris Sanford,http://www.sherdog.com/fighter/Chris-Sanford-2656
/fighter-profile/Michael%20Guymon/10001/,Michael Guymon,http://www.sherdog.com/fighter/Michael-Guymon-4015
/fighter-profile/War%20Machine/22946/,War Machine,http://www.sherdog.com/fighter/War-Machine-10999
/fighter-profile/Brodie%20Farber/12099/,Brodie Farber,http://www.sherdog.com/fighter/Brodie-Farber-6123
/fighter-profile/Sam%20Stout/21864/,Sam Stout,http://www.sherdog.com/fighter/Sam-Stout-9901
/fighter-profile/Shonie%20Carter/237/,Shonie Carter,http://www.sherdog.com/fighter/Shonie-Carter-239
/fighter-profile/Yves%20Edwards/341/,Yves Edwards,http://www.sherdog.com/fighter/Yves-Edwards-344
/fighter-profile/Matt%20Lucas/36763/,Matt Lucas,http://www.sherdog.com/fighter/Matt-Lucas-18915
/fighter-profile/Justin%20Levens/22188/,Justin Levens,http://www.sherdog.com/fighter/Justin-Levens-10226
/fighter-profile/Chris%20Haseman/1435/,Chris Haseman,http://www.sherdog.com/fighter/Chris-Haseman-1449
/fighter-profile/Homer%20Moore/842/,Homer Moore,http://www.sherdog.com/fighter/Homer-Moore-853
/fighter-profile/Lance%20Gibson/244/,Lance Gibson,http://www.sherdog.com/fighter/Lance-Gibson-246
/fighter-profile/Valeri%20Ignatov/214/,Valeri Ignatov,http://www.sherdog.com/fighter/Valeri-Ignatov-216
/fighter-profile/Darrell%20Gholar/211/,Darrell Gholar,http://www.sherdog.com/fighter/Darrell-Gholar-213
/fighter-profile/Mike%20Stine/21243/,Mike Stine,http://www.sherdog.com/fighter/Mike-Stine-9266
/fighter-profile/Todd%20Monaghan/17293/,Todd Monaghan,http://www.sherdog.com/fighter/Todd-Monaghan-31144
/fighter-profile/Matt%20Serra/1291/,Matt Serra,http://www.sherdog.com/fighter/Matt-Serra-1305
/fighter-profile/Nissen%20Osterneck/35459/,Nissen Osterneck,http://www.sherdog.com/fighter/Nissen-Osterneck-17591
/fighter-profile/Lee%20Murray/1644/,Lee Murray,http://www.sherdog.com/fighter/Lee-Murray-1659
/fighter-profile/Xavier%20Foupa-Pokam/14727/,Xavier Foupa-Pokam,http://www.sherdog.com/fighter/Xavier-FoupaPokam-8761
/fighter-profile/Tait%20Fletcher/14141/,Tait Fletcher,http://www.sherdog.com/fighter/Tait-Fletcher-8174
/fighter-profile/Eric%20Magee/38105/,Eric Magee,http://www.sherdog.com/fighter/Eric-Magee-20302
/fighter-profile/Galore%20Bofando/60671/,Galore Bofando,http://www.sherdog.com/fighter/Galore-Bofando-59466
/fighter-profile/Phil%20Brooks/161294/,Phil Brooks,http://www.sherdog.com/fighter/Phil-Brooks-184933
/fighter-profile/Mike%20Jackson/64570/,Mike Jackson,http://www.sherdog.com/fighter/Mike-Jackson-63272
/fighter-profile/Conor%20McGregor/15859/,Conor McGregor,http://www.sherdog.com/fighter/Conor-McGregor-29688
/fighter-profile/Justin%20Gaethje/46751/,Justin Gaethje,http://www.sherdog.com/fighter/Justin-Gaethje-46648
/fighter-profile/Alexander%20Hernandez/94544/,Alexander Hernandez,http://www.sherdog.com/fighter/Alexander-Hernandez-97669
/fighter-profile/John%20Makdessi/29874/,John Makdessi,http://www.sherdog.com/fighter/John-Makdessi-37402
/fighter-profile/Adriano%20Martins/21870/,Adriano Martins,http://www.sherdog.com/fighter/Adriano-Martins-9907
/fighter-profile/Dennis%20Siver/21781/,Dennis Siver,http://www.sherdog.com/fighter/Dennis-Siver-9817
/fighter-profile/Paul%20Kelly/25934/,Paul Kelly,http://www.sherdog.com/fighter/Paul-Kelly-14028
/fighter-profile/Stevie%20Ray/61052/,Stevie Ray,http://www.sherdog.com/fighter/Stevie-Ray-59838
/fighter-profile/Jim%20Wallhead/24827/,Jim Wallhead,http://www.sherdog.com/fighter/Jim-Wallhead-12903
/fighter-profile/Evan%20Elder/181819/,Evan Elder,http://www.sherdog.com/fighter/Evan-Elder-269245
/fighter-profile/Alex%20White/56766/,Alex White,http://www.sherdog.com/fighter/Alex-White-55954
/fighter-profile/Ramsey%20Nijem/29116/,Ramsey Nijem,http://www.sherdog.com/fighter/Ramsey-Nijem-36963
/fighter-profile/Jonathan%20Nunez/62221/,Jonathan Nunez,http://www.sherdog.com/fighter/Jonathan-Nunez-61050
/fighter-profile/Shane%20Campbell/20752/,Shane Campbell,http://www.sherdog.com/fighter/Shane-Campbell-34625
/fighter-profile/Jamie%20Varner/13138/,Jamie Varner,http://www.sherdog.com/fighter/Jamie-Varner-7168
/fighter-profile/King%20Green/8125/,King Green,http://www.sherdog.com/fighter/King-Green-27953
/fighter-profile/Julian%20Lane/48045/,Julian Lane,http://www.sherdog.com/fighter/Julian-Lane-47741
/fighter-profile/George%20Lockhart/2699/,George Lockhart,http://www.sherdog.com/fighter/George-Lockhart-2719
/fighter-profile/Mike%20Persons/85955/,Mike Persons,http://www.sherdog.com/fighter/Mike-Persons-83729
/fighter-profile/Max%20Holloway/31007/,Max Holloway,http://www.sherdog.com/fighter/Max-Holloway-38671
/fighter-profile/Che%20Mills/14765/,Che Mills,http://www.sherdog.com/fighter/Che-Mills-8800
/fighter-profile/Grant%20Dawson/97526/,Grant Dawson,http://www.sherdog.com/fighter/Grant-Dawson-103525
/fighter-profile/Michael%20Johnson/70345/,Michael Johnson,http://www.sherdog.com/fighter/Michael-Johnson-68788
/fighter-profile/Kyle%20Nelson/93405/,Kyle Nelson,http://www.sherdog.com/fighter/Kyle-Nelson-95383
/fighter-profile/Jared%20Gordon/75818/,Jared Gordon,http://www.sherdog.com/fighter/Jared-Gordon-74057
/fighter-profile/Colin%20Fletcher/20748/,Colin Fletcher,http://www.sherdog.com/fighter/Colin-Fletcher-34621
/fighter-profile/Michael%20Hill/60094/,Michael Hill,http://www.sherdog.com/fighter/Michael-Hill-58931
/fighter-profile/Jason%20South/32487/,Jason South,http://www.sherdog.com/fighter/Jason-South-40111
/fighter-profile/James%20Chaney/52948/,James Chaney,http://www.sherdog.com/fighter/James-Chaney-52307
/fighter-profile/Ricky%20Legere%20Jr./4927/,Ricky Legere Jr.,http://www.sherdog.com/fighter/Ricky-Legere-Jr-24727
/fighter-profile/Claude%20Patrick/10099/,Claude Patrick,http://www.sherdog.com/fighter/Claude-Patrick-4114
/fighter-profile/Tiki%20Ghosn/88/,Tiki Ghosn,http://www.sherdog.com/fighter/Tiki-Ghosn-88
/fighter-profile/Steve%20Berger/1289/,Steve Berger,http://www.sherdog.com/fighter/Steve-Berger-1303
/fighter-profile/Aaron%20Riley/1552/,Aaron Riley,http://www.sherdog.com/fighter/Aaron-Riley-1567
/fighter-profile/Kuniyoshi%20Hironaka/2555/,Kuniyoshi Hironaka,http://www.sherdog.com/fighter/Kuniyoshi-Hironaka-2575
/fighter-profile/David%20Mitchell/34720/,David Mitchell,http://www.sherdog.com/fighter/David-Mitchell-16830
/fighter-profile/Julio%20Paulino/35968/,Julio Paulino,http://www.sherdog.com/fighter/Julio-Paulino-18106
/fighter-profile/Adlan%20Amagov/39843/,Adlan Amagov,http://www.sherdog.com/fighter/Adlan-Amagov-41523
/fighter-profile/Mike%20Stumpf/38763/,Mike Stumpf,http://www.sherdog.com/fighter/Mike-Stumpf-20967
/fighter-profile/Matt%20Wiman/24165/,Matt Wiman,http://www.sherdog.com/fighter/Matt-Wiman-12236
/fighter-profile/Shane%20Roller/4742/,Shane Roller,http://www.sherdog.com/fighter/Shane-Roller-24540
/fighter-profile/Jorge%20Lopez/3494/,Jorge Lopez,http://www.sherdog.com/fighter/Jorge-Lopez-23271
/fighter-profile/Brad%20Blackburn/2899/,Brad Blackburn,http://www.sherdog.com/fighter/Brad-Blackburn-2920
/fighter-profile/Steve%20Byrnes/24011/,Steve Byrnes,http://www.sherdog.com/fighter/Steve-Byrnes-12079
/fighter-profile/Jonathan%20Micallef/235770/,Jonathan Micallef,http://www.sherdog.com/fighter/Jonathan-Micallef-366859
/fighter-profile/Brad%20Riddell/173748/,Brad Riddell,http://www.sherdog.com/fighter/Brad-Riddell-252693
/fighter-profile/Jamie%20Mullarkey/69624/,Jamie Mullarkey,http://www.sherdog.com/fighter/Jamie-Mullarkey-68104
/fighter-profile/Brok%20Weaver/54489/,Brok Weaver,http://www.sherdog.com/fighter/Brok-Weaver-53819
/fighter-profile/Joshua%20Culibao/159105/,Joshua Culibao,http://www.sherdog.com/fighter/Joshua-Culibao-222801
/fighter-profile/Thibault%20Gouti/110809/,Thibault Gouti,http://www.sherdog.com/fighter/Thibault-Gouti-124975
/fighter-profile/Yosdenis%20Cedeno/50812/,Yosdenis Cedeno,http://www.sherdog.com/fighter/Yosdenis-Cedeno-47066
/fighter-profile/Devin%20Powell/65485/,Devin Powell,http://www.sherdog.com/fighter/Devin-Powell-64166
/fighter-profile/Jordan%20Rinaldi/54485/,Jordan Rinaldi,http://www.sherdog.com/fighter/Jordan-Rinaldi-53815
/fighter-profile/Vernon%20Ramos/96187/,Vernon Ramos,http://www.sherdog.com/fighter/Vernon-Ramos-100921
/fighter-profile/Sergey%20Khandozhko/91767/,Sergey Khandozhko,http://www.sherdog.com/fighter/Sergey-Khandozhko-91889
/fighter-profile/Matheus%20Camilo/206965/,Matheus Camilo,http://www.sherdog.com/fighter/Matheus-Camilo-319531
/fighter-profile/Jean-Paul%20Lebosnoyani/171410/,Jean-Paul Lebosnoyani,http://www.sherdog.com/fighter/JeanPaul-Lebosnoyani-248169
/fighter-profile/Seok%20Hyeon%20Ko/185137/,Seok Hyeon Ko,http://www.sherdog.com/fighter/Seok-Hyeon-Ko-275977
/fighter-profile/Orion%20Cosce/127715/,Orion Cosce,http://www.sherdog.com/fighter/Orion-Cosce-156917
/fighter-profile/Felipe%20Olivieri/8350/,Felipe Olivieri,http://www.sherdog.com/fighter/Felipe-Olivieri-28181
/fighter-profile/Fabricio%20Camoes/2407/,Fabricio Camoes,http://www.sherdog.com/fighter/Fabricio-Camoes-2427
/fighter-profile/Pascal%20Krauss/41999/,Pascal Krauss,http://www.sherdog.com/fighter/Pascal-Krauss-43439
/fighter-profile/Richard%20Walsh/58974/,Richard Walsh,http://www.sherdog.com/fighter/Richard-Walsh-55587
/fighter-profile/Zane%20Kamaka/48526/,Zane Kamaka,http://www.sherdog.com/fighter/Zane-Kamaka-48324
/fighter-profile/Manuel%20Torres/195809/,Manuel Torres,http://www.sherdog.com/fighter/Manuel-Torres-297203
/fighter-profile/Justin%20Jaynes/54392/,Justin Jaynes,http://www.sherdog.com/fighter/Justin-Jaynes-53713
/fighter-profile/Nick%20Hein/51262/,Nick Hein,http://www.sherdog.com/fighter/Nick-Hein-50774
/fighter-profile/Damien%20Brown/63524/,Damien Brown,http://www.sherdog.com/fighter/Damien-Brown-62243
/fighter-profile/Jason%20Tan/24298/,Jason Tan,http://www.sherdog.com/fighter/Jason-Tan-12369
/fighter-profile/Anthony%20Lapsley/36448/,Anthony Lapsley,http://www.sherdog.com/fighter/Anthony-Lapsley-18590
/fighter-profile/Cain%20Carrizosa/86831/,Cain Carrizosa,http://www.sherdog.com/fighter/Cain-Carrizosa-84645
/fighter-profile/Katsunori%20Kikuno/34699/,Katsunori Kikuno,http://www.sherdog.com/fighter/Katsunori-Kikuno-16806
/fighter-profile/Derrick%20Noble/10541/,Derrick Noble,http://www.sherdog.com/fighter/Derrick-Noble-4556
/fighter-profile/Spencer%20Fisher/11096/,Spencer Fisher,http://www.sherdog.com/fighter/Spencer-Fisher-5118
/fighter-profile/Steven%20Lynch/33790/,Steven Lynch,http://www.sherdog.com/fighter/Steven-Lynch-15882
/fighter-profile/Diego%20Saraiva/21510/,Diego Saraiva,http://www.sherdog.com/fighter/Diego-Saraiva-9534
/fighter-profile/Greg%20Soto/36922/,Greg Soto,http://www.sherdog.com/fighter/Greg-Soto-19080
/fighter-profile/Frank%20Lester/3023/,Frank Lester,http://www.sherdog.com/fighter/Frank-Lester-22791
/fighter-profile/Mark%20Miller/9508/,Mark Miller,http://www.sherdog.com/fighter/Mark-Miller-3519
/fighter-profile/Danillo%20Villefort/25010/,Danillo Villefort,http://www.sherdog.com/fighter/Danillo-Villefort-13093
/fighter-profile/John%20Maguire/33484/,John Maguire,http://www.sherdog.com/fighter/John-Maguire-15574
/fighter-profile/Paul%20Taylor/12302/,Paul Taylor,http://www.sherdog.com/fighter/Paul-Taylor-6326
/fighter-profile/Tom%20Egan/15861/,Tom Egan,http://www.sherdog.com/fighter/Tom-Egan-29690
/fighter-profile/Ryan%20Hall/33868/,Ryan Hall,http://www.sherdog.com/fighter/Ryan-Hall-15962
/fighter-profile/Yair%20Rodriguez/98858/,Yair Rodriguez,http://www.sherdog.com/fighter/Yair-Rodriguez-106305
/fighter-profile/Frankie%20Edgar/26110/,Frankie Edgar,http://www.sherdog.com/fighter/Frankie-Edgar-14204
/fighter-profile/Jens%20Pulver/226/,Jens Pulver,http://www.sherdog.com/fighter/Jens-Pulver-228
/fighter-profile/Caol%20Uno/281/,Caol Uno,http://www.sherdog.com/fighter/Caol-Uno-283
/fighter-profile/Paul%20Creighton/10426/,Paul Creighton,http://www.sherdog.com/fighter/Paul-Creighton-4441
/fighter-profile/Joey%20Gilbert/1292/,Joey Gilbert,http://www.sherdog.com/fighter/Joey-Gilbert-1306
/fighter-profile/Abel%20Trujillo/35009/,Abel Trujillo,http://www.sherdog.com/fighter/Abel-Trujillo-17129
/fighter-profile/Norman%20Parke/47566/,Norman Parke,http://www.sherdog.com/fighter/Norman-Parke-47549
/fighter-profile/John%20Cholish/27894/,John Cholish,http://www.sherdog.com/fighter/John-Cholish-35867
/fighter-profile/Rafaello%20Oliveira/29618/,Rafaello Oliveira,http://www.sherdog.com/fighter/Rafaello-Oliveira-37260
/fighter-profile/Jeff%20Cox/21749/,Jeff Cox,http://www.sherdog.com/fighter/Jeff-Cox-9785
/fighter-profile/Jason%20Dent/14288/,Jason Dent,http://www.sherdog.com/fighter/Jason-Dent-8321
/fighter-profile/Hermes%20Franca/9060/,Hermes Franca,http://www.sherdog.com/fighter/Hermes-Franca-3068
/fighter-profile/Benji%20Radach/2274/,Benji Radach,http://www.sherdog.com/fighter/Benji-Radach-2294
/fighter-profile/Jutaro%20Nakao/431/,Jutaro Nakao,http://www.sherdog.com/fighter/Jutaro-Nakao-438
/fighter-profile/LaVerne%20Clark/182/,LaVerne Clark,http://www.sherdog.com/fighter/LaVerne-Clark-184
/fighter-profile/Nick%20Thompson/13094/,Nick Thompson,http://www.sherdog.com/fighter/Nick-Thompson-7124
/fighter-profile/Dave%20Strasser/606/,Dave Strasser,http://www.sherdog.com/fighter/Dave-Strasser-615
/fighter-profile/Rob%20Yundt/34748/,Rob Yundt,http://www.sherdog.com/fighter/Rob-Yundt-16858
/fighter-profile/Renato%20Verissimo/10080/,Renato Verissimo,http://www.sherdog.com/fighter/Renato-Verissimo-4095
/fighter-profile/Pat%20Miletich/186/,Pat Miletich,http://www.sherdog.com/fighter/Pat-Miletich-188
/fighter-profile/Bob%20Gilstrap/195/,Bob Gilstrap,http://www.sherdog.com/fighter/Bob-Gilstrap-197
/fighter-profile/Royce%20Gracie/19/,Royce Gracie,http://www.sherdog.com/fighter/Royce-Gracie-19
/fighter-profile/Christophe%20Leininger/40/,Christophe Leininger,http://www.sherdog.com/fighter/Christophe-Leininger-40
/fighter-profile/Felix%20Mitchell/45/,Felix Mitchell,http://www.sherdog.com/fighter/Felix-Mitchell-45
/fighter-profile/Patrick%20Smith/21/,Patrick Smith,http://www.sherdog.com/fighter/Patrick-Smith-21
/fighter-profile/Falaniko%20Vitale/367/,Falaniko Vitale,http://www.sherdog.com/fighter/Falaniko-Vitale-370
/fighter-profile/Jose%20Aldo/23446/,Jose Aldo,http://www.sherdog.com/fighter/Jose-Aldo-11506
/fighter-profile/Diego%20Nunes/6164/,Diego Nunes,http://www.sherdog.com/fighter/Diego-Nunes-25981
/fighter-profile/Roger%20Huerta/22051/,Roger Huerta,http://www.sherdog.com/fighter/Roger-Huerta-10089
/fighter-profile/Alvin%20Robinson/24143/,Alvin Robinson,http://www.sherdog.com/fighter/Alvin-Robinson-12212
/fighter-profile/Dokonjonosuke%20Mishima/1157/,Dokonjonosuke Mishima,http://www.sherdog.com/fighter/Dokonjonosuke-Mishima-1170
/fighter-profile/Kit%20Cope/67/,Kit Cope,http://www.sherdog.com/fighter/Kit-Cope-67
/fighter-profile/Tony%20Sims/16191/,Tony Sims,http://www.sherdog.com/fighter/Tony-Sims-30021
/fighter-profile/Guilherme%20Vasconcelos/100097/,Guilherme Vasconcelos,http://www.sherdog.com/fighter/Guilherme-Vasconcelos-108499
/fighter-profile/Pat%20Schultz/23500/,Pat Schultz,http://www.sherdog.com/fighter/Pat-Schultz-11564
/fighter-profile/Paul%20Rodriguez/1318/,Paul Rodriguez,http://www.sherdog.com/fighter/Paul-Rodriguez-1332
/fighter-profile/Gil%20Castillo/545/,Gil Castillo,http://www.sherdog.com/fighter/Gil-Castillo-553
/fighter-profile/Fabiano%20Iha/216/,Fabiano Iha,http://www.sherdog.com/fighter/Fabiano-Iha-218
/fighter-profile/Besam%20Yousef/18587/,Besam Yousef,http://www.sherdog.com/fighter/Besam-Yousef-32445
/fighter-profile/Michael%20Bowman/18084/,Michael Bowman,http://www.sherdog.com/fighter/Michael-Bowman-31941
/fighter-profile/Nurullo%20Aliev/184686/,Nurullo Aliev,http://www.sherdog.com/fighter/Nurullo-Aliev-274869
/fighter-profile/Mitch%20Ramirez/169511/,Mitch Ramirez,http://www.sherdog.com/fighter/Mitch-Ramirez-244107
/fighter-profile/Natan%20Levy/161277/,Natan Levy,http://www.sherdog.com/fighter/Natan-Levy-227411
/fighter-profile/Viacheslav%20Borshchev/214356/,Viacheslav Borshchev,http://www.sherdog.com/fighter/Viacheslav-Borshchev-337895
/fighter-profile/Thomas%20Gifford/76459/,Thomas Gifford,http://www.sherdog.com/fighter/Thomas-Gifford-74695
/fighter-profile/Jake%20Lindsey/58078/,Jake Lindsey,http://www.sherdog.com/fighter/Jake-Lindsey-57214
/fighter-profile/Claudio%20Puelles/98688/,Claudio Puelles,http://www.sherdog.com/fighter/Claudio-Puelles-105897
/fighter-profile/Arnold%20Allen/94462/,Arnold Allen,http://www.sherdog.com/fighter/Arnold-Allen-97499
/fighter-profile/Michael%20Chandler/51329/,Michael Chandler,http://www.sherdog.com/fighter/Michael-Chandler-50829
/fighter-profile/Jason%20Knight/44896/,Jason Knight,http://www.sherdog.com/fighter/Jason-Knight-44957
/fighter-profile/Mark%20Eddiva/77545/,Mark Eddiva,http://www.sherdog.com/fighter/Mark-Eddiva-75370
/fighter-profile/Hatsu%20Hioki/11443/,Hatsu Hioki,http://www.sherdog.com/fighter/Hatsu-Hioki-5466
/fighter-profile/Maximo%20Blanco/28845/,Maximo Blanco,http://www.sherdog.com/fighter/Maximo-Blanco-36618
/fighter-profile/Ian%20Entwistle/51106/,Ian Entwistle,http://www.sherdog.com/fighter/Ian-Entwistle-50588
/fighter-profile/Josh%20Shockley/5141/,Josh Shockley,http://www.sherdog.com/fighter/Josh-Shockley-24948
/fighter-profile/Rodrigo%20Damm/23447/,Rodrigo Damm,http://www.sherdog.com/fighter/Rodrigo-Damm-11507
/fighter-profile/Daniel%20Zellhuber/167076/,Daniel Zellhuber,http://www.sherdog.com/fighter/Daniel-Zellhuber-238903
/fighter-profile/Ricky%20Glenn/37974/,Ricky Glenn,http://www.sherdog.com/fighter/Ricky-Glenn-20171
/fighter-profile/Sean%20Soriano/62884/,Sean Soriano,http://www.sherdog.com/fighter/Sean-Soriano-61682
/fighter-profile/Carlton%20Minus/137560/,Carlton Minus,http://www.sherdog.com/fighter/Carlton-Minus-177995
/fighter-profile/Damir%20Hadzovic/56962/,Damir Hadzovic,http://www.sherdog.com/fighter/Damir-Hadzovic-56139
/fighter-profile/Mizuto%20Hirota/24010/,Mizuto Hirota,http://www.sherdog.com/fighter/Mizuto-Hirota-12078
/fighter-profile/Chris%20Wade/81433/,Chris Wade,http://www.sherdog.com/fighter/Chris-Wade-79335
/fighter-profile/Garett%20Whiteley/31622/,Garett Whiteley,http://www.sherdog.com/fighter/Garett-Whiteley-39261
/fighter-profile/Chris%20Duncan/76108/,Chris Duncan,http://www.sherdog.com/fighter/Chris-Duncan-74346
/fighter-profile/Loik%20Radzhabov/125566/,Loik Radzhabov,http://www.sherdog.com/fighter/Loik-Radzhabov-154357
/fighter-profile/Nick%20Fiore/162724/,Nick Fiore,http://www.sherdog.com/fighter/Nick-Fiore-230223
/fighter-profile/Kaynan%20Kruschewsky/124645/,Kaynan Kruschewsky,http://www.sherdog.com/fighter/Kaynan-Kruschewsky-152747
/fighter-profile/Guram%20Kutateladze/112276/,Guram Kutateladze,http://www.sherdog.com/fighter/Guram-Kutateladze-127817
/fighter-profile/Zubaira%20Tukhugov/65301/,Zubaira Tukhugov,http://www.sherdog.com/fighter/Zubaira-Tukhugov-63813
/fighter-profile/Steve%20Bruno/10352/,Steve Bruno,http://www.sherdog.com/fighter/Steve-Bruno-4367
/fighter-profile/Edilberto%20de%20Oliveira/23840/,Edilberto de Oliveira,http://www.sherdog.com/fighter/Edilberto-de-Oliveira-11907
/fighter-profile/Anthony%20Torres/1869/,Anthony Torres,http://www.sherdog.com/fighter/Anthony-Torres-1884
/fighter-profile/Zach%20Light/9905/,Zach Light,http://www.sherdog.com/fighter/Zach-Light-3919
/fighter-profile/Trey%20Ogden/141873/,Trey Ogden,http://www.sherdog.com/fighter/Trey-Ogden-187343
/fighter-profile/Jai%20Herbert/132667/,Jai Herbert,http://www.sherdog.com/fighter/Jai-Herbert-168551
/fighter-profile/Mike%20Rio/55585/,Mike Rio,http://www.sherdog.com/fighter/Mike-Rio-54833
/fighter-profile/C.J.%20Keith/72061/,C.J. Keith,http://www.sherdog.com/fighter/CJ-Keith-70452
/fighter-profile/Delson%20Heleno/11411/,Delson Heleno,http://www.sherdog.com/fighter/Delson-Heleno-5434
/fighter-profile/Terrance%20McKinney/164240/,Terrance McKinney,http://www.sherdog.com/fighter/Terrance-McKinney-232591
/fighter-profile/Marco%20Polo%20Reyes/102784/,Marco Polo Reyes,http://www.sherdog.com/fighter/Marco-Polo-Reyes-114125
/fighter-profile/Jason%20Gonzalez/68184/,Jason Gonzalez,http://www.sherdog.com/fighter/Jason-Gonzalez-66736
/fighter-profile/Scott%20Holtzman/80518/,Scott Holtzman,http://www.sherdog.com/fighter/Scott-Holtzman-78210
/fighter-profile/Michal%20Figlak/124119/,Michal Figlak,http://www.sherdog.com/fighter/Michal-Figlak-151393
/fighter-profile/Kurt%20Holobaugh/70328/,Kurt Holobaugh,http://www.sherdog.com/fighter/Kurt-Holobaugh-68751
/fighter-profile/Vinc%20Pichel/58655/,Vinc Pichel,http://www.sherdog.com/fighter/Vinc-Pichel-57848
/fighter-profile/Joe%20Solecki/161598/,Joe Solecki,http://www.sherdog.com/fighter/Joe-Solecki-227993
/fighter-profile/Max%20Rohskopf/179939/,Max Rohskopf,http://www.sherdog.com/fighter/Max-Rohskopf-264605
/fighter-profile/Mark%20O.%20Madsen/121255/,Mark O. Madsen,http://www.sherdog.com/fighter/Mark-O-Madsen-145559
/fighter-profile/Lando%20Vannata/84630/,Lando Vannata,http://www.sherdog.com/fighter/Lando-Vannata-82446
/fighter-profile/Damon%20Jackson/102623/,Damon Jackson,http://www.sherdog.com/fighter/Damon-Jackson-113767
/fighter-profile/Marcus%20Levesseur/3757/,Marcus Levesseur,http://www.sherdog.com/fighter/Marcus-Levesseur-23538
/fighter-profile/Henry%20Martinez/25152/,Henry Martinez,http://www.sherdog.com/fighter/Henry-Martinez-13237
/fighter-profile/Dante%20Rivera/11723/,Dante Rivera,http://www.sherdog.com/fighter/Dante-Rivera-5746
/fighter-profile/Dan%20Simmler/5255/,Dan Simmler,http://www.sherdog.com/fighter/Dan-Simmler-25065
/fighter-profile/Ivan%20Jorge/11409/,Ivan Jorge,http://www.sherdog.com/fighter/Ivan-Jorge-5432
/fighter-profile/Lipeng%20Zhang/50929/,Lipeng Zhang,http://www.sherdog.com/fighter/Lipeng-Zhang-50416
/fighter-profile/Enrique%20Marin/7250/,Enrique Marin,http://www.sherdog.com/fighter/Enrique-Marin-27077
/fighter-profile/Marco%20Olano/96851/,Marco Olano,http://www.sherdog.com/fighter/Marco-Olano-102401
/fighter-profile/Jordan%20Leavitt/176447/,Jordan Leavitt,http://www.sherdog.com/fighter/Jordan-Leavitt-259871
/fighter-profile/Rodrigo%20Vargas/73052/,Rodrigo Vargas,http://www.sherdog.com/fighter/Rodrigo-Vargas-71577
/fighter-profile/James%20Llontop/143900/,James Llontop,http://www.sherdog.com/fighter/James-Llontop-191443
/fighter-profile/Chan%20Sung%20Jung/28162/,Chan Sung Jung,http://www.sherdog.com/fighter/Chan-Sung-Jung-36155
/fighter-profile/Cub%20Swanson/22949/,Cub Swanson,http://www.sherdog.com/fighter/Cub-Swanson-11002
/fighter-profile/Calvin%20Kattar/3998/,Calvin Kattar,http://www.sherdog.com/fighter/Calvin-Kattar-23782
/fighter-profile/Brian%20Ortega/66594/,Brian Ortega,http://www.sherdog.com/fighter/Brian-Ortega-65310
/fighter-profile/Tom%20Niinimaki/11616/,Tom Niinimaki,http://www.sherdog.com/fighter/Tom-Niinimaki-5639
/fighter-profile/Akira%20Corassani/43421/,Akira Corassani,http://www.sherdog.com/fighter/Akira-Corassani-22641
/fighter-profile/Diego%20Brandao/5287/,Diego Brandao,http://www.sherdog.com/fighter/Diego-Brandao-25097
/fighter-profile/Erik%20Koch/3612/,Erik Koch,http://www.sherdog.com/fighter/Erik-Koch-23390
/fighter-profile/Jonathan%20Brookins/35190/,Jonathan Brookins,http://www.sherdog.com/fighter/Jonathan-Brookins-17316
/fighter-profile/Pablo%20Garza/27543/,Pablo Garza,http://www.sherdog.com/fighter/Pablo-Garza-35448
/fighter-profile/Jason%20Young/35622/,Jason Young,http://www.sherdog.com/fighter/Jason-Young-17758
/fighter-profile/Josh%20Grispi/38218/,Josh Grispi,http://www.sherdog.com/fighter/Josh-Grispi-20416
/fighter-profile/Ottman%20Azaitar/134953/,Ottman Azaitar,http://www.sherdog.com/fighter/Ottman-Azaitar-173073
/fighter-profile/Genaro%20Valdez/160989/,Genaro Valdez,http://www.sherdog.com/fighter/Genaro-Valdez-227047
/fighter-profile/Melquizael%20Costa/132627/,Melquizael Costa,http://www.sherdog.com/fighter/Melquizael-Costa-168403
/fighter-profile/Nazim%20Sadykhov/178943/,Nazim Sadykhov,http://www.sherdog.com/fighter/Nazim-Sadykhov-264031
/fighter-profile/Shane%20Young/86692/,Shane Young,http://www.sherdog.com/fighter/Shane-Young-84215
/fighter-profile/Tom%20Nolan/171325/,Tom Nolan,http://www.sherdog.com/fighter/Tom-Nolan-244655
/fighter-profile/Don%20Madge/88736/,Don Madge,http://www.sherdog.com/fighter/Don-Madge-86651
/fighter-profile/Nik%20Lentz/26960/,Nik Lentz,http://www.sherdog.com/fighter/Nik-Lentz-15058
/fighter-profile/Phillipe%20Nover/13385/,Phillipe Nover,http://www.sherdog.com/fighter/Phillipe-Nover-7415
/fighter-profile/Manny%20Gamburyan/11163/,Manny Gamburyan,http://www.sherdog.com/fighter/Manny-Gamburyan-5185
/fighter-profile/Jesse%20Sanders/33999/,Jesse Sanders,http://www.sherdog.com/fighter/Jesse-Sanders-16098
/fighter-profile/Abubakar%20Vagaev/134125/,Abubakar Vagaev,http://www.sherdog.com/fighter/Abubakar-Vagaev-171149
/fighter-profile/Joaquim%20Silva/122324/,Joaquim Silva,http://www.sherdog.com/fighter/Joaquim-Silva-146291
/fighter-profile/Steve%20Kennedy/17241/,Steve Kennedy,http://www.sherdog.com/fighter/Steve-Kennedy-31092
/fighter-profile/Josh%20Thomson/2374/,Josh Thomson,http://www.sherdog.com/fighter/Josh-Thomson-2394
/fighter-profile/Chuck%20ONeil/33763/,Chuck ONeil,http://www.sherdog.com/fighter/Chuck-ONeil-15855
/fighter-profile/Ryan%20McGillivray/36392/,Ryan McGillivray,http://www.sherdog.com/fighter/Ryan-McGillivray-18533
/fighter-profile/Chase%20Hooper/172208/,Chase Hooper,http://www.sherdog.com/fighter/Chase-Hooper-249301
/fighter-profile/Jesse%20Butler/156796/,Jesse Butler,http://www.sherdog.com/fighter/Jesse-Butler-217941
/fighter-profile/Nikolas%20Motta/99626/,Nikolas Motta,http://www.sherdog.com/fighter/Nikolas-Motta-103887
/fighter-profile/Erick%20Gonzalez/127940/,Erick Gonzalez,http://www.sherdog.com/fighter/Erick-Gonzalez-158233
/fighter-profile/Steve%20Lopez/15303/,Steve Lopez,http://www.sherdog.com/fighter/Steve-Lopez-29129
/fighter-profile/David%20Baron/2839/,David Baron,http://www.sherdog.com/fighter/David-Baron-2860
/fighter-profile/Jonathan%20Pearce/140094/,Jonathan Pearce,http://www.sherdog.com/fighter/Jonathan-Pearce-183541
/fighter-profile/Chris%20Gruetzemacher/29094/,Chris Gruetzemacher,http://www.sherdog.com/fighter/Chris-Gruetzemacher-36924
/fighter-profile/Curt%20Warburton/20750/,Curt Warburton,http://www.sherdog.com/fighter/Curt-Warburton-34623
/fighter-profile/Gabe%20Ruediger/11519/,Gabe Ruediger,http://www.sherdog.com/fighter/Gabe-Ruediger-5542
/fighter-profile/Jason%20Reinhardt/2327/,Jason Reinhardt,http://www.sherdog.com/fighter/Jason-Reinhardt-2347
/fighter-profile/Brandon%20Melendez/22473/,Brandon Melendez,http://www.sherdog.com/fighter/Brandon-Melendez-10515
/fighter-profile/Cole%20Miller/25049/,Cole Miller,http://www.sherdog.com/fighter/Cole-Miller-13133
/fighter-profile/Ryan%20Couture/51777/,Ryan Couture,http://www.sherdog.com/fighter/Ryan-Couture-51228
/fighter-profile/Andy%20Ogle/46099/,Andy Ogle,http://www.sherdog.com/fighter/Andy-Ogle-42659
/fighter-profile/Dakota%20Cochrane/48684/,Dakota Cochrane,http://www.sherdog.com/fighter/Dakota-Cochrane-48554
/fighter-profile/Daniel%20Pineda/42354/,Daniel Pineda,http://www.sherdog.com/fighter/Daniel-Pineda-21564
/fighter-profile/John%20Cofer/19653/,John Cofer,http://www.sherdog.com/fighter/John-Cofer-33523
/fighter-profile/Cristiano%20Marcello/9519/,Cristiano Marcello,http://www.sherdog.com/fighter/Cristiano-Marcello-3530
/fighter-profile/Andre%20Fili/59405/,Andre Fili,http://www.sherdog.com/fighter/Andre-Fili-58385
/fighter-profile/Lucas%20Martins/95701/,Lucas Martins,http://www.sherdog.com/fighter/Lucas-Martins-100031
/fighter-profile/Jeff%20Smith/56141/,Jeff Smith,http://www.sherdog.com/fighter/Jeff-Smith-55432
/fighter-profile/Paul%20Sass/3750/,Paul Sass,http://www.sherdog.com/fighter/Paul-Sass-23531
/fighter-profile/Shamar%20Bailey/38541/,Shamar Bailey,http://www.sherdog.com/fighter/Shamar-Bailey-20744
/fighter-profile/Thiago%20Tavares/10632/,Thiago Tavares,http://www.sherdog.com/fighter/Thiago-Tavares-4647
/fighter-profile/Martin%20Sano/74246/,Martin Sano,http://www.sherdog.com/fighter/Martin-Sano-72698
/fighter-profile/Cody%20Pfister/48626/,Cody Pfister,http://www.sherdog.com/fighter/Cody-Pfister-48481
/fighter-profile/Javier%20Torres/54400/,Javier Torres,http://www.sherdog.com/fighter/Javier-Torres-53739
/fighter-profile/Jason%20Gilliam/22703/,Jason Gilliam,http://www.sherdog.com/fighter/Jason-Gilliam-10754
/fighter-profile/Ronald%20Jhun/516/,Ronald Jhun,http://www.sherdog.com/fighter/Ronald-Jhun-524
/fighter-profile/Ben%20Earwood/264/,Ben Earwood,http://www.sherdog.com/fighter/Ben-Earwood-266
/fighter-profile/John%20Kolosci/21039/,John Kolosci,http://www.sherdog.com/fighter/John-Kolosci-9062
/fighter-profile/Troy%20Mandaloniz/24028/,Troy Mandaloniz,http://www.sherdog.com/fighter/Troy-Mandaloniz-12096
/fighter-profile/Dorian%20Price/21750/,Dorian Price,http://www.sherdog.com/fighter/Dorian-Price-9786
/fighter-profile/Dave%20Roberts/218/,Dave Roberts,http://www.sherdog.com/fighter/Dave-Roberts-220
/fighter-profile/Yusaku%20Kinoshita/237869/,Yusaku Kinoshita,http://www.sherdog.com/fighter/Yusaku-Kinoshita-382723
/fighter-profile/Mehdi%20Baghdad/40435/,Mehdi Baghdad,http://www.sherdog.com/fighter/Mehdi-Baghdad-41993
/fighter-profile/Mike%20Dolce/35377/,Mike Dolce,http://www.sherdog.com/fighter/Mike-Dolce-17509
/fighter-profile/Marcin%20Wrzosek/87722/,Marcin Wrzosek,http://www.sherdog.com/fighter/Marcin-Wrzosek-85623
/fighter-profile/Leonardo%20dos%20Santos/59617/,Leonardo dos Santos,http://www.sherdog.com/fighter/Leonardo-dos-Santos-58606
/fighter-profile/Ian%20Stephens/66675/,Ian Stephens,http://www.sherdog.com/fighter/Ian-Stephens-65370
/fighter-profile/Jess%20Liaudin/9358/,Jess Liaudin,http://www.sherdog.com/fighter/Jess-Liaudin-3368
/fighter-profile/Devonte%20Smith/91072/,Devonte Smith,http://www.sherdog.com/fighter/Devonte-Smith-89163
/fighter-profile/Manuel%20Rodriguez/46518/,Manuel Rodriguez,http://www.sherdog.com/fighter/Manuel-Rodriguez-46484
/fighter-profile/Genki%20Sudo/1214/,Genki Sudo,http://www.sherdog.com/fighter/Genki-Sudo-1227
/fighter-profile/Alberto%20Crane/10749/,Alberto Crane,http://www.sherdog.com/fighter/Alberto-Crane-4767
/fighter-profile/Nate%20Mohr/14363/,Nate Mohr,http://www.sherdog.com/fighter/Nate-Mohr-8396
/fighter-profile/Junior%20Assuncao/22342/,Junior Assuncao,http://www.sherdog.com/fighter/Junior-Assuncao-10380
/fighter-profile/Justin%20Buchholz/35924/,Justin Buchholz,http://www.sherdog.com/fighter/Justin-Buchholz-18062
/fighter-profile/Joe%20Scarola/12160/,Joe Scarola,http://www.sherdog.com/fighter/Joe-Scarola-6184
/fighter-profile/Corey%20Hill/4080/,Corey Hill,http://www.sherdog.com/fighter/Corey-Hill-23864
/fighter-profile/Mikey%20Burnett/184/,Mikey Burnett,http://www.sherdog.com/fighter/Mikey-Burnett-186
/fighter-profile/Javier%20Vazquez/503/,Javier Vazquez,http://www.sherdog.com/fighter/Javier-Vazquez-511
/fighter-profile/Waylon%20Lowe/36598/,Waylon Lowe,http://www.sherdog.com/fighter/Waylon-Lowe-18744
/fighter-profile/Ronys%20Torres/38248/,Ronys Torres,http://www.sherdog.com/fighter/Ronys-Torres-20447
/fighter-profile/Rick%20Davis/10814/,Rick Davis,http://www.sherdog.com/fighter/Rick-Davis-4832
/fighter-profile/Kevin%20Nowaczyk/6058/,Kevin Nowaczyk,http://www.sherdog.com/fighter/Kevin-Nowaczyk-25875
/fighter-profile/Albert%20Cheng/64737/,Albert Cheng,http://www.sherdog.com/fighter/Albert-Cheng-63422
/fighter-profile/Andre%20Winner/34917/,Andre Winner,http://www.sherdog.com/fighter/Andre-Winner-17034
/fighter-profile/Richie%20Whitson/3085/,Richie Whitson,http://www.sherdog.com/fighter/Richie-Whitson-22853
/fighter-profile/Chris%20Tickle/3187/,Chris Tickle,http://www.sherdog.com/fighter/Chris-Tickle-22955
/fighter-profile/Kajan%20Johnson/11592/,Kajan Johnson,http://www.sherdog.com/fighter/Kajan-Johnson-5615
/fighter-profile/Alessandro%20Ricci/76041/,Alessandro Ricci,http://www.sherdog.com/fighter/Alessandro-Ricci-74266
/fighter-profile/Darrell%20Horcher/48027/,Darrell Horcher,http://www.sherdog.com/fighter/Darrell-Horcher-47899
/fighter-profile/Herbert%20Burns/124408/,Herbert Burns,http://www.sherdog.com/fighter/Herbert-Burns-152211
/fighter-profile/Marcus%20Aurelio/10815/,Marcus Aurelio,http://www.sherdog.com/fighter/Marcus-Aurelio-4833
/fighter-profile/Per%20Eklund/9695/,Per Eklund,http://www.sherdog.com/fighter/Per-Eklund-3707
/fighter-profile/Mike%20de%20la%20Torre/35778/,Mike de la Torre,http://www.sherdog.com/fighter/Mike-de-la-Torre-17915
/fighter-profile/Joe%20Brammer/34899/,Joe Brammer,http://www.sherdog.com/fighter/Joe-Brammer-17016
/fighter-profile/Douglas%20Evans/36046/,Douglas Evans,http://www.sherdog.com/fighter/Douglas-Evans-18184
/fighter-profile/Roger%20Bowling/3279/,Roger Bowling,http://www.sherdog.com/fighter/Roger-Bowling-23052
/fighter-profile/George%20Roop/34311/,George Roop,http://www.sherdog.com/fighter/George-Roop-16415
/fighter-profile/Roman%20Mitichyan/12501/,Roman Mitichyan,http://www.sherdog.com/fighter/Roman-Mitichyan-6525
/fighter-profile/Billy%20Miles/14810/,Billy Miles,http://www.sherdog.com/fighter/Billy-Miles-8845
/fighter-profile/Richie%20Hightower/22308/,Richie Hightower,http://www.sherdog.com/fighter/Richie-Hightower-10346
/fighter-profile/Jared%20Rollins/11758/,Jared Rollins,http://www.sherdog.com/fighter/Jared-Rollins-5781
/fighter-profile/Robbie%20Peralta/42132/,Robbie Peralta,http://www.sherdog.com/fighter/Robbie-Peralta-21339
/fighter-profile/Dennis%20Bermudez/58854/,Dennis Bermudez,http://www.sherdog.com/fighter/Dennis-Bermudez-58065
/fighter-profile/Tatsuya%20Kawajiri/1312/,Tatsuya Kawajiri,http://www.sherdog.com/fighter/Tatsuya-Kawajiri-1326
/fighter-profile/Chad%20Mendes/30500/,Chad Mendes,http://www.sherdog.com/fighter/Chad-Mendes-38393
/fighter-profile/Shannon%20Gugerty/22948/,Shannon Gugerty,http://www.sherdog.com/fighter/Shannon-Gugerty-11001
/fighter-profile/Samy%20Schiavo/10024/,Samy Schiavo,http://www.sherdog.com/fighter/Samy-Schiavo-4038
/fighter-profile/Justin%20James/1910/,Justin James,http://www.sherdog.com/fighter/Justin-James-1926
/fighter-profile/Edward%20Faaloloto/55801/,Edward Faaloloto,http://www.sherdog.com/fighter/Edward-Faaloloto-55070
/fighter-profile/Brian%20Cobb/11716/,Brian Cobb,http://www.sherdog.com/fighter/Brian-Cobb-5739
/fighter-profile/Matt%20Grice/26443/,Matt Grice,http://www.sherdog.com/fighter/Matt-Grice-14539
/fighter-profile/Bart%20Palaszewski/9485/,Bart Palaszewski,http://www.sherdog.com/fighter/Bart-Palaszewski-3496
/fighter-profile/David%20Lee/12917/,David Lee,http://www.sherdog.com/fighter/David-Lee-6945
/fighter-profile/Zabit%20Magomedsharipov/102863/,Zabit Magomedsharipov,http://www.sherdog.com/fighter/Zabit-Magomedsharipov-114261
/fighter-profile/Josh%20Emmett/87983/,Josh Emmett,http://www.sherdog.com/fighter/Josh-Emmett-85885
/fighter-profile/Doo%20Ho%20Choi/57497/,Doo Ho Choi,http://www.sherdog.com/fighter/Doo-Ho-Choi-56689
/fighter-profile/Renan%20Barao/3383/,Renan Barao,http://www.sherdog.com/fighter/Renan-Barao-23156
/fighter-profile/Rony%20Mariano%20Bezerra/30450/,Rony Mariano Bezerra,http://www.sherdog.com/fighter/Rony-Mariano-Bezerra-38190
/fighter-profile/Estevan%20Payan/5145/,Estevan Payan,http://www.sherdog.com/fighter/Estevan-Payan-24952
/fighter-profile/Daniel%20Downes/40065/,Daniel Downes,http://www.sherdog.com/fighter/Daniel-Downes-41666
/fighter-profile/John%20Gunther/88229/,John Gunther,http://www.sherdog.com/fighter/John-Gunther-86098
/fighter-profile/Teemu%20Packalen/92035/,Teemu Packalen,http://www.sherdog.com/fighter/Teemu-Packalen-92415
/fighter-profile/Francisco%20Trevino/30041/,Francisco Trevino,http://www.sherdog.com/fighter/Francisco-Trevino-38029
/fighter-profile/Kevin%20Croom/68703/,Kevin Croom,http://www.sherdog.com/fighter/Kevin-Croom-67191
/fighter-profile/Teruto%20Ishihara/81003/,Teruto Ishihara,http://www.sherdog.com/fighter/Teruto-Ishihara-78898
/fighter-profile/Fernando%20Bruno/5675/,Fernando Bruno,http://www.sherdog.com/fighter/Fernando-Bruno-25491
/fighter-profile/Joe%20Veres/13299/,Joe Veres,http://www.sherdog.com/fighter/Joe-Veres-7329
/fighter-profile/Wayne%20Weems/22718/,Wayne Weems,http://www.sherdog.com/fighter/Wayne-Weems-10769
/fighter-profile/Dean%20Amasinger/38324/,Dean Amasinger,http://www.sherdog.com/fighter/Dean-Amasinger-20524
/fighter-profile/Ray%20Elbe/11888/,Ray Elbe,http://www.sherdog.com/fighter/Ray-Elbe-5911
/fighter-profile/Paul%20Georgieff/23348/,Paul Georgieff,http://www.sherdog.com/fighter/Paul-Georgieff-11408
/fighter-profile/Lewis%20Gonzalez/86439/,Lewis Gonzalez,http://www.sherdog.com/fighter/Lewis-Gonzalez-84278
/fighter-profile/Josh%20Quinlan/192450/,Josh Quinlan,http://www.sherdog.com/fighter/Josh-Quinlan-290925
/fighter-profile/Nueraji%20Taiyilake/236331/,Nueraji Taiyilake,http://www.sherdog.com/fighter/Nueraji-Taiyilake-380968
/fighter-profile/Charlie%20Campbell/190271/,Charlie Campbell,http://www.sherdog.com/fighter/Charlie-Campbell-286213
/fighter-profile/Reza%20Madadi/36769/,Reza Madadi,http://www.sherdog.com/fighter/Reza-Madadi-18921
/fighter-profile/Naoyuki%20Kotani/386/,Naoyuki Kotani,http://www.sherdog.com/fighter/Naoyuki-Kotani-393
/fighter-profile/Julien%20Leblanc/129102/,Julien Leblanc,http://www.sherdog.com/fighter/Julien-Leblanc-161413
/fighter-profile/Charles%20Jourdain/153249/,Charles Jourdain,http://www.sherdog.com/fighter/Charles-Jourdain-210843
/fighter-profile/Mike%20Santiago/67597/,Mike Santiago,http://www.sherdog.com/fighter/Mike-Santiago-66110
/fighter-profile/Felipe%20Silva/113044/,Felipe Silva,http://www.sherdog.com/fighter/Felipe-Silva-128357
/fighter-profile/Alan%20Patrick/17245/,Alan Patrick,http://www.sherdog.com/fighter/Alan-Patrick-31096
/fighter-profile/Anthony%20Christodoulou/54391/,Anthony Christodoulou,http://www.sherdog.com/fighter/Anthony-Christodoulou-53712
/fighter-profile/Marcin%20Bandel/56459/,Marcin Bandel,http://www.sherdog.com/fighter/Marcin-Bandel-55705
/fighter-profile/Michel%20Quinones/77463/,Michel Quinones,http://www.sherdog.com/fighter/Michel-Quinones-75509
/fighter-profile/Ilia%20Topuria/149195/,Ilia Topuria,http://www.sherdog.com/fighter/Ilia-Topuria-202445
/fighter-profile/David%20Teymur/130383/,David Teymur,http://www.sherdog.com/fighter/David-Teymur-163937
/fighter-profile/Eric%20Wisely/5508/,Eric Wisely,http://www.sherdog.com/fighter/Eric-Wisely-25320
/fighter-profile/Lerone%20Murphy/152749/,Lerone Murphy,http://www.sherdog.com/fighter/Lerone-Murphy-209721
/fighter-profile/Sodiq%20Yusuff/124477/,Sodiq Yusuff,http://www.sherdog.com/fighter/Sodiq-Yusuff-152359
/fighter-profile/Bryce%20Mitchell/124212/,Bryce Mitchell,http://www.sherdog.com/fighter/Bryce-Mitchell-151837
/fighter-profile/Giga%20Chikadze/154715/,Giga Chikadze,http://www.sherdog.com/fighter/Giga-Chikadze-213745
/fighter-profile/Shane%20Burgos/77955/,Shane Burgos,http://www.sherdog.com/fighter/Shane-Burgos-76052
/fighter-profile/Makwan%20Amirkhani/70999/,Makwan Amirkhani,http://www.sherdog.com/fighter/Makwan-Amirkhani-69406
/fighter-profile/Mike%20Lullo/29050/,Mike Lullo,http://www.sherdog.com/fighter/Mike-Lullo-36885
/fighter-profile/Dan%20Lauzon/34452/,Dan Lauzon,http://www.sherdog.com/fighter/Dan-Lauzon-16556
/fighter-profile/Junie%20Allen%20Browning/8212/,Junie Allen Browning,http://www.sherdog.com/fighter/Junie-Allen-Browning-28041
/fighter-profile/Shane%20Nelson/23202/,Shane Nelson,http://www.sherdog.com/fighter/Shane-Nelson-11262
/fighter-profile/Ido%20Pariente/1908/,Ido Pariente,http://www.sherdog.com/fighter/Ido-Pariente-1924
/fighter-profile/Roman%20Bogatov/168565/,Roman Bogatov,http://www.sherdog.com/fighter/Roman-Bogatov-241395
/fighter-profile/Tiequan%20Zhang/34869/,Tiequan Zhang,http://www.sherdog.com/fighter/Tiequan-Zhang-16984
/fighter-profile/Richard%20Harris/282528/,Richard Harris,http://www.sherdog.com/fighter/Richard-Harris-429363
/fighter-profile/Mark%20Robinson/278/,Mark Robinson,http://www.sherdog.com/fighter/Mark-Robinson-280
/fighter-profile/Tim%20Lajcik/221/,Tim Lajcik,http://www.sherdog.com/fighter/Tim-Lajcik-223
/fighter-profile/Steve%20Judson/231/,Steve Judson,http://www.sherdog.com/fighter/Steve-Judson-233
/fighter-profile/Dave%20Beneteau/56/,Dave Beneteau,http://www.sherdog.com/fighter/Dave-Beneteau-56
/fighter-profile/Marcus%20Bossett/54/,Marcus Bossett,http://www.sherdog.com/fighter/Marcus-Bossett-54
/fighter-profile/Anthony%20Macias/53/,Anthony Macias,http://www.sherdog.com/fighter/Anthony-Macias-53
/fighter-profile/Bas%20Rutten/212/,Bas Rutten,http://www.sherdog.com/fighter/Bas-Rutten-214
/fighter-profile/Anderson%20Silva/159564/,Anderson Silva,http://www.sherdog.com/fighter/Anderson-Silva-223865
/fighter-profile/Zak%20Jensen/4334/,Zak Jensen,http://www.sherdog.com/fighter/Zak-Jensen-24119
/fighter-profile/Keith%20Rockel/2075/,Keith Rockel,http://www.sherdog.com/fighter/Keith-Rockel-2093
/fighter-profile/Sanae%20Kikuta/250/,Sanae Kikuta,http://www.sherdog.com/fighter/Sanae-Kikuta-252
/fighter-profile/Keiichiro%20Yamamiya/235/,Keiichiro Yamamiya,http://www.sherdog.com/fighter/Keiichiro-Yamamiya-237
/fighter-profile/Royce%20Alger/161/,Royce Alger,http://www.sherdog.com/fighter/Royce-Alger-163
/fighter-profile/Kenichi%20Yamamoto/234/,Kenichi Yamamoto,http://www.sherdog.com/fighter/Kenichi-Yamamoto-236
/fighter-profile/John%20Lober/208/,John Lober,http://www.sherdog.com/fighter/John-Lober-210
/fighter-profile/Igor%20Zinoviev/189/,Igor Zinoviev,http://www.sherdog.com/fighter/Igor-Zinoviev-191
/fighter-profile/Kevin%20Jackson/170/,Kevin Jackson,http://www.sherdog.com/fighter/Kevin-Jackson-172
/fighter-profile/John%20Marsh/9/,John Marsh,http://www.sherdog.com/fighter/John-Marsh-9
/fighter-profile/Joe%20Pardo/197/,Joe Pardo,http://www.sherdog.com/fighter/Joe-Pardo-199
/fighter-profile/Marco%20Ruas/118/,Marco Ruas,http://www.sherdog.com/fighter/Marco-Ruas-120
/fighter-profile/John%20Dowdy/58/,John Dowdy,http://www.sherdog.com/fighter/John-Dowdy-58
/fighter-profile/Jason%20Fairn/48/,Jason Fairn,http://www.sherdog.com/fighter/Jason-Fairn-48
/fighter-profile/Nick%20Sanzo/146/,Nick Sanzo,http://www.sherdog.com/fighter/Nick-Sanzo-148
/fighter-profile/Rainy%20Martinez/150/,Rainy Martinez,http://www.sherdog.com/fighter/Rainy-Martinez-152
/fighter-profile/Fabio%20Gurgel/144/,Fabio Gurgel,http://www.sherdog.com/fighter/Fabio-Gurgel-146
/fighter-profile/Dmitri%20Stepanov/163/,Dmitri Stepanov,http://www.sherdog.com/fighter/Dmitri-Stepanov-165
/fighter-profile/Flavio%20Luiz%20Moura/223/,Flavio Luiz Moura,http://www.sherdog.com/fighter/Flavio-Luiz-Moura-225
/fighter-profile/David%20Hood/1705/,David Hood,http://www.sherdog.com/fighter/David-Hood-1720
/fighter-profile/Zane%20Frazier/18/,Zane Frazier,http://www.sherdog.com/fighter/Zane-Frazier-18
/fighter-profile/Gerard%20Gordeau/15/,Gerard Gordeau,http://www.sherdog.com/fighter/Gerard-Gordeau-15
/fighter-profile/Tai%20Bowden/12922/,Tai Bowden,http://www.sherdog.com/fighter/Tai-Bowden-6950
/fighter-profile/Mark%20Hall/116/,Mark Hall,http://www.sherdog.com/fighter/Mark-Hall-118
/fighter-profile/Amaury%20Bitetti/133/,Amaury Bitetti,http://www.sherdog.com/fighter/Amaury-Bitetti-135
/fighter-profile/Thomas%20Ramirez/123/,Thomas Ramirez,http://www.sherdog.com/fighter/Thomas-Ramirez-125
/fighter-profile/Keith%20Mielke/121/,Keith Mielke,http://www.sherdog.com/fighter/Keith-Mielke-123
/fighter-profile/Melton%20Bowen/51/,Melton Bowen,http://www.sherdog.com/fighter/Melton-Bowen-51
/fighter-profile/Harold%20Howard/41/,Harold Howard,http://www.sherdog.com/fighter/Harold-Howard-41
/fighter-profile/Ernie%20Verdicia/63/,Ernie Verdicia,http://www.sherdog.com/fighter/Ernie-Verdicia-63
/fighter-profile/Joe%20Moreira/124/,Joe Moreira,http://www.sherdog.com/fighter/Joe-Moreira-126
/fighter-profile/Gerry%20Harris/83/,Gerry Harris,http://www.sherdog.com/fighter/Gerry-Harris-83
/fighter-profile/Alex%20Hunter/168/,Alex Hunter,http://www.sherdog.com/fighter/Alex-Hunter-170
/fighter-profile/Sean%20Gannon/23895/,Sean Gannon,http://www.sherdog.com/fighter/Sean-Gannon-11962
/fighter-profile/John%20Clarke/24224/,John Clarke,http://www.sherdog.com/fighter/John-Clarke-12295
/fighter-profile/Dan%20Bobish/172/,Dan Bobish,http://www.sherdog.com/fighter/Dan-Bobish-174
/fighter-profile/Reza%20Nasri/143/,Reza Nasri,http://www.sherdog.com/fighter/Reza-Nasri-145
/fighter-profile/Scott%20Fiedler/136/,Scott Fiedler,http://www.sherdog.com/fighter/Scott-Fiedler-138
/fighter-profile/Mark%20Kerr/71/,Mark Kerr,http://www.sherdog.com/fighter/Mark-Kerr-71
/fighter-profile/Andre%20Roberts/192/,Andre Roberts,http://www.sherdog.com/fighter/Andre-Roberts-194
/fighter-profile/John%20Campetella/138/,John Campetella,http://www.sherdog.com/fighter/John-Campetella-140
/fighter-profile/Mark%20Schultz/131/,Mark Schultz,http://www.sherdog.com/fighter/Mark-Schultz-133
/fighter-profile/Paul%20Herrera/128/,Paul Herrera,http://www.sherdog.com/fighter/Paul-Herrera-130
/fighter-profile/Gable%20Steveson/333236/,Gable Steveson,http://www.sherdog.com/fighter/Gable-Steveson-483540
/fighter-profile/David%20Dodd/81/,David Dodd,http://www.sherdog.com/fighter/David-Dodd-81
/fighter-profile/Islam%20Dulatov/165683/,Islam Dulatov,http://www.sherdog.com/fighter/Islam-Dulatov-236167
/fighter-profile/Alexander%20Volkanovski/96455/,Alexander Volkanovski,http://www.sherdog.com/fighter/Alexander-Volkanovski-101527
/fighter-profile/David%20Onama/177259/,David Onama,http://www.sherdog.com/fighter/David-Onama-254945
/fighter-profile/Humberto%20Bandenay/104264/,Humberto Bandenay,http://www.sherdog.com/fighter/Humberto-Bandenay-110397
/fighter-profile/Sam%20Sicilia/53936/,Sam Sicilia,http://www.sherdog.com/fighter/Sam-Sicilia-53205
/fighter-profile/Clay%20Collard/80576/,Clay Collard,http://www.sherdog.com/fighter/Clay-Collard-78465
/fighter-profile/Humberto%20Brown/45627/,Humberto Brown,http://www.sherdog.com/fighter/Humberto-Brown-45721
/fighter-profile/Diego%20Rivas/83993/,Diego Rivas,http://www.sherdog.com/fighter/Diego-Rivas-81835
/fighter-profile/Diego%20Lopes/102023/,Diego Lopes,http://www.sherdog.com/fighter/Diego-Lopes-112531
/fighter-profile/Seung%20Woo%20Choi/152502/,Seung Woo Choi,http://www.sherdog.com/fighter/Seung-Woo-Choi-205299
/fighter-profile/Nuerdanbieke%20Shayilan/170122/,Nuerdanbieke Shayilan,http://www.sherdog.com/fighter/Nuerdanbieke-Shayilan-245853
/fighter-profile/Charles%20Blanchard/36789/,Charles Blanchard,http://www.sherdog.com/fighter/Charles-Blanchard-18942
/fighter-profile/Neil%20Grove/3444/,Neil Grove,http://www.sherdog.com/fighter/Neil-Grove-23219
/fighter-profile/Antonio%20McKee/507/,Antonio McKee,http://www.sherdog.com/fighter/Antonio-McKee-515
/fighter-profile/Rodrigo%20Ruas/1547/,Rodrigo Ruas,http://www.sherdog.com/fighter/Rodrigo-Ruas-1562
/fighter-profile/Donnie%20Chappell/167/,Donnie Chappell,http://www.sherdog.com/fighter/Donnie-Chappell-169
/fighter-profile/Johnny%20Rees/26794/,Johnny Rees,http://www.sherdog.com/fighter/Johnny-Rees-14891
/fighter-profile/Jeremiah%20Riggs/4673/,Jeremiah Riggs,http://www.sherdog.com/fighter/Jeremiah-Riggs-24469
/fighter-profile/Phillip%20Miller/474/,Phillip Miller,http://www.sherdog.com/fighter/Phillip-Miller-482
/fighter-profile/John%20Halverson/13377/,John Halverson,http://www.sherdog.com/fighter/John-Halverson-7407
/fighter-profile/Mark%20Hominick/10711/,Mark Hominick,http://www.sherdog.com/fighter/Mark-Hominick-4728
/fighter-profile/Spike%20Carlyle/142589/,Spike Carlyle,http://www.sherdog.com/fighter/Spike-Carlyle-188775
/fighter-profile/Eric%20Nolan/219614/,Eric Nolan,http://www.sherdog.com/fighter/Eric-Nolan-346419
/fighter-profile/Renzo%20Gracie/288/,Renzo Gracie,http://www.sherdog.com/fighter/Renzo-Gracie-290
/fighter-profile/Hayato%20Sakurai/425/,Hayato Sakurai,http://www.sherdog.com/fighter/Hayato-Sakurai-432
/fighter-profile/Marcelo%20Aguiar/255/,Marcelo Aguiar,http://www.sherdog.com/fighter/Marcelo-Aguiar-257
/fighter-profile/Ernest%20Chavez/82938/,Ernest Chavez,http://www.sherdog.com/fighter/Ernest-Chavez-80837
/fighter-profile/Isaac%20Vallie-Flagg/14147/,Isaac Vallie-Flagg,http://www.sherdog.com/fighter/Isaac-VallieFlagg-8180
/fighter-profile/Ben%20Johnston/161374/,Ben Johnston,http://www.sherdog.com/fighter/Ben-Johnston-226767
/fighter-profile/Josiah%20Harrell/205295/,Josiah Harrell,http://www.sherdog.com/fighter/Josiah-Harrell-317135
/fighter-profile/Bill%20Algeo/79414/,Bill Algeo,http://www.sherdog.com/fighter/Bill-Algeo-77441
/fighter-profile/Mirsad%20Bektic/60961/,Mirsad Bektic,http://www.sherdog.com/fighter/Mirsad-Bektic-59766
/fighter-profile/Chris%20Saunders/13328/,Chris Saunders,http://www.sherdog.com/fighter/Chris-Saunders-7358
/fighter-profile/Eiji%20Mitsuoka/2215/,Eiji Mitsuoka,http://www.sherdog.com/fighter/Eiji-Mitsuoka-2235
/fighter-profile/Julian%20Erosa/72914/,Julian Erosa,http://www.sherdog.com/fighter/Julian-Erosa-71442
/fighter-profile/T.J.%20Brown/134583/,T.J. Brown,http://www.sherdog.com/fighter/TJ-Brown-172347
/fighter-profile/Darrick%20Minner/91920/,Darrick Minner,http://www.sherdog.com/fighter/Darrick-Minner-92115
/fighter-profile/Luiz%20Eduardo%20Garagorri/148926/,Luiz Eduardo Garagorri,http://www.sherdog.com/fighter/Luiz-Eduardo-Garagorri-202081
/fighter-profile/Nate%20Landwehr/96498/,Nate Landwehr,http://www.sherdog.com/fighter/Nate-Landwehr-101493
/fighter-profile/Godofredo%20Castro/32981/,Godofredo Castro,http://www.sherdog.com/fighter/Godofredo-Castro-40623
/fighter-profile/Chas%20Skelly/47300/,Chas Skelly,http://www.sherdog.com/fighter/Chas-Skelly-47227
/fighter-profile/Robert%20Whiteford/47231/,Robert Whiteford,http://www.sherdog.com/fighter/Robert-Whiteford-47105
/fighter-profile/Antonio%20Carvalho/11323/,Antonio Carvalho,http://www.sherdog.com/fighter/Antonio-Carvalho-5346
/fighter-profile/Steven%20Siler/43318/,Steven Siler,http://www.sherdog.com/fighter/Steven-Siler-22537
/fighter-profile/Michihiro%20Omigawa/24922/,Michihiro Omigawa,http://www.sherdog.com/fighter/Michihiro-Omigawa-13005
/fighter-profile/William%20Gomis/158206/,William Gomis,http://www.sherdog.com/fighter/William-Gomis-217407
/fighter-profile/Jose%20Mariscal/134228/,Jose Mariscal,http://www.sherdog.com/fighter/Jose-Mariscal-171651
/fighter-profile/Joanderson%20Brito/138765/,Joanderson Brito,http://www.sherdog.com/fighter/Joanderson-Brito-181115
/fighter-profile/Lucas%20Almeida/143694/,Lucas Almeida,http://www.sherdog.com/fighter/Lucas-Almeida-191243
/fighter-profile/T.J.%20Laramie/142463/,T.J. Laramie,http://www.sherdog.com/fighter/TJ-Laramie-188479
/fighter-profile/Tucker%20Lutz/108890/,Tucker Lutz,http://www.sherdog.com/fighter/Tucker-Lutz-122559
/fighter-profile/Frankie%20Perez/81864/,Frankie Perez,http://www.sherdog.com/fighter/Frankie-Perez-79784
/fighter-profile/Kyle%20Watson/13097/,Kyle Watson,http://www.sherdog.com/fighter/Kyle-Watson-7127
/fighter-profile/Alex%20Gorgees/159112/,Alex Gorgees,http://www.sherdog.com/fighter/Alex-Gorgees-222785
/fighter-profile/Kazuki%20Tokudome/6375/,Kazuki Tokudome,http://www.sherdog.com/fighter/Kazuki-Tokudome-26192
/fighter-profile/Tiago%20dos%20Santos%20e%20Silva/80588/,Tiago dos Santos e Silva,http://www.sherdog.com/fighter/Tiago-dos-Santos-e-Silva-78479
/fighter-profile/Cody%20McKenzie/42959/,Cody McKenzie,http://www.sherdog.com/fighter/Cody-McKenzie-22173
/fighter-profile/Caros%20Fodor/45408/,Caros Fodor,http://www.sherdog.com/fighter/Caros-Fodor-45430
/fighter-profile/Adrian%20Serrano/252/,Adrian Serrano,http://www.sherdog.com/fighter/Adrian-Serrano-254
/fighter-profile/Brad%20Gumm/238/,Brad Gumm,http://www.sherdog.com/fighter/Brad-Gumm-240
/fighter-profile/John%20Gunderson/12988/,John Gunderson,http://www.sherdog.com/fighter/John-Gunderson-7018
/fighter-profile/Nick%20Agallar/2275/,Nick Agallar,http://www.sherdog.com/fighter/Nick-Agallar-2295
/fighter-profile/Eddie%20Ruiz/9255/,Eddie Ruiz,http://www.sherdog.com/fighter/Eddie-Ruiz-3265
/fighter-profile/Joao%20Marcos%20Pierini/2470/,Joao Marcos Pierini,http://www.sherdog.com/fighter/Joao-Marcos-Pierini-2490
/fighter-profile/Jermaine%20Andre/245/,Jermaine Andre,http://www.sherdog.com/fighter/Jermaine-Andre-247
/fighter-profile/Ivan%20Menjivar/980/,Ivan Menjivar,http://www.sherdog.com/fighter/Ivan-Menjivar-993
/fighter-profile/Jeff%20Curran/760/,Jeff Curran,http://www.sherdog.com/fighter/Jeff-Curran-770
/fighter-profile/Kelly%20Dullanty/351/,Kelly Dullanty,http://www.sherdog.com/fighter/Kelly-Dullanty-354
/fighter-profile/Dean%20Barry/178953/,Dean Barry,http://www.sherdog.com/fighter/Dean-Barry-264071
/fighter-profile/Marcus%20Brimage/42408/,Marcus Brimage,http://www.sherdog.com/fighter/Marcus-Brimage-21618
/fighter-profile/Mike%20Breeden/169275/,Mike Breeden,http://www.sherdog.com/fighter/Mike-Breeden-243687
/fighter-profile/Jesus%20Pinedo/121896/,Jesus Pinedo,http://www.sherdog.com/fighter/Jesus-Pinedo-146941
/fighter-profile/Pat%20Audinwood/5662/,Pat Audinwood,http://www.sherdog.com/fighter/Pat-Audinwood-25476
/fighter-profile/Juan%20Manuel%20Puig/44548/,Juan Manuel Puig,http://www.sherdog.com/fighter/Juan-Manuel-Puig-44638
/fighter-profile/Charles%20Rosa/72603/,Charles Rosa,http://www.sherdog.com/fighter/Charles-Rosa-71116
/fighter-profile/Nam%20Phan/11755/,Nam Phan,http://www.sherdog.com/fighter/Nam-Phan-5778
/fighter-profile/Dale%20Hartt/23903/,Dale Hartt,http://www.sherdog.com/fighter/Dale-Hartt-11970
/fighter-profile/T.J.%20OBrien/42913/,T.J. OBrien,http://www.sherdog.com/fighter/TJ-OBrien-22127
/fighter-profile/Matt%20Veach/3573/,Matt Veach,http://www.sherdog.com/fighter/Matt-Veach-23350
/fighter-profile/Roli%20Delgado/9658/,Roli Delgado,http://www.sherdog.com/fighter/Roli-Delgado-3669
/fighter-profile/Artem%20Lobov/75461/,Artem Lobov,http://www.sherdog.com/fighter/Artem-Lobov-73700
/fighter-profile/Charlie%20Rader/4879/,Charlie Rader,http://www.sherdog.com/fighter/Charlie-Rader-24678
/fighter-profile/Lance%20Gibson%20Jr./156772/,Lance Gibson Jr.,http://www.sherdog.com/fighter/Lance-Gibson-Jr-217915
/fighter-profile/Diego%20Bautista/41165/,Diego Bautista,http://www.sherdog.com/fighter/Diego-Bautista-42610
/fighter-profile/Will%20Chope/73670/,Will Chope,http://www.sherdog.com/fighter/Will-Chope-69087
/fighter-profile/Leonard%20Garcia/2794/,Leonard Garcia,http://www.sherdog.com/fighter/Leonard-Garcia-2815
/fighter-profile/Pat%20Schilling/54752/,Pat Schilling,http://www.sherdog.com/fighter/Pat-Schilling-54054
/fighter-profile/Youssef%20Zalal/162565/,Youssef Zalal,http://www.sherdog.com/fighter/Youssef-Zalal-229985
/fighter-profile/Gavin%20Tucker/80579/,Gavin Tucker,http://www.sherdog.com/fighter/Gavin-Tucker-78469
/fighter-profile/Jacob%20Kilburn/166892/,Jacob Kilburn,http://www.sherdog.com/fighter/Jacob-Kilburn-238233
/fighter-profile/Saul%20Rogers/73359/,Saul Rogers,http://www.sherdog.com/fighter/Saul-Rogers-71863
/fighter-profile/Nad%20Narimani/69146/,Nad Narimani,http://www.sherdog.com/fighter/Nad-Narimani-67643
/fighter-profile/Michael%20Trizano/130247/,Michael Trizano,http://www.sherdog.com/fighter/Michael-Trizano-163551
/fighter-profile/Alex%20Caceres/39955/,Alex Caceres,http://www.sherdog.com/fighter/Alex-Caceres-41586
/fighter-profile/Aaron%20Wilkinson/31541/,Aaron Wilkinson,http://www.sherdog.com/fighter/Aaron-Wilkinson-39265
/fighter-profile/Fernando%20Padilla/161634/,Fernando Padilla,http://www.sherdog.com/fighter/Fernando-Padilla-228071
/fighter-profile/Blake%20Bilder/138307/,Blake Bilder,http://www.sherdog.com/fighter/Blake-Bilder-179949
/fighter-profile/Matt%20Sayles/92652/,Matt Sayles,http://www.sherdog.com/fighter/Matt-Sayles-93675
/fighter-profile/Danny%20Chavez/60987/,Danny Chavez,http://www.sherdog.com/fighter/Danny-Chavez-59478
/fighter-profile/Chris%20Fishgold/51359/,Chris Fishgold,http://www.sherdog.com/fighter/Chris-Fishgold-50861
/fighter-profile/Lev%20Magen/89608/,Lev Magen,http://www.sherdog.com/fighter/Lev-Magen-87577
/fighter-profile/Jerel%20Clark/55917/,Jerel Clark,http://www.sherdog.com/fighter/Jerel-Clark-55248
/fighter-profile/Bob%20Cook/242/,Bob Cook,http://www.sherdog.com/fighter/Bob-Cook-244
/fighter-profile/Jason%20Pierce/26530/,Jason Pierce,http://www.sherdog.com/fighter/Jason-Pierce-14626
/fighter-profile/Chris%20Spang/32546/,Chris Spang,http://www.sherdog.com/fighter/Chris-Spang-40205
/fighter-profile/Brian%20Geraghty/11246/,Brian Geraghty,http://www.sherdog.com/fighter/Brian-Geraghty-5269
/fighter-profile/Marlon%20Sims/26117/,Marlon Sims,http://www.sherdog.com/fighter/Marlon-Sims-14211
/fighter-profile/James%20Giboo/26171/,James Giboo,http://www.sherdog.com/fighter/James-Giboo-14266
/fighter-profile/Logan%20Clark/37306/,Logan Clark,http://www.sherdog.com/fighter/Logan-Clark-19478
/fighter-profile/Harry%20Hardwick/130957/,Harry Hardwick,http://www.sherdog.com/fighter/Harry-Hardwick-165375
/fighter-profile/Mohammad%20Yahya/98177/,Mohammad Yahya,http://www.sherdog.com/fighter/Mohammad-Yahya-104821
/fighter-profile/Khama%20Worthy/85408/,Khama Worthy,http://www.sherdog.com/fighter/Khama-Worthy-82557
/fighter-profile/Ricardo%20Ramos/108225/,Ricardo Ramos,http://www.sherdog.com/fighter/Ricardo-Ramos-121143
/fighter-profile/Danny%20Silva/202226/,Danny Silva,http://www.sherdog.com/fighter/Danny-Silva-310429
/fighter-profile/Melsik%20Baghdasaryan/132893/,Melsik Baghdasaryan,http://www.sherdog.com/fighter/Melsik-Baghdasaryan-164681
/fighter-profile/Jerrod%20Sanders/48343/,Jerrod Sanders,http://www.sherdog.com/fighter/Jerrod-Sanders-48156
/fighter-profile/Wilmer%20Fernandez/138245/,Wilmer Fernandez,http://www.sherdog.com/fighter/Wilmer-Fernandez-179375
/fighter-profile/Tommy%20Hayden/17100/,Tommy Hayden,http://www.sherdog.com/fighter/Tommy-Hayden-30943
/fighter-profile/Mark%20Scanlon/36115/,Mark Scanlon,http://www.sherdog.com/fighter/Mark-Scanlon-18253
/fighter-profile/Yusuke%20Kasuya/67388/,Yusuke Kasuya,http://www.sherdog.com/fighter/Yusuke-Kasuya-63414
/fighter-profile/Cesar%20Arzamendia/89081/,Cesar Arzamendia,http://www.sherdog.com/fighter/Cesar-Arzamendia-87012
/fighter-profile/Edimilson%20Souza/58140/,Edimilson Souza,http://www.sherdog.com/fighter/Edimilson-Souza-57343
/fighter-profile/David%20Faulkner/22863/,David Faulkner,http://www.sherdog.com/fighter/David-Faulkner-10915
/fighter-profile/Kiel%20Reid/20368/,Kiel Reid,http://www.sherdog.com/fighter/Kiel-Reid-34241
/fighter-profile/Kevin%20Knabjian/13700/,Kevin Knabjian,http://www.sherdog.com/fighter/Kevin-Knabjian-7730
/fighter-profile/Frantz%20Slioa/86288/,Frantz Slioa,http://www.sherdog.com/fighter/Frantz-Slioa-84086
/fighter-profile/Patricio%20Freire/21923/,Patricio Freire,http://www.sherdog.com/fighter/Patricio-Freire-9960
/fighter-profile/Leonardo%20Morales/101662/,Leonardo Morales,http://www.sherdog.com/fighter/Leonardo-Morales-111777
/fighter-profile/Chris%20Gutierrez/60931/,Chris Gutierrez,http://www.sherdog.com/fighter/Chris-Gutierrez-59736
/fighter-profile/Marlon%20Vera/94287/,Marlon Vera,http://www.sherdog.com/fighter/Marlon-Vera-97179
/fighter-profile/Cory%20Sandhagen/102246/,Cory Sandhagen,http://www.sherdog.com/fighter/Cory-Sandhagen-112869
/fighter-profile/Pedro%20Munhoz/53080/,Pedro Munhoz,http://www.sherdog.com/fighter/Pedro-Munhoz-52407
/fighter-profile/Urijah%20Faber/14812/,Urijah Faber,http://www.sherdog.com/fighter/Urijah-Faber-8847
/fighter-profile/John%20Lewis/228/,John Lewis,http://www.sherdog.com/fighter/John-Lewis-230
/fighter-profile/Joao%20Roque/254/,Joao Roque,http://www.sherdog.com/fighter/Joao-Roque-256
/fighter-profile/David%20Velasquez/241/,David Velasquez,http://www.sherdog.com/fighter/David-Velasquez-243
/fighter-profile/Alfonso%20Alcarez/227/,Alfonso Alcarez,http://www.sherdog.com/fighter/Alfonso-Alcarez-229
/fighter-profile/Yoislandy%20Izquierdo/66038/,Yoislandy Izquierdo,http://www.sherdog.com/fighter/Yoislandy-Izquierdo-64716
/fighter-profile/Cameron%20Dollar/5715/,Cameron Dollar,http://www.sherdog.com/fighter/Cameron-Dollar-25531
/fighter-profile/Jeff%20Lawson/34501/,Jeff Lawson,http://www.sherdog.com/fighter/Jeff-Lawson-16606
/fighter-profile/Robert%20Browning/31145/,Robert Browning,http://www.sherdog.com/fighter/Robert-Browning-38777
/fighter-profile/Joe%20Jordan/10567/,Joe Jordan,http://www.sherdog.com/fighter/Joe-Jordan-4582
/fighter-profile/Rich%20Crunkilton/1527/,Rich Crunkilton,http://www.sherdog.com/fighter/Rich-Crunkilton-1542
/fighter-profile/Nick%20Serra/9215/,Nick Serra,http://www.sherdog.com/fighter/Nick-Serra-3225
/fighter-profile/Frank%20Caracci/209/,Frank Caracci,http://www.sherdog.com/fighter/Frank-Caracci-211
/fighter-profile/Josh%20Stuart/183/,Josh Stuart,http://www.sherdog.com/fighter/Josh-Stuart-185
/fighter-profile/Romie%20Aram/85/,Romie Aram,http://www.sherdog.com/fighter/Romie-Aram-85
/fighter-profile/Andre%20Pederneiras/225/,Andre Pederneiras,http://www.sherdog.com/fighter/Andre-Pederneiras-227
/fighter-profile/Jorge%20Patino/1002/,Jorge Patino,http://www.sherdog.com/fighter/Jorge-Patino-1015
/fighter-profile/Townsend%20Saunders/187/,Townsend Saunders,http://www.sherdog.com/fighter/Townsend-Saunders-189
/fighter-profile/Chris%20Brennan/64/,Chris Brennan,http://www.sherdog.com/fighter/Chris-Brennan-64
/fighter-profile/Ron%20van%20Clief/49/,Ron van Clief,http://www.sherdog.com/fighter/Ron-van-Clief-49
/fighter-profile/Keith%20Hackney/38/,Keith Hackney,http://www.sherdog.com/fighter/Keith-Hackney-38
/fighter-profile/Remco%20Pardoel/33/,Remco Pardoel,http://www.sherdog.com/fighter/Remco-Pardoel-33
/fighter-profile/Jason%20DeLucia/22/,Jason DeLucia,http://www.sherdog.com/fighter/Jason-DeLucia-22
/fighter-profile/Minoki%20Ichihara/35/,Minoki Ichihara,http://www.sherdog.com/fighter/Minoki-Ichihara-35
/fighter-profile/Art%20Jimmerson/20/,Art Jimmerson,http://www.sherdog.com/fighter/Art-Jimmerson-20
/fighter-profile/Rudyard%20Moncayo/112/,Rudyard Moncayo,http://www.sherdog.com/fighter/Rudyard-Moncayo-114
/fighter-profile/Scott%20Morris/24/,Scott Morris,http://www.sherdog.com/fighter/Scott-Morris-24
/fighter-profile/Ray%20Wizard/26/,Ray Wizard,http://www.sherdog.com/fighter/Ray-Wizard-26
/fighter-profile/Johnny%20Rhodes/27/,Johnny Rhodes,http://www.sherdog.com/fighter/Johnny-Rhodes-27
/fighter-profile/Aiemann%20Zahabi/108146/,Aiemann Zahabi,http://www.sherdog.com/fighter/Aiemann-Zahabi-121009
/fighter-profile/Mario%20Bautista/112418/,Mario Bautista,http://www.sherdog.com/fighter/Mario-Bautista-128107
/fighter-profile/Jonathan%20Martinez/110971/,Jonathan Martinez,http://www.sherdog.com/fighter/Jonathan-Martinez-124959
/fighter-profile/Merab%20Dvalishvili/126964/,Merab Dvalishvili,http://www.sherdog.com/fighter/Merab-Dvalishvili-157355
/fighter-profile/Rob%20Font/79160/,Rob Font,http://www.sherdog.com/fighter/Rob-Font-76100
/fighter-profile/Petr%20Yan/141553/,Petr Yan,http://www.sherdog.com/fighter/Petr-Yan-186873
/fighter-profile/Mike%20Thomas%20Brown/9061/,Mike Thomas Brown,http://www.sherdog.com/fighter/Mike-Thomas-Brown-3069
/fighter-profile/Phil%20Johns/280/,Phil Johns,http://www.sherdog.com/fighter/Phil-Johns-282
/fighter-profile/Shaqueme%20Rock/183820/,Shaqueme Rock,http://www.sherdog.com/fighter/Shaqueme-Rock-273205
/fighter-profile/Bolaji%20Oki/185358/,Bolaji Oki,http://www.sherdog.com/fighter/Bolaji-Oki-276669
/fighter-profile/Marcos%20Mariano/139849/,Marcos Mariano,http://www.sherdog.com/fighter/Marcos-Mariano-182785
/fighter-profile/Martin%20Bravo/95532/,Martin Bravo,http://www.sherdog.com/fighter/Martin-Bravo-99699
/fighter-profile/Movsar%20Evloev/140079/,Movsar Evloev,http://www.sherdog.com/fighter/Movsar-Evloev-183539
/fighter-profile/Yaotzin%20Meza/33845/,Yaotzin Meza,http://www.sherdog.com/fighter/Yaotzin-Meza-15937
/fighter-profile/Alan%20Omer/3659/,Alan Omer,http://www.sherdog.com/fighter/Alan-Omer-23437
/fighter-profile/Landon%20Quinones/186366/,Landon Quinones,http://www.sherdog.com/fighter/Landon-Quinones-277891
/fighter-profile/Alex%20Munoz/151550/,Alex Munoz,http://www.sherdog.com/fighter/Alex-Munoz-207057
/fighter-profile/Jim%20Alers/28772/,Jim Alers,http://www.sherdog.com/fighter/Jim-Alers-36581
/fighter-profile/Levan%20Makashvili/111781/,Levan Makashvili,http://www.sherdog.com/fighter/Levan-Makashvili-126881
/fighter-profile/Jumabieke%20Tuerxun/85705/,Jumabieke Tuerxun,http://www.sherdog.com/fighter/Jumabieke-Tuerxun-83505
/fighter-profile/Luke%20Sanders/76786/,Luke Sanders,http://www.sherdog.com/fighter/Luke-Sanders-74975
/fighter-profile/Felipe%20Arantes/17519/,Felipe Arantes,http://www.sherdog.com/fighter/Felipe-Arantes-31372
/fighter-profile/Alejandro%20Perez/25341/,Alejandro Perez,http://www.sherdog.com/fighter/Alejandro-Perez-13428
/fighter-profile/Anthony%20Birchak/55569/,Anthony Birchak,http://www.sherdog.com/fighter/Anthony-Birchak-53300
/fighter-profile/Anistavio%20Medeiros%20de%20Figueiredo/42750/,Anistavio Medeiros de Figueiredo,http://www.sherdog.com/fighter/Anistavio-Medeiros-de-Figueiredo-21962
/fighter-profile/Kevin%20Aguilar/58629/,Kevin Aguilar,http://www.sherdog.com/fighter/Kevin-Aguilar-57838
/fighter-profile/Rani%20Yahya/22386/,Rani Yahya,http://www.sherdog.com/fighter/Rani-Yahya-10425
/fighter-profile/Jordan%20Vucenic/166017/,Jordan Vucenic,http://www.sherdog.com/fighter/Jordan-Vucenic-236825
/fighter-profile/Abdul-Kareem%20Al-Selwady/103420/,Abdul-Kareem Al-Selwady,http://www.sherdog.com/fighter/AbdulKareem-AlSelwady-115453
/fighter-profile/Kamuela%20Kirk/129731/,Kamuela Kirk,http://www.sherdog.com/fighter/Kamuela-Kirk-162187
/fighter-profile/Hakeem%20Dawodu/127905/,Hakeem Dawodu,http://www.sherdog.com/fighter/Hakeem-Dawodu-158725
/fighter-profile/Douglas%20Silva%20de%20Andrade/89825/,Douglas Silva de Andrade,http://www.sherdog.com/fighter/Douglas-Silva-de-Andrade-87981
/fighter-profile/Victor%20Martinez/88997/,Victor Martinez,http://www.sherdog.com/fighter/Victor-Martinez-86938
/fighter-profile/Kody%20Steele/247995/,Kody Steele,http://www.sherdog.com/fighter/Kody-Steele-392962
/fighter-profile/Shin%20Haraguchi/247863/,Shin Haraguchi,http://www.sherdog.com/fighter/Shin-Haraguchi-393466
/fighter-profile/Sang%20Wook%20Kim/224789/,Sang Wook Kim,http://www.sherdog.com/fighter/Sang-Wook-Kim-361209
/fighter-profile/Seong%20Chan%20Hong/102916/,Seong Chan Hong,http://www.sherdog.com/fighter/Seong-Chan-Hong-114337
/fighter-profile/Mandel%20Nallo/108151/,Mandel Nallo,http://www.sherdog.com/fighter/Mandel-Nallo-121011
/fighter-profile/Ali%20Maclean/5541/,Ali Maclean,http://www.sherdog.com/fighter/Ali-Maclean-25354
/fighter-profile/Brendon%20Marotte/158973/,Brendon Marotte,http://www.sherdog.com/fighter/Brendon-Marotte-221671
/fighter-profile/Jason%20Novelli/35998/,Jason Novelli,http://www.sherdog.com/fighter/Jason-Novelli-18136
/fighter-profile/Horacio%20Gutierrez/134801/,Horacio Gutierrez,http://www.sherdog.com/fighter/Horacio-Gutierrez-172941
/fighter-profile/Cristian%20Soto%20Sevilla/93508/,Cristian Soto Sevilla,http://www.sherdog.com/fighter/Cristian-Soto-Sevilla-95625
/fighter-profile/Abner%20Lloveras/23664/,Abner Lloveras,http://www.sherdog.com/fighter/Abner-Lloveras-11729
/fighter-profile/Michael%20McBride/107816/,Michael McBride,http://www.sherdog.com/fighter/Michael-McBride-109357
/fighter-profile/Mark%20Choinski/233329/,Mark Choinski,http://www.sherdog.com/fighter/Mark-Choinski-375943
/fighter-profile/Raoni%20Barcelos/93063/,Raoni Barcelos,http://www.sherdog.com/fighter/Raoni-Barcelos-94587
/fighter-profile/Carl%20Deaton/58192/,Carl Deaton,http://www.sherdog.com/fighter/Carl-Deaton-57423
/fighter-profile/Mike%20Grundy/86461/,Mike Grundy,http://www.sherdog.com/fighter/Mike-Grundy-84263
/fighter-profile/Dan%20Argueta/178705/,Dan Argueta,http://www.sherdog.com/fighter/Dan-Argueta-263385
/fighter-profile/Brandon%20Sene/6994/,Brandon Sene,http://www.sherdog.com/fighter/Brandon-Sene-26812
/fighter-profile/John%20Wood/21571/,John Wood,http://www.sherdog.com/fighter/John-Wood-9596
/fighter-profile/Kevin%20Medinilla/108473/,Kevin Medinilla,http://www.sherdog.com/fighter/Kevin-Medinilla-121717
/fighter-profile/Anshul%20Jubli/226457/,Anshul Jubli,http://www.sherdog.com/fighter/Anshul-Jubli-365299
/fighter-profile/Kron%20Gracie/139061/,Kron Gracie,http://www.sherdog.com/fighter/Kron-Gracie-116971
/fighter-profile/Aljamain%20Sterling/67768/,Aljamain Sterling,http://www.sherdog.com/fighter/Aljamain-Sterling-66313
/fighter-profile/Niklas%20Backstrom/55379/,Niklas Backstrom,http://www.sherdog.com/fighter/Niklas-Backstrom-54620
/fighter-profile/Dustin%20Neace/25508/,Dustin Neace,http://www.sherdog.com/fighter/Dustin-Neace-13599
/fighter-profile/Brian%20Pearman/45095/,Brian Pearman,http://www.sherdog.com/fighter/Brian-Pearman-45228
/fighter-profile/Jim%20Hettes/48227/,Jim Hettes,http://www.sherdog.com/fighter/Jim-Hettes-48046
/fighter-profile/Joey%20Gambino/56214/,Joey Gambino,http://www.sherdog.com/fighter/Joey-Gambino-55503
/fighter-profile/Bryan%20Caraway/25698/,Bryan Caraway,http://www.sherdog.com/fighter/Bryan-Caraway-13791
/fighter-profile/Jesse%20Newell/3021/,Jesse Newell,http://www.sherdog.com/fighter/Jesse-Newell-22789
/fighter-profile/Raphael%20Assuncao/21549/,Raphael Assuncao,http://www.sherdog.com/fighter/Raphael-Assuncao-9574
/fighter-profile/Sako%20Chivitchyan/12503/,Sako Chivitchyan,http://www.sherdog.com/fighter/Sako-Chivitchyan-6527
/fighter-profile/Sevak%20Magakian/35520/,Sevak Magakian,http://www.sherdog.com/fighter/Sevak-Magakian-17653
/fighter-profile/Ran%20Weathers/26211/,Ran Weathers,http://www.sherdog.com/fighter/Ran-Weathers-14306
/fighter-profile/Yves%20Jabouin/1678/,Yves Jabouin,http://www.sherdog.com/fighter/Yves-Jabouin-1693
/fighter-profile/Fredson%20Paixao/22393/,Fredson Paixao,http://www.sherdog.com/fighter/Fredson-Paixao-10432
/fighter-profile/Steven%20Peterson/61652/,Steven Peterson,http://www.sherdog.com/fighter/Steven-Peterson-60433
/fighter-profile/Richie%20Smullen/116569/,Richie Smullen,http://www.sherdog.com/fighter/Richie-Smullen-136361
/fighter-profile/Jose%20Martinez%20Jr./138416/,Jose Martinez Jr.,http://www.sherdog.com/fighter/Jose-Martinez-Jr-180307
/fighter-profile/Christian%20Rodriguez/198556/,Christian Rodriguez,http://www.sherdog.com/fighter/Christian-Rodriguez-303043
/fighter-profile/Austin%20Lingo/165761/,Austin Lingo,http://www.sherdog.com/fighter/Austin-Lingo-236341
/fighter-profile/Hyder%20Amil/182057/,Hyder Amil,http://www.sherdog.com/fighter/Hyder-Amil-269917
/fighter-profile/Khusein%20Askhabov/116667/,Khusein Askhabov,http://www.sherdog.com/fighter/Khusein-Askhabov-136435
/fighter-profile/Vince%20Cachero/126820/,Vince Cachero,http://www.sherdog.com/fighter/Vince-Cachero-156943
/fighter-profile/Manolo%20Zecchini/132493/,Manolo Zecchini,http://www.sherdog.com/fighter/Manolo-Zecchini-168091
/fighter-profile/Austin%20Arnett/57793/,Austin Arnett,http://www.sherdog.com/fighter/Austin-Arnett-57016
/fighter-profile/Rolando%20Dy/89460/,Rolando Dy,http://www.sherdog.com/fighter/Rolando-Dy-87380
/fighter-profile/Te%20Edwards/126541/,Te Edwards,http://www.sherdog.com/fighter/Te-Edwards-156303
/fighter-profile/Yui%20Chul%20Nam/33893/,Yui Chul Nam,http://www.sherdog.com/fighter/Yui-Chul-Nam-15987
/fighter-profile/David%20Kaplan/25755/,David Kaplan,http://www.sherdog.com/fighter/David-Kaplan-13848
/fighter-profile/Joe%20Duarte/36471/,Joe Duarte,http://www.sherdog.com/fighter/Joe-Duarte-18615
/fighter-profile/Johnny%20Eduardo/419/,Johnny Eduardo,http://www.sherdog.com/fighter/Johnny-Eduardo-426
/fighter-profile/John%20Dodson/23595/,John Dodson,http://www.sherdog.com/fighter/John-Dodson-11660
/fighter-profile/Scott%20Jorgensen/34742/,Scott Jorgensen,http://www.sherdog.com/fighter/Scott-Jorgensen-16852
/fighter-profile/Cody%20Gibson/31200/,Cody Gibson,http://www.sherdog.com/fighter/Cody-Gibson-38903
/fighter-profile/Noah%20Thomas/23813/,Noah Thomas,http://www.sherdog.com/fighter/Noah-Thomas-11880
/fighter-profile/Nazareno%20Malegarie/19247/,Nazareno Malegarie,http://www.sherdog.com/fighter/Nazareno-Malegarie-33115
/fighter-profile/Erick%20da%20Silva/50466/,Erick da Silva,http://www.sherdog.com/fighter/Erick-da-Silva-50122
/fighter-profile/Carlos%20Alexandre/31057/,Carlos Alexandre,http://www.sherdog.com/fighter/Carlos-Alexandre-38726
/fighter-profile/Gerald%20Strebendt/2307/,Gerald Strebendt,http://www.sherdog.com/fighter/Gerald-Strebendt-2327
/fighter-profile/Zach%20Davis/7112/,Zach Davis,http://www.sherdog.com/fighter/Zach-Davis-26933
/fighter-profile/Len%20Bentley/17223/,Len Bentley,http://www.sherdog.com/fighter/Len-Bentley-31074
/fighter-profile/Felipe%20Colares/120802/,Felipe Colares,http://www.sherdog.com/fighter/Felipe-Colares-144701
/fighter-profile/Peter%20Barrett/81152/,Peter Barrett,http://www.sherdog.com/fighter/Peter-Barrett-79095
/fighter-profile/Daniel%20Teymur/130382/,Daniel Teymur,http://www.sherdog.com/fighter/Daniel-Teymur-163939
/fighter-profile/Brad%20Katona/67979/,Brad Katona,http://www.sherdog.com/fighter/Brad-Katona-66518
/fighter-profile/Alexandre%20Cidade/97963/,Alexandre Cidade,http://www.sherdog.com/fighter/Alexandre-Cidade-104455
/fighter-profile/Kai%20Kamaka%20III/104454/,Kai Kamaka III,http://www.sherdog.com/fighter/Kai-Kamaka-III-117585
/fighter-profile/Maciej%20Jewtuszko/7613/,Maciej Jewtuszko,http://www.sherdog.com/fighter/Maciej-Jewtuszko-27440
/fighter-profile/Edwin%20Figueroa/43273/,Edwin Figueroa,http://www.sherdog.com/fighter/Edwin-Figueroa-22490
/fighter-profile/Andy%20Wang/1317/,Andy Wang,http://www.sherdog.com/fighter/Andy-Wang-1331
/fighter-profile/Allen%20Berube/34355/,Allen Berube,http://www.sherdog.com/fighter/Allen-Berube-16459
/fighter-profile/Brendan%20Weafer/24751/,Brendan Weafer,http://www.sherdog.com/fighter/Brendan-Weafer-12826
/fighter-profile/Raush%20Manfio/100335/,Raush Manfio,http://www.sherdog.com/fighter/Raush-Manfio-109031
/fighter-profile/Mackens%20Semerzier/30947/,Mackens Semerzier,http://www.sherdog.com/fighter/Mackens-Semerzier-38841
/fighter-profile/Mark%20Glover/18083/,Mark Glover,http://www.sherdog.com/fighter/Mark-Glover-31940
/fighter-profile/Jared%20Carlsten/29570/,Jared Carlsten,http://www.sherdog.com/fighter/Jared-Carlsten-37418
/fighter-profile/Vinicius%20Oliveira/118130/,Vinicius Oliveira,http://www.sherdog.com/fighter/Vinicius-Oliveira-139517
/fighter-profile/Sheymon%20Moraes/92720/,Sheymon Moraes,http://www.sherdog.com/fighter/Sheymon-Moraes-93951
/fighter-profile/Ramiro%20Hernandez/7113/,Ramiro Hernandez,http://www.sherdog.com/fighter/Ramiro-Hernandez-26934
/fighter-profile/Mark%20Holst/26765/,Mark Holst,http://www.sherdog.com/fighter/Mark-Holst-14862
/fighter-profile/Nordin%20Asrih/21786/,Nordin Asrih,http://www.sherdog.com/fighter/Nordin-Asrih-9822
/fighter-profile/Jason%20Black/1029/,Jason Black,http://www.sherdog.com/fighter/Jason-Black-1042
/fighter-profile/Marcelo%20Mello/217/,Marcelo Mello,http://www.sherdog.com/fighter/Marcelo-Mello-219
/fighter-profile/Prince%20McLean/26978/,Prince McLean,http://www.sherdog.com/fighter/Prince-McLean-15077
/fighter-profile/Leigh%20Remedios/9063/,Leigh Remedios,http://www.sherdog.com/fighter/Leigh-Remedios-3071
/fighter-profile/Luke%20Caudillo/13376/,Luke Caudillo,http://www.sherdog.com/fighter/Luke-Caudillo-7406
/fighter-profile/Eddie%20Yagin/2804/,Eddie Yagin,http://www.sherdog.com/fighter/Eddie-Yagin-2825
/fighter-profile/Eugenio%20Tadeu/185/,Eugenio Tadeu,http://www.sherdog.com/fighter/Eugenio-Tadeu-187
/fighter-profile/Willamy%20Freire/24479/,Willamy Freire,http://www.sherdog.com/fighter/Willamy-Freire-12553
/fighter-profile/Santino%20Defranco/1122/,Santino Defranco,http://www.sherdog.com/fighter/Santino-Defranco-1135
/fighter-profile/Paul%20Bird/34227/,Paul Bird,http://www.sherdog.com/fighter/Paul-Bird-16330
/fighter-profile/Austin%20Lyons/57907/,Austin Lyons,http://www.sherdog.com/fighter/Austin-Lyons-57168
/fighter-profile/Jeremy%20Kennedy/98065/,Jeremy Kennedy,http://www.sherdog.com/fighter/Jeremy-Kennedy-104645
/fighter-profile/Julio%20Arce/72780/,Julio Arce,http://www.sherdog.com/fighter/Julio-Arce-71299
/fighter-profile/Ryan%20Roberts/37584/,Ryan Roberts,http://www.sherdog.com/fighter/Ryan-Roberts-19761
/fighter-profile/Takeya%20Mizugaki/24006/,Takeya Mizugaki,http://www.sherdog.com/fighter/Takeya-Mizugaki-12074
/fighter-profile/Dustin%20Kimura/39934/,Dustin Kimura,http://www.sherdog.com/fighter/Dustin-Kimura-41247
/fighter-profile/Francisco%20Rivera/23841/,Francisco Rivera,http://www.sherdog.com/fighter/Francisco-Rivera-11908
/fighter-profile/Brian%20Bowles/36791/,Brian Bowles,http://www.sherdog.com/fighter/Brian-Bowles-18944
/fighter-profile/Reuben%20Duran/6784/,Reuben Duran,http://www.sherdog.com/fighter/Reuben-Duran-26602
/fighter-profile/John%20Polakowski/21488/,John Polakowski,http://www.sherdog.com/fighter/John-Polakowski-9512
/fighter-profile/Blake%20Bowman/3979/,Blake Bowman,http://www.sherdog.com/fighter/Blake-Bowman-23763
/fighter-profile/Stephen%20Bass/8952/,Stephen Bass,http://www.sherdog.com/fighter/Stephen-Bass-28788
/fighter-profile/Jimmie%20Rivera/39352/,Jimmie Rivera,http://www.sherdog.com/fighter/Jimmie-Rivera-40954
/fighter-profile/Brandon%20Davis/69305/,Brandon Davis,http://www.sherdog.com/fighter/Brandon-Davis-67782
/fighter-profile/Kyle%20Bochniak/88325/,Kyle Bochniak,http://www.sherdog.com/fighter/Kyle-Bochniak-86246
/fighter-profile/Kevin%20Vallejos/244904/,Kevin Vallejos,http://www.sherdog.com/fighter/Kevin-Vallejos-391233
/fighter-profile/Daniel%20Santos/120612/,Daniel Santos,http://www.sherdog.com/fighter/Daniel-Santos-144395
/fighter-profile/Andre%20Ewell/150092/,Andre Ewell,http://www.sherdog.com/fighter/Andre-Ewell-204397
/fighter-profile/Brian%20Kelleher/54372/,Brian Kelleher,http://www.sherdog.com/fighter/Brian-Kelleher-53666
/fighter-profile/T.J.%20Dillashaw/66612/,T.J. Dillashaw,http://www.sherdog.com/fighter/TJ-Dillashaw-62507
/fighter-profile/Mitch%20Gagnon/29877/,Mitch Gagnon,http://www.sherdog.com/fighter/Mitch-Gagnon-37404
/fighter-profile/Eddie%20Wineland/10158/,Eddie Wineland,http://www.sherdog.com/fighter/Eddie-Wineland-4173
/fighter-profile/Michael%20McDonald/16463/,Michael McDonald,http://www.sherdog.com/fighter/Michael-McDonald-30297
/fighter-profile/Brad%20Pickett/23678/,Brad Pickett,http://www.sherdog.com/fighter/Brad-Pickett-11743
/fighter-profile/Cole%20Escovedo/2271/,Cole Escovedo,http://www.sherdog.com/fighter/Cole-Escovedo-2291
/fighter-profile/Mike%20Wilkinson/51104/,Mike Wilkinson,http://www.sherdog.com/fighter/Mike-Wilkinson-50586
/fighter-profile/Allan%20Zuniga/58024/,Allan Zuniga,http://www.sherdog.com/fighter/Allan-Zuniga-57253
/fighter-profile/Joe%20Giannetti/136392/,Joe Giannetti,http://www.sherdog.com/fighter/Joe-Giannetti-176087
/fighter-profile/Heili%20Alateng/123647/,Heili Alateng,http://www.sherdog.com/fighter/Heili-Alateng-150691
/fighter-profile/Kyung%20Ho%20Kang/4282/,Kyung Ho Kang,http://www.sherdog.com/fighter/Kyung-Ho-Kang-24067
/fighter-profile/Jose%20Quinonez/124604/,Jose Quinonez,http://www.sherdog.com/fighter/Jose-Quinonez-152627
/fighter-profile/Adilson%20Fernandes%20Ribeiro%20Jr./75759/,Adilson Fernandes Ribeiro Jr.,http://www.sherdog.com/fighter/Adilson-Fernandes-Ribeiro-Jr-74010
/fighter-profile/Bruno%20Murata/105551/,Bruno Murata,http://www.sherdog.com/fighter/Bruno-Murata-119627
/fighter-profile/Han%20Seul%20Kim/101431/,Han Seul Kim,http://www.sherdog.com/fighter/Han-Seul-Kim-111321
/fighter-profile/Kyler%20Phillips/144424/,Kyler Phillips,http://www.sherdog.com/fighter/Kyler-Phillips-190919
/fighter-profile/Davey%20Grant/16729/,Davey Grant,http://www.sherdog.com/fighter/Davey-Grant-30564
/fighter-profile/Victor%20Henry/52848/,Victor Henry,http://www.sherdog.com/fighter/Victor-Henry-52195
/fighter-profile/Marcelo%20Rojo/92143/,Marcelo Rojo,http://www.sherdog.com/fighter/Marcelo-Rojo-92673
/fighter-profile/Martin%20Svensson/17214/,Martin Svensson,http://www.sherdog.com/fighter/Martin-Svensson-31065
/fighter-profile/Aaron%20Pico/171972/,Aaron Pico,http://www.sherdog.com/fighter/Aaron-Pico-191127
/fighter-profile/Gabriel%20Santos/137956/,Gabriel Santos,http://www.sherdog.com/fighter/Gabriel-Santos-179211
/fighter-profile/Mairon%20Santos/195651/,Mairon Santos,http://www.sherdog.com/fighter/Mairon-Santos-297155
/fighter-profile/Don%20Shainis/61193/,Don Shainis,http://www.sherdog.com/fighter/Don-Shainis-59975
/fighter-profile/Suman%20Mokhtarian/125393/,Suman Mokhtarian,http://www.sherdog.com/fighter/Suman-Mokhtarian-154079
/fighter-profile/Santiago%20Luna/265530/,Santiago Luna,http://www.sherdog.com/fighter/Santiago-Luna-411838
/fighter-profile/Said%20Nurmagomedov/97769/,Said Nurmagomedov,http://www.sherdog.com/fighter/Said-Nurmagomedov-103961
/fighter-profile/Bobby%20Moffett/128472/,Bobby Moffett,http://www.sherdog.com/fighter/Bobby-Moffett-159019
/fighter-profile/Tyler%20Diamond/119902/,Tyler Diamond,http://www.sherdog.com/fighter/Tyler-Diamond-143121
/fighter-profile/Jay%20Cucciniello/62786/,Jay Cucciniello,http://www.sherdog.com/fighter/Jay-Cucciniello-61607
/fighter-profile/Jamey%20Simmons/166384/,Jamey Simmons,http://www.sherdog.com/fighter/Jamey-Simmons-237195
/fighter-profile/Irwin%20Rivera/80494/,Irwin Rivera,http://www.sherdog.com/fighter/Irwin-Rivera-78383
/fighter-profile/Jack%20Shore/102837/,Jack Shore,http://www.sherdog.com/fighter/Jack-Shore-110177
/fighter-profile/Danny%20Henry/61044/,Danny Henry,http://www.sherdog.com/fighter/Danny-Henry-59830
/fighter-profile/Masio%20Fullen/32698/,Masio Fullen,http://www.sherdog.com/fighter/Masio-Fullen-40356
/fighter-profile/Jordan%20Griffin/57310/,Jordan Griffin,http://www.sherdog.com/fighter/Jordan-Griffin-56524
/fighter-profile/Jose%20Aguilar/66306/,Jose Aguilar,http://www.sherdog.com/fighter/Jose-Aguilar-37696
/fighter-profile/Charles%20Diaz/21353/,Charles Diaz,http://www.sherdog.com/fighter/Charles-Diaz-9377
/fighter-profile/Issei%20Tamura/20498/,Issei Tamura,http://www.sherdog.com/fighter/Issei-Tamura-34371
/fighter-profile/Ron%20Waterman/215/,Ron Waterman,http://www.sherdog.com/fighter/Ron-Waterman-217
/fighter-profile/Carlos%20Barreto/178/,Carlos Barreto,http://www.sherdog.com/fighter/Carlos-Barreto-180
/fighter-profile/Todd%20Medina/61/,Todd Medina,http://www.sherdog.com/fighter/Todd-Medina-61
/fighter-profile/Asbel%20Cancio/57/,Asbel Cancio,http://www.sherdog.com/fighter/Asbel-Cancio-57
/fighter-profile/Eldo%20Dias%20Xavier/55/,Eldo Dias Xavier,http://www.sherdog.com/fighter/Eldo-Dias-Xavier-55
/fighter-profile/He-Man%20Ali%20Gipson/107/,He-Man Ali Gipson,http://www.sherdog.com/fighter/HeMan-Ali-Gipson-109
/fighter-profile/Chris%20Liguori/10087/,Chris Liguori,http://www.sherdog.com/fighter/Chris-Liguori-4102
/fighter-profile/Enson%20Inoue/12/,Enson Inoue,http://www.sherdog.com/fighter/Enson-Inoue-12
/fighter-profile/Katsuhisa%20Fujii/232/,Katsuhisa Fujii,http://www.sherdog.com/fighter/Katsuhisa-Fujii-234
/fighter-profile/Todd%20Butler/171/,Todd Butler,http://www.sherdog.com/fighter/Todd-Butler-173
/fighter-profile/Larry%20Cureton/62/,Larry Cureton,http://www.sherdog.com/fighter/Larry-Cureton-62
/fighter-profile/Jackie%20Lee/147/,Jackie Lee,http://www.sherdog.com/fighter/Jackie-Lee-149
/fighter-profile/Teila%20Tuli/16/,Teila Tuli,http://www.sherdog.com/fighter/Teila-Tuli-16
/fighter-profile/Jack%20Nilson/159/,Jack Nilson,http://www.sherdog.com/fighter/Jack-Nilson-161
/fighter-profile/Koji%20Kitao/132/,Koji Kitao,http://www.sherdog.com/fighter/Koji-Kitao-134
/fighter-profile/Trent%20Jenkins/23/,Trent Jenkins,http://www.sherdog.com/fighter/Trent-Jenkins-23
/fighter-profile/Alex%20Andrade/256/,Alex Andrade,http://www.sherdog.com/fighter/Alex-Andrade-258
/fighter-profile/Roland%20Payne/42/,Roland Payne,http://www.sherdog.com/fighter/Roland-Payne-42
/fighter-profile/Yuri%20Vaulin/169/,Yuri Vaulin,http://www.sherdog.com/fighter/Yuri-Vaulin-171
/fighter-profile/Harry%20Moskowitz/174/,Harry Moskowitz,http://www.sherdog.com/fighter/Harry-Moskowitz-176
/fighter-profile/Greg%20Stott/177/,Greg Stott,http://www.sherdog.com/fighter/Greg-Stott-179
/fighter-profile/Dwayne%20Cason/175/,Dwayne Cason,http://www.sherdog.com/fighter/Dwayne-Cason-177
/fighter-profile/Tyrone%20Roberts/258/,Tyrone Roberts,http://www.sherdog.com/fighter/Tyrone-Roberts-260
/fighter-profile/Roberto%20Romero/200526/,Roberto Romero,http://www.sherdog.com/fighter/Roberto-Romero-306595
/fighter-profile/Garrett%20Armfield/178194/,Garrett Armfield,http://www.sherdog.com/fighter/Garrett-Armfield-254941
/fighter-profile/Matt%20Bessette/20501/,Matt Bessette,http://www.sherdog.com/fighter/Matt-Bessette-34374
/fighter-profile/Chris%20Avila/126402/,Chris Avila,http://www.sherdog.com/fighter/Chris-Avila-155641
/fighter-profile/Jonathan%20Ortega/50450/,Jonathan Ortega,http://www.sherdog.com/fighter/Jonathan-Ortega-50103
/fighter-profile/Aaron%20Phillips/56011/,Aaron Phillips,http://www.sherdog.com/fighter/Aaron-Phillips-55298
/fighter-profile/Erin%20Beach/30934/,Erin Beach,http://www.sherdog.com/fighter/Erin-Beach-38961
/fighter-profile/Guido%20Cannetti/71061/,Guido Cannetti,http://www.sherdog.com/fighter/Guido-Cannetti-69513
/fighter-profile/Noad%20Lahat/27778/,Noad Lahat,http://www.sherdog.com/fighter/Noad-Lahat-35732
/fighter-profile/Rodolfo%20Rubio/18041/,Rodolfo Rubio,http://www.sherdog.com/fighter/Rodolfo-Rubio-31897
/fighter-profile/Jarno%20Errens/151690/,Jarno Errens,http://www.sherdog.com/fighter/Jarno-Errens-207605
/fighter-profile/James%20Zikic/1752/,James Zikic,http://www.sherdog.com/fighter/James-Zikic-1767
/fighter-profile/Farman%20Hasanov/264841/,Farman Hasanov,http://www.sherdog.com/fighter/Farman-Hasanov-410721
/fighter-profile/Russell%20Doane/16221/,Russell Doane,http://www.sherdog.com/fighter/Russell-Doane-30054
/fighter-profile/Paul%20Redmond/57384/,Paul Redmond,http://www.sherdog.com/fighter/Paul-Redmond-56615
/fighter-profile/Iuri%20Alcantara/34029/,Iuri Alcantara,http://www.sherdog.com/fighter/Iuri-Alcantara-16129
/fighter-profile/Chase%20Hackett/60965/,Chase Hackett,http://www.sherdog.com/fighter/Chase-Hackett-59771
/fighter-profile/Isaac%20Dulgarian/231957/,Isaac Dulgarian,http://www.sherdog.com/fighter/Isaac-Dulgarian-374778
/fighter-profile/Connor%20Matthews/86840/,Connor Matthews,http://www.sherdog.com/fighter/Connor-Matthews-84660
/fighter-profile/Erik%20Silva/157693/,Erik Silva,http://www.sherdog.com/fighter/Erik-Silva-220027
/fighter-profile/Milton%20Vieira/10466/,Milton Vieira,http://www.sherdog.com/fighter/Milton-Vieira-4481
/fighter-profile/Mark%20Striegl/50550/,Mark Striegl,http://www.sherdog.com/fighter/Mark-Striegl-50217
/fighter-profile/Josh%20Clopton/42891/,Josh Clopton,http://www.sherdog.com/fighter/Josh-Clopton-22105
/fighter-profile/Micah%20Miller/33778/,Micah Miller,http://www.sherdog.com/fighter/Micah-Miller-15870
/fighter-profile/Robert%20Ruchala/190928/,Robert Ruchala,http://www.sherdog.com/fighter/Robert-Ruchala-278203
/fighter-profile/Yanis%20Ghemmouri/138582/,Yanis Ghemmouri,http://www.sherdog.com/fighter/Yanis-Ghemmouri-180745
/fighter-profile/Francis%20Marshall/188241/,Francis Marshall,http://www.sherdog.com/fighter/Francis-Marshall-282887
/fighter-profile/Isaac%20Thomson/190220/,Isaac Thomson,http://www.sherdog.com/fighter/Isaac-Thomson-286035
/fighter-profile/Lucas%20Alexander/161443/,Lucas Alexander,http://www.sherdog.com/fighter/Lucas-Alexander-227745
/fighter-profile/Michael%20Aswell/190382/,Michael Aswell,http://www.sherdog.com/fighter/Michael-Aswell-286497
/fighter-profile/Timothy%20Cuamba/204785/,Timothy Cuamba,http://www.sherdog.com/fighter/Timothy-Cuamba-316223
/fighter-profile/Artur%20Minev/278102/,Artur Minev,http://www.sherdog.com/fighter/Artur-Minev-424904
/fighter-profile/Andy%20Main/45136/,Andy Main,http://www.sherdog.com/fighter/Andy-Main-45236
/fighter-profile/Marc%20Stevens/33618/,Marc Stevens,http://www.sherdog.com/fighter/Marc-Stevens-15710
/fighter-profile/Amir%20Khillah/37624/,Amir Khillah,http://www.sherdog.com/fighter/Amir-Khillah-19803
/fighter-profile/CJ%20Fernandes/259/,CJ Fernandes,http://www.sherdog.com/fighter/CJ-Fernandes-261
/fighter-profile/Wilson%20Reis/3623/,Wilson Reis,http://www.sherdog.com/fighter/Wilson-Reis-23401
/fighter-profile/Azamat%20Gashimov/72671/,Azamat Gashimov,http://www.sherdog.com/fighter/Azamat-Gashimov-71175
/fighter-profile/Mike%20Easton/21601/,Mike Easton,http://www.sherdog.com/fighter/Mike-Easton-9626
/fighter-profile/John%20Albert/43696/,John Albert,http://www.sherdog.com/fighter/John-Albert-43796
/fighter-profile/Nick%20Pace/39348/,Nick Pace,http://www.sherdog.com/fighter/Nick-Pace-40956
/fighter-profile/Charlie%20Valencia/495/,Charlie Valencia,http://www.sherdog.com/fighter/Charlie-Valencia-503
/fighter-profile/Cody%20Garbrandt/50887/,Cody Garbrandt,http://www.sherdog.com/fighter/Cody-Garbrandt-50381
/fighter-profile/Bryson%20Hansen/7206/,Bryson Hansen,http://www.sherdog.com/fighter/Bryson-Hansen-27031
/fighter-profile/Manny%20Bermudez/104414/,Manny Bermudez,http://www.sherdog.com/fighter/Manny-Bermudez-112009
/fighter-profile/Vaughan%20Lee/12918/,Vaughan Lee,http://www.sherdog.com/fighter/Vaughan-Lee-6946
/fighter-profile/Spencer%20Paige/36950/,Spencer Paige,http://www.sherdog.com/fighter/Spencer-Paige-19111
/fighter-profile/Mike%20Budnik/4218/,Mike Budnik,http://www.sherdog.com/fighter/Mike-Budnik-24003
/fighter-profile/James%20Jenkins/56594/,James Jenkins,http://www.sherdog.com/fighter/James-Jenkins-53695
/fighter-profile/DaMon%20Blackshear/169417/,DaMon Blackshear,http://www.sherdog.com/fighter/DaMon-Blackshear-243891
/fighter-profile/Anderson%20dos%20Santos/93269/,Anderson dos Santos,http://www.sherdog.com/fighter/Anderson-dos-Santos-95053
/fighter-profile/Khalid%20Taha/104583/,Khalid Taha,http://www.sherdog.com/fighter/Khalid-Taha-117849
/fighter-profile/Thai%20Clark/87759/,Thai Clark,http://www.sherdog.com/fighter/Thai-Clark-85657
/fighter-profile/Austin%20Springer/40269/,Austin Springer,http://www.sherdog.com/fighter/Austin-Springer-41861
/fighter-profile/Guan%20Wang/6550/,Guan Wang,http://www.sherdog.com/fighter/Guan-Wang-26368
/fighter-profile/Masanori%20Kanehara/25674/,Masanori Kanehara,http://www.sherdog.com/fighter/Masanori-Kanehara-13767
/fighter-profile/Sergio%20Pettis/53360/,Sergio Pettis,http://www.sherdog.com/fighter/Sergio-Pettis-50987
/fighter-profile/Roland%20Delorme/29528/,Roland Delorme,http://www.sherdog.com/fighter/Roland-Delorme-37351
/fighter-profile/Motonobu%20Tezuka/37219/,Motonobu Tezuka,http://www.sherdog.com/fighter/Motonobu-Tezuka-19390
/fighter-profile/Damacio%20Page/24090/,Damacio Page,http://www.sherdog.com/fighter/Damacio-Page-12158
/fighter-profile/Jeff%20Lentz/47811/,Jeff Lentz,http://www.sherdog.com/fighter/Jeff-Lentz-42815
/fighter-profile/Paul%20Barrow/51815/,Paul Barrow,http://www.sherdog.com/fighter/Paul-Barrow-50271
/fighter-profile/Mike%20Richman/18776/,Mike Richman,http://www.sherdog.com/fighter/Mike-Richman-32635
/fighter-profile/Luis%20Pajuelo/190820/,Luis Pajuelo,http://www.sherdog.com/fighter/Luis-Pajuelo-287861
/fighter-profile/Jeong%20Yeong%20Lee/116452/,Jeong Yeong Lee,http://www.sherdog.com/fighter/Jeong-Yeong-Lee-135897
/fighter-profile/Steven%20Nguyen/108168/,Steven Nguyen,http://www.sherdog.com/fighter/Steven-Nguyen-121057
/fighter-profile/Kaan%20Ofli/142764/,Kaan Ofli,http://www.sherdog.com/fighter/Kaan-Ofli-189203
/fighter-profile/Journey%20Newson/79477/,Journey Newson,http://www.sherdog.com/fighter/Journey-Newson-77464
/fighter-profile/Michinori%20Tanaka/73397/,Michinori Tanaka,http://www.sherdog.com/fighter/Michinori-Tanaka-71942
/fighter-profile/Murtazali%20Magomedov/270873/,Murtazali Magomedov,http://www.sherdog.com/fighter/Murtazali-Magomedov-417141
/fighter-profile/Bruno%20Souza/163231/,Bruno Souza,http://www.sherdog.com/fighter/Bruno-Souza-231115
/fighter-profile/Collin%20Anglin/187070/,Collin Anglin,http://www.sherdog.com/fighter/Collin-Anglin-280415
/fighter-profile/Oliver%20Meza%20Paniagua/98219/,Oliver Meza Paniagua,http://www.sherdog.com/fighter/Oliver-Meza-Paniagua-105013
/fighter-profile/Farid%20Basharat/159073/,Farid Basharat,http://www.sherdog.com/fighter/Farid-Basharat-222641
/fighter-profile/John%20Castaneda/88645/,John Castaneda,http://www.sherdog.com/fighter/John-Castaneda-86536
/fighter-profile/Quang%20Le/162453/,Quang Le,http://www.sherdog.com/fighter/Quang-Le-223785
/fighter-profile/Batgerel%20Danaa/87131/,Batgerel Danaa,http://www.sherdog.com/fighter/Batgerel-Danaa-85013
/fighter-profile/Cody%20Durden/158918/,Cody Durden,http://www.sherdog.com/fighter/Cody-Durden-222325
/fighter-profile/Vince%20Morales/137086/,Vince Morales,http://www.sherdog.com/fighter/Vince-Morales-177019
/fighter-profile/Geraldo%20de%20Freitas%20Jr./99332/,Geraldo de Freitas Jr.,http://www.sherdog.com/fighter/Geraldo-de-Freitas-Jr-107229
/fighter-profile/Ryan%20MacDonald/104077/,Ryan MacDonald,http://www.sherdog.com/fighter/Ryan-MacDonald-116955
/fighter-profile/Deiveson%20Figueiredo/101055/,Deiveson Figueiredo,http://www.sherdog.com/fighter/Deiveson-Figueiredo-110485
/fighter-profile/Sean%20OMalley/116060/,Sean OMalley,http://www.sherdog.com/fighter/Sean-OMalley-135099
/fighter-profile/Dominick%20Cruz/24039/,Dominick Cruz,http://www.sherdog.com/fighter/Dominick-Cruz-12107
/fighter-profile/Nohelin%20Hernandez/100982/,Nohelin Hernandez,http://www.sherdog.com/fighter/Nohelin-Hernandez-110415
/fighter-profile/Frankie%20Saenz/56084/,Frankie Saenz,http://www.sherdog.com/fighter/Frankie-Saenz-55410
/fighter-profile/Lijiburen%20Wu/128773/,Lijiburen Wu,http://www.sherdog.com/fighter/Lijiburen-Wu-160545
/fighter-profile/John%20Lineker/40361/,John Lineker,http://www.sherdog.com/fighter/John-Lineker-41906
/fighter-profile/Guangyou%20Ning/6571/,Guangyou Ning,http://www.sherdog.com/fighter/Guangyou-Ning-26389
/fighter-profile/Roman%20Salazar/4990/,Roman Salazar,http://www.sherdog.com/fighter/Roman-Salazar-24790
/fighter-profile/Marco%20Beltran/32638/,Marco Beltran,http://www.sherdog.com/fighter/Marco-Beltran-40285
/fighter-profile/Brett%20Johns/92294/,Brett Johns,http://www.sherdog.com/fighter/Brett-Johns-92891
/fighter-profile/Damian%20Stasiak/90532/,Damian Stasiak,http://www.sherdog.com/fighter/Damian-Stasiak-86920
/fighter-profile/Justin%20Scoggins/72607/,Justin Scoggins,http://www.sherdog.com/fighter/Justin-Scoggins-71120
/fighter-profile/Matt%20Hobar/60908/,Matt Hobar,http://www.sherdog.com/fighter/Matt-Hobar-59713
/fighter-profile/Ricky%20Simon/101352/,Ricky Simon,http://www.sherdog.com/fighter/Ricky-Simon-111209
/fighter-profile/Lowell%20Anderson/229/,Lowell Anderson,http://www.sherdog.com/fighter/Lowell-Anderson-231
/fighter-profile/Martin%20Stapleton/4809/,Martin Stapleton,http://www.sherdog.com/fighter/Martin-Stapleton-24608
/fighter-profile/Courtney%20Turner/283/,Courtney Turner,http://www.sherdog.com/fighter/Courtney-Turner-285
/fighter-profile/Joe%20Son/50/,Joe Son,http://www.sherdog.com/fighter/Joe-Son-50
/fighter-profile/Emmanuel%20Yarborough/39/,Emmanuel Yarborough,http://www.sherdog.com/fighter/Emmanuel-Yarborough-39
/fighter-profile/Ryan%20Parker/117/,Ryan Parker,http://www.sherdog.com/fighter/Ryan-Parker-119
/fighter-profile/Alberto%20Cerra%20Leon/37/,Alberto Cerra Leon,http://www.sherdog.com/fighter/Alberto-Cerra-Leon-37
/fighter-profile/Orlando%20Wiet/31/,Orlando Wiet,http://www.sherdog.com/fighter/Orlando-Wiet-31
/fighter-profile/Joe%20Slick/236/,Joe Slick,http://www.sherdog.com/fighter/Joe-Slick-238
/fighter-profile/Scott%20Baker/34/,Scott Baker,http://www.sherdog.com/fighter/Scott-Baker-34
/fighter-profile/Sean%20Daugherty/25/,Sean Daugherty,http://www.sherdog.com/fighter/Sean-Daugherty-25
/fighter-profile/Fred%20Ettish/36/,Fred Ettish,http://www.sherdog.com/fighter/Fred-Ettish-36
/fighter-profile/David%20Levicki/28/,David Levicki,http://www.sherdog.com/fighter/David-Levicki-28
/fighter-profile/Ricky%20Turcios/82772/,Ricky Turcios,http://www.sherdog.com/fighter/Ricky-Turcios-80671
/fighter-profile/Drako%20Rodriguez/149667/,Drako Rodriguez,http://www.sherdog.com/fighter/Drako-Rodriguez-203421
/fighter-profile/Reginaldo%20Vieira/53111/,Reginaldo Vieira,http://www.sherdog.com/fighter/Reginaldo-Vieira-52454
/fighter-profile/Benito%20Lopez/108989/,Benito Lopez,http://www.sherdog.com/fighter/Benito-Lopez-122711
/fighter-profile/Jay%20Perrin/95548/,Jay Perrin,http://www.sherdog.com/fighter/Jay-Perrin-99689
/fighter-profile/Trevin%20Jones/75650/,Trevin Jones,http://www.sherdog.com/fighter/Trevin-Jones-73904
/fighter-profile/Jin%20Soo%20Son/132450/,Jin Soo Son,http://www.sherdog.com/fighter/Jin-Soo-Son-168171
/fighter-profile/Marcus%20McGhee/108627/,Marcus McGhee,http://www.sherdog.com/fighter/Marcus-McGhee-122153
/fighter-profile/Adrian%20Yanez/88422/,Adrian Yanez,http://www.sherdog.com/fighter/Adrian-Yanez-86354
/fighter-profile/Zviad%20Lazishvili/215994/,Zviad Lazishvili,http://www.sherdog.com/fighter/Zviad-Lazishvili-341317
/fighter-profile/Thomas%20Almeida/89787/,Thomas Almeida,http://www.sherdog.com/fighter/Thomas-Almeida-87865
/fighter-profile/Pingyuan%20Liu/86269/,Pingyuan Liu,http://www.sherdog.com/fighter/Pingyuan-Liu-83520
/fighter-profile/Andre%20Soukhamthath/70160/,Andre Soukhamthath,http://www.sherdog.com/fighter/Andre-Soukhamthath-67967
/fighter-profile/Henry%20Cejudo/111411/,Henry Cejudo,http://www.sherdog.com/fighter/Henry-Cejudo-125297
/fighter-profile/Cody%20Stamann/63065/,Cody Stamann,http://www.sherdog.com/fighter/Cody-Stamann-61896
/fighter-profile/Gustavo%20Lopez/99327/,Gustavo Lopez,http://www.sherdog.com/fighter/Gustavo-Lopez-107201
/fighter-profile/Casey%20Kenney/153455/,Casey Kenney,http://www.sherdog.com/fighter/Casey-Kenney-211031
/fighter-profile/Terrion%20Ware/99097/,Terrion Ware,http://www.sherdog.com/fighter/Terrion-Ware-106755
/fighter-profile/Raul%20Rosas%20Jr./215857/,Raul Rosas Jr.,http://www.sherdog.com/fighter/Raul-Rosas-Jr-339419
/fighter-profile/Jean%20Matsumoto/178340/,Jean Matsumoto,http://www.sherdog.com/fighter/Jean-Matsumoto-263061
/fighter-profile/Matt%20Schnell/47070/,Matt Schnell,http://www.sherdog.com/fighter/Matt-Schnell-47006
/fighter-profile/Joey%20Gomez/66276/,Joey Gomez,http://www.sherdog.com/fighter/Joey-Gomez-64975
/fighter-profile/Chico%20Camus/41428/,Chico Camus,http://www.sherdog.com/fighter/Chico-Camus-42850
/fighter-profile/Leandro%20Issa/37348/,Leandro Issa,http://www.sherdog.com/fighter/Leandro-Issa-19521
/fighter-profile/Nathan%20Maness/127776/,Nathan Maness,http://www.sherdog.com/fighter/Nathan-Maness-158855
/fighter-profile/Patrick%20Williams/71144/,Patrick Williams,http://www.sherdog.com/fighter/Patrick-Williams-69607
/fighter-profile/Erik%20Perez/27603/,Erik Perez,http://www.sherdog.com/fighter/Erik-Perez-35509
/fighter-profile/Matthew%20Lopez/116515/,Matthew Lopez,http://www.sherdog.com/fighter/Matthew-Lopez-136139
/fighter-profile/Albert%20Morales/128883/,Albert Morales,http://www.sherdog.com/fighter/Albert-Morales-161099
/fighter-profile/Fredy%20Serrano/134902/,Fredy Serrano,http://www.sherdog.com/fighter/Fredy-Serrano-112413
/fighter-profile/Tony%20Gravely/153141/,Tony Gravely,http://www.sherdog.com/fighter/Tony-Gravely-210575
/fighter-profile/Dileno%20Lopes/15806/,Dileno Lopes,http://www.sherdog.com/fighter/Dileno-Lopes-29635
/fighter-profile/Joe%20Soto/34888/,Joe Soto,http://www.sherdog.com/fighter/Joe-Soto-17004
/fighter-profile/Montel%20Jackson/153369/,Montel Jackson,http://www.sherdog.com/fighter/Montel-Jackson-206717
/fighter-profile/Ray%20Rodriguez/80189/,Ray Rodriguez,http://www.sherdog.com/fighter/Ray-Rodriguez-78078
/fighter-profile/Enrique%20Briones/38735/,Enrique Briones,http://www.sherdog.com/fighter/Enrique-Briones-20939
/fighter-profile/Johnny%20Bedford/37541/,Johnny Bedford,http://www.sherdog.com/fighter/Johnny-Bedford-19717
/fighter-profile/Su%20Young%20You/138038/,Su Young You,http://www.sherdog.com/fighter/Su-Young-You-179453
/fighter-profile/Yoshinori%20Horie/163287/,Yoshinori Horie,http://www.sherdog.com/fighter/Yoshinori-Horie-227513
/fighter-profile/Javier%20Reyes/140012/,Javier Reyes,http://www.sherdog.com/fighter/Javier-Reyes-182691
/fighter-profile/Sergey%20Morozov/90647/,Sergey Morozov,http://www.sherdog.com/fighter/Sergey-Morozov-89693
/fighter-profile/Gaetano%20Pirrello/55189/,Gaetano Pirrello,http://www.sherdog.com/fighter/Gaetano-Pirrello-54431
/fighter-profile/Dom%20Mar%20Fan/200388/,Dom Mar Fan,http://www.sherdog.com/fighter/Dom-Mar-Fan-305329
/fighter-profile/Kangjie%20Zhu/216093/,Kangjie Zhu,http://www.sherdog.com/fighter/Kangjie-Zhu-341915
/fighter-profile/Jun%20Young%20Hong/143319/,Jun Young Hong,http://www.sherdog.com/fighter/Jun-Young-Hong-188363
/fighter-profile/Jae%20Hyun%20Park/208672/,Jae Hyun Park,http://www.sherdog.com/fighter/Jae-Hyun-Park-325247
/fighter-profile/Windri%20Patilima/207846/,Windri Patilima,http://www.sherdog.com/fighter/Windri-Patilima-323519
/fighter-profile/Yawei%20Ren/262563/,Yawei Ren,http://www.sherdog.com/fighter/Yawei-Ren-408617
/fighter-profile/Daichi%20Kamiya/265411/,Daichi Kamiya,http://www.sherdog.com/fighter/Daichi-Kamiya-412079
/fighter-profile/Kazuma%20Maruyama/96493/,Kazuma Maruyama,http://www.sherdog.com/fighter/Kazuma-Maruyama-101583
/fighter-profile/Austin%20Bashi/225525/,Austin Bashi,http://www.sherdog.com/fighter/Austin-Bashi-362871
/fighter-profile/Zha%20Yi/161954/,Zha Yi,http://www.sherdog.com/fighter/Zha-Yi-228277
/fighter-profile/Jeka%20Saragih/188048/,Jeka Saragih,http://www.sherdog.com/fighter/Jeka-Saragih-282415
/fighter-profile/Daniel%20Salas/43150/,Daniel Salas,http://www.sherdog.com/fighter/Daniel-Salas-22366
/fighter-profile/Payton%20Talbott/195416/,Payton Talbott,http://www.sherdog.com/fighter/Payton-Talbott-296553
/fighter-profile/Cristian%20Quinonez/130864/,Cristian Quinonez,http://www.sherdog.com/fighter/Cristian-Quinonez-164995
/fighter-profile/Timur%20Valiev/72008/,Timur Valiev,http://www.sherdog.com/fighter/Timur-Valiev-70605
/fighter-profile/Carlos%20Huachin/136940/,Carlos Huachin,http://www.sherdog.com/fighter/Carlos-Huachin-177353
/fighter-profile/Cody%20Haddon/190369/,Cody Haddon,http://www.sherdog.com/fighter/Cody-Haddon-286511
/fighter-profile/Ronnie%20Lawrence/97075/,Ronnie Lawrence,http://www.sherdog.com/fighter/Ronnie-Lawrence-102885
/fighter-profile/Nick%20Aguirre/197291/,Nick Aguirre,http://www.sherdog.com/fighter/Nick-Aguirre-297869
/fighter-profile/Aaron%20Meisner/3081/,Aaron Meisner,http://www.sherdog.com/fighter/Aaron-Meisner-22849
/fighter-profile/Kyung%20Pyo%20Kim/142827/,Kyung Pyo Kim,http://www.sherdog.com/fighter/Kyung-Pyo-Kim-189381
/fighter-profile/Augusto%20Mendes/128683/,Augusto Mendes,http://www.sherdog.com/fighter/Augusto-Mendes-160663
/fighter-profile/Hugo%20Viana/66819/,Hugo Viana,http://www.sherdog.com/fighter/Hugo-Viana-65456
/fighter-profile/Eric%20Marriott/17911/,Eric Marriott,http://www.sherdog.com/fighter/Eric-Marriott-31767
/fighter-profile/Dane%20Sayers/18205/,Dane Sayers,http://www.sherdog.com/fighter/Dane-Sayers-32062
/fighter-profile/Toby%20Grear/25970/,Toby Grear,http://www.sherdog.com/fighter/Toby-Grear-14064
/fighter-profile/J.J.%20Ambrose/26660/,J.J. Ambrose,http://www.sherdog.com/fighter/JJ-Ambrose-14757
/fighter-profile/Dustin%20Pague/32048/,Dustin Pague,http://www.sherdog.com/fighter/Dustin-Pague-39781
/fighter-profile/Jeff%20Hougland/10850/,Jeff Hougland,http://www.sherdog.com/fighter/Jeff-Hougland-4870
/fighter-profile/Walel%20Watson/28576/,Walel Watson,http://www.sherdog.com/fighter/Walel-Watson-36403
/fighter-profile/Ian%20Loveland/25700/,Ian Loveland,http://www.sherdog.com/fighter/Ian-Loveland-13793
/fighter-profile/Cameron%20Saaiman/205062/,Cameron Saaiman,http://www.sherdog.com/fighter/Cameron-Saaiman-317055
/fighter-profile/Joshua%20Weems/176378/,Joshua Weems,http://www.sherdog.com/fighter/Joshua-Weems-259641
/fighter-profile/Luis%20Saldana/79423/,Luis Saldana,http://www.sherdog.com/fighter/Luis-Saldana-77414
/fighter-profile/Fernie%20Garcia/101804/,Fernie Garcia,http://www.sherdog.com/fighter/Fernie-Garcia-112047
/fighter-profile/Ramon%20Taveras/212059/,Ramon Taveras,http://www.sherdog.com/fighter/Ramon-Taveras-332055
/fighter-profile/Fernando%20Bernstein/32545/,Fernando Bernstein,http://www.sherdog.com/fighter/Fernando-Bernstein-40203
/fighter-profile/Demetrious%20Johnson/45428/,Demetrious Johnson,http://www.sherdog.com/fighter/Demetrious-Johnson-45452
/fighter-profile/Zach%20Makovsky/38322/,Zach Makovsky,http://www.sherdog.com/fighter/Zach-Makovsky-20522
/fighter-profile/John%20Moraga/55999/,John Moraga,http://www.sherdog.com/fighter/John-Moraga-55159
/fighter-profile/Darrell%20Montague/20341/,Darrell Montague,http://www.sherdog.com/fighter/Darrell-Montague-34214
/fighter-profile/Jussier%20Formiga/29101/,Jussier Formiga,http://www.sherdog.com/fighter/Jussier-Formiga-36939
/fighter-profile/Brandon%20Merkt/3765/,Brandon Merkt,http://www.sherdog.com/fighter/Brandon-Merkt-23546
/fighter-profile/Danny%20Martinez/34671/,Danny Martinez,http://www.sherdog.com/fighter/Danny-Martinez-16777
/fighter-profile/Ken%20Stone/5106/,Ken Stone,http://www.sherdog.com/fighter/Ken-Stone-24913
/fighter-profile/Abdul%20Hussein/154001/,Abdul Hussein,http://www.sherdog.com/fighter/Abdul-Hussein-212403
/fighter-profile/Chad%20Anheliger/64658/,Chad Anheliger,http://www.sherdog.com/fighter/Chad-Anheliger-63370
/fighter-profile/Andre%20Ricardo/117609/,Andre Ricardo,http://www.sherdog.com/fighter/Andre-Ricardo-138493
/fighter-profile/Edson%20Pereira/3158/,Edson Pereira,http://www.sherdog.com/fighter/Edson-Pereira-22926
/fighter-profile/Gabriel%20Macario/122685/,Gabriel Macario,http://www.sherdog.com/fighter/Gabriel-Macario-148537
/fighter-profile/Domingo%20Pilarte/48644/,Domingo Pilarte,http://www.sherdog.com/fighter/Domingo-Pilarte-48495
/fighter-profile/Sung%20Bin%20Jo/143316/,Sung Bin Jo,http://www.sherdog.com/fighter/Sung-Bin-Jo-188737
/fighter-profile/Bekzat%20Almakhan/194447/,Bekzat Almakhan,http://www.sherdog.com/fighter/Bekzat-Almakhan-294895
/fighter-profile/Hunter%20Azure/173161/,Hunter Azure,http://www.sherdog.com/fighter/Hunter-Azure-251727
/fighter-profile/Luke%20Riley/222019/,Luke Riley,http://www.sherdog.com/fighter/Luke-Riley-354035
/fighter-profile/Dakota%20Hope/193587/,Dakota Hope,http://www.sherdog.com/fighter/Dakota-Hope-293145
/fighter-profile/Tony%20Kelley/58471/,Tony Kelley,http://www.sherdog.com/fighter/Tony-Kelley-57658
/fighter-profile/Bernardo%20Sopai/160846/,Bernardo Sopai,http://www.sherdog.com/fighter/Bernardo-Sopai-226661
/fighter-profile/Chris%20Cariaso/34363/,Chris Cariaso,http://www.sherdog.com/fighter/Chris-Cariaso-16467
/fighter-profile/Jon%20delos%20Reyes/61158/,Jon delos Reyes,http://www.sherdog.com/fighter/Jon-delos-Reyes-58594
/fighter-profile/Alex%20Soto/50855/,Alex Soto,http://www.sherdog.com/fighter/Alex-Soto-50367
/fighter-profile/Wesley%20Murch/22089/,Wesley Murch,http://www.sherdog.com/fighter/Wesley-Murch-10127
/fighter-profile/Karsten%20Lenjoint/6914/,Karsten Lenjoint,http://www.sherdog.com/fighter/Karsten-Lenjoint-26732
/fighter-profile/Leomana%20Martinez/113630/,Leomana Martinez,http://www.sherdog.com/fighter/Leomana-Martinez-130553
/fighter-profile/Randy%20Costa/143175/,Randy Costa,http://www.sherdog.com/fighter/Randy-Costa-189731
/fighter-profile/Joo%20Sang%20Yoo/241729/,Joo Sang Yoo,http://www.sherdog.com/fighter/Joo-Sang-Yoo-387629
/fighter-profile/Ode%20Osbourne/117454/,Ode Osbourne,http://www.sherdog.com/fighter/Ode-Osbourne-137969
/fighter-profile/Matt%20Jaggers/35277/,Matt Jaggers,http://www.sherdog.com/fighter/Matt-Jaggers-17406
/fighter-profile/Cole%20Smith/124976/,Cole Smith,http://www.sherdog.com/fighter/Cole-Smith-153345
/fighter-profile/Tim%20Gorman/35582/,Tim Gorman,http://www.sherdog.com/fighter/Tim-Gorman-17717
/fighter-profile/Grigory%20Popov/113843/,Grigory Popov,http://www.sherdog.com/fighter/Grigory-Popov-131039
/fighter-profile/Joseph%20Benavidez/26911/,Joseph Benavidez,http://www.sherdog.com/fighter/Joseph-Benavidez-15008
/fighter-profile/Miguel%20Torres/2984/,Miguel Torres,http://www.sherdog.com/fighter/Miguel-Torres-3006
/fighter-profile/Ian%20McCall/10981/,Ian McCall,http://www.sherdog.com/fighter/Ian-McCall-5001
/fighter-profile/Neil%20Seery/25968/,Neil Seery,http://www.sherdog.com/fighter/Neil-Seery-14062
/fighter-profile/Brendan%20Loughnane/44424/,Brendan Loughnane,http://www.sherdog.com/fighter/Brendan-Loughnane-44417
/fighter-profile/Kleydson%20Rodrigues/162470/,Kleydson Rodrigues,http://www.sherdog.com/fighter/Kleydson-Rodrigues-229541
/fighter-profile/Ryan%20Benoit/48706/,Ryan Benoit,http://www.sherdog.com/fighter/Ryan-Benoit-48566
/fighter-profile/Muin%20Gafurov/139399/,Muin Gafurov,http://www.sherdog.com/fighter/Muin-Gafurov-182325
/fighter-profile/Shunichi%20Shimizu/43457/,Shunichi Shimizu,http://www.sherdog.com/fighter/Shunichi-Shimizu-22677
/fighter-profile/Louis%20Smolka/66107/,Louis Smolka,http://www.sherdog.com/fighter/Louis-Smolka-64792
/fighter-profile/Bentley%20Syler/110271/,Bentley Syler,http://www.sherdog.com/fighter/Bentley-Syler-123973
/fighter-profile/Arlen%20Ribeiro/103090/,Arlen Ribeiro,http://www.sherdog.com/fighter/Arlen-Ribeiro-114747
/fighter-profile/Bahatebole%20Batebolati/237642/,Bahatebole Batebolati,http://www.sherdog.com/fighter/Bahatebole-Batebolati-382344
/fighter-profile/John%20Adajar/169259/,John Adajar,http://www.sherdog.com/fighter/John-Adajar-243709
/fighter-profile/Raulian%20Paiva/132187/,Raulian Paiva,http://www.sherdog.com/fighter/Raulian-Paiva-167575
/fighter-profile/Cameron%20Else/67829/,Cameron Else,http://www.sherdog.com/fighter/Cameron-Else-66351
/fighter-profile/Gabriel%20Silva/112578/,Gabriel Silva,http://www.sherdog.com/fighter/Gabriel-Silva-128611
/fighter-profile/Adrian%20Luna%20Martinetti/177221/,Adrian Luna Martinetti,http://www.sherdog.com/fighter/Adrian-Luna-Martinetti-254547
/fighter-profile/Martin%20Day/126306/,Martin Day,http://www.sherdog.com/fighter/Martin-Day-155883
/fighter-profile/Chris%20Holdsworth/51774/,Chris Holdsworth,http://www.sherdog.com/fighter/Chris-Holdsworth-51225
/fighter-profile/Louis%20Fisette/67981/,Louis Fisette,http://www.sherdog.com/fighter/Louis-Fisette-66520
/fighter-profile/Pedro%20Falcao/123308/,Pedro Falcao,http://www.sherdog.com/fighter/Pedro-Falcao-150185
/fighter-profile/Thanh%20Le/99741/,Thanh Le,http://www.sherdog.com/fighter/Thanh-Le-108007
/fighter-profile/Ricky%20Steele/86613/,Ricky Steele,http://www.sherdog.com/fighter/Ricky-Steele-84460
/fighter-profile/Angel%20Pacheco/91165/,Angel Pacheco,http://www.sherdog.com/fighter/Angel-Pacheco-90675
/fighter-profile/Saidyokub%20Kakhramonov/184361/,Saidyokub Kakhramonov,http://www.sherdog.com/fighter/Saidyokub-Kakhramonov-274077
/fighter-profile/Dulani%20Perry/74322/,Dulani Perry,http://www.sherdog.com/fighter/Dulani-Perry-72742
/fighter-profile/Ali%20AlQaisi/145946/,Ali AlQaisi,http://www.sherdog.com/fighter/Ali-AlQaisi-196307
/fighter-profile/Liudvik%20Sholinian/156076/,Liudvik Sholinian,http://www.sherdog.com/fighter/Liudvik-Sholinian-216799
/fighter-profile/Alex%20Torres/134881/,Alex Torres,http://www.sherdog.com/fighter/Alex-Torres-172645
/fighter-profile/Saimon%20Oliveira/126845/,Saimon Oliveira,http://www.sherdog.com/fighter/Saimon-Oliveira-156991
/fighter-profile/Satoshi%20Honma/249/,Satoshi Honma,http://www.sherdog.com/fighter/Satoshi-Honma-251
/fighter-profile/Chris%20Condo/285/,Chris Condo,http://www.sherdog.com/fighter/Chris-Condo-287
/fighter-profile/Masutatsu%20Yano/233/,Masutatsu Yano,http://www.sherdog.com/fighter/Masutatsu-Yano-235
/fighter-profile/Saeed%20Hosseini/158/,Saeed Hosseini,http://www.sherdog.com/fighter/Saeed-Hosseini-160
/fighter-profile/Houston%20Dorr/176/,Houston Dorr,http://www.sherdog.com/fighter/Houston-Dorr-178
/fighter-profile/Serhiy%20Sidey/158083/,Serhiy Sidey,http://www.sherdog.com/fighter/Serhiy-Sidey-220713
/fighter-profile/Brady%20Hiestand/172273/,Brady Hiestand,http://www.sherdog.com/fighter/Brady-Hiestand-249533
/fighter-profile/Toshiomi%20Kazama/230397/,Toshiomi Kazama,http://www.sherdog.com/fighter/Toshiomi-Kazama-373059
/fighter-profile/Gaston%20Bolanos/118838/,Gaston Bolanos,http://www.sherdog.com/fighter/Gaston-Bolanos-140905
/fighter-profile/Kris%20Moutinho/111592/,Kris Moutinho,http://www.sherdog.com/fighter/Kris-Moutinho-126341
/fighter-profile/Kwan%20Ho%20Kwak/126608/,Kwan Ho Kwak,http://www.sherdog.com/fighter/Kwan-Ho-Kwak-156471
/fighter-profile/Iliarde%20Santos/31763/,Iliarde Santos,http://www.sherdog.com/fighter/Iliarde-Santos-39391
/fighter-profile/Pedro%20Nobre/49140/,Pedro Nobre,http://www.sherdog.com/fighter/Pedro-Nobre-44211
/fighter-profile/Jose%20Mauro%20Delano/137120/,Jose Mauro Delano,http://www.sherdog.com/fighter/Jose-Mauro-Delano-177407
/fighter-profile/Lucas%20Brennan/186268/,Lucas Brennan,http://www.sherdog.com/fighter/Lucas-Brennan-271789
/fighter-profile/Chang%20Ho%20Lee/176058/,Chang Ho Lee,http://www.sherdog.com/fighter/Chang-Ho-Lee-258443
/fighter-profile/Jason%20Brenton/68856/,Jason Brenton,http://www.sherdog.com/fighter/Jason-Brenton-67335
/fighter-profile/Alexandre%20Pantoja/5215/,Alexandre Pantoja,http://www.sherdog.com/fighter/Alexandre-Pantoja-25023
/fighter-profile/Ben%20Nguyen/14150/,Ben Nguyen,http://www.sherdog.com/fighter/Ben-Nguyen-8183
/fighter-profile/Yuta%20Sasaki/64449/,Yuta Sasaki,http://www.sherdog.com/fighter/Yuta-Sasaki-63070
/fighter-profile/Hector%20Sandoval/28411/,Hector Sandoval,http://www.sherdog.com/fighter/Hector-Sandoval-35409
/fighter-profile/Dustin%20Ortiz/58922/,Dustin Ortiz,http://www.sherdog.com/fighter/Dustin-Ortiz-58097
/fighter-profile/Joby%20Sanchez/50579/,Joby Sanchez,http://www.sherdog.com/fighter/Joby-Sanchez-50239
/fighter-profile/Jared%20Papazian/19661/,Jared Papazian,http://www.sherdog.com/fighter/Jared-Papazian-33531
/fighter-profile/Byron%20Bloodworth/35228/,Byron Bloodworth,http://www.sherdog.com/fighter/Byron-Bloodworth-17355
/fighter-profile/Orville%20Smith/34584/,Orville Smith,http://www.sherdog.com/fighter/Orville-Smith-16689
/fighter-profile/Will%20Campuzano/27615/,Will Campuzano,http://www.sherdog.com/fighter/Will-Campuzano-35521
/fighter-profile/Kai%20Kara-France/75447/,Kai Kara-France,http://www.sherdog.com/fighter/Kai-KaraFrance-73692
/fighter-profile/Patrick%20Holohan/64968/,Patrick Holohan,http://www.sherdog.com/fighter/Patrick-Holohan-63616
/fighter-profile/Norifumi%20Yamamoto/1340/,Norifumi Yamamoto,http://www.sherdog.com/fighter/Norifumi-Yamamoto-1354
/fighter-profile/Steve%20Magdaleno/12108/,Steve Magdaleno,http://www.sherdog.com/fighter/Steve-Magdaleno-6132
/fighter-profile/Jose%20Johnson/167032/,Jose Johnson,http://www.sherdog.com/fighter/Jose-Johnson-238733
/fighter-profile/Luan%20Lacerda/94492/,Luan Lacerda,http://www.sherdog.com/fighter/Luan-Lacerda-97579
/fighter-profile/Bruno%20Silva/104938/,Bruno Silva,http://www.sherdog.com/fighter/Bruno-Silva-118601
/fighter-profile/Boston%20Salmon/113997/,Boston Salmon,http://www.sherdog.com/fighter/Boston-Salmon-131463
/fighter-profile/Tyson%20Nam/33139/,Tyson Nam,http://www.sherdog.com/fighter/Tyson-Nam-15224
/fighter-profile/Chris%20Kelades/52255/,Chris Kelades,http://www.sherdog.com/fighter/Chris-Kelades-51576
/fighter-profile/Nick%20Denis/36967/,Nick Denis,http://www.sherdog.com/fighter/Nick-Denis-19128
/fighter-profile/Josh%20Ferguson/6831/,Josh Ferguson,http://www.sherdog.com/fighter/Josh-Ferguson-26649
/fighter-profile/B.J.%20Ferguson/18092/,B.J. Ferguson,http://www.sherdog.com/fighter/BJ-Ferguson-31949
/fighter-profile/Adam%20Antolin/8922/,Adam Antolin,http://www.sherdog.com/fighter/Adam-Antolin-28758
/fighter-profile/Daniel%20Head/31375/,Daniel Head,http://www.sherdog.com/fighter/Daniel-Head-39109
/fighter-profile/Bin%20Xie/163878/,Bin Xie,http://www.sherdog.com/fighter/Bin-Xie-231979
/fighter-profile/Oliver%20Schmid/209443/,Oliver Schmid,http://www.sherdog.com/fighter/Oliver-Schmid-326999
/fighter-profile/John%20Garza/241159/,John Garza,http://www.sherdog.com/fighter/John-Garza-386901
/fighter-profile/Victor%20Hugo/109439/,Victor Hugo,http://www.sherdog.com/fighter/Victor-Hugo-123631
/fighter-profile/Taylor%20Lapilus/94340/,Taylor Lapilus,http://www.sherdog.com/fighter/Taylor-Lapilus-97337
/fighter-profile/Bharat%20Khandare/88930/,Bharat Khandare,http://www.sherdog.com/fighter/Bharat-Khandare-86855
/fighter-profile/Kevin%20Natividad/86951/,Kevin Natividad,http://www.sherdog.com/fighter/Kevin-Natividad-84807
/fighter-profile/Alessandro%20Costa/155102/,Alessandro Costa,http://www.sherdog.com/fighter/Alessandro-Costa-214613
/fighter-profile/Jafel%20Filho/113958/,Jafel Filho,http://www.sherdog.com/fighter/Jafel-Filho-131375
/fighter-profile/Nyamjargal%20Tumendemberel/256107/,Nyamjargal Tumendemberel,http://www.sherdog.com/fighter/Nyamjargal-Tumendemberel-403608
/fighter-profile/Allan%20Nascimento/89783/,Allan Nascimento,http://www.sherdog.com/fighter/Allan-Nascimento-87857
/fighter-profile/Jose%20Ochoa/198304/,Jose Ochoa,http://www.sherdog.com/fighter/Jose-Ochoa-302523
/fighter-profile/Joshua%20Van/227103/,Joshua Van,http://www.sherdog.com/fighter/Joshua-Van-365973
/fighter-profile/Tagir%20Ulanbekov/122914/,Tagir Ulanbekov,http://www.sherdog.com/fighter/Tagir-Ulanbekov-149259
/fighter-profile/Jake%20Hadley/148618/,Jake Hadley,http://www.sherdog.com/fighter/Jake-Hadley-200597
/fighter-profile/Carlos%20Mota/139553/,Carlos Mota,http://www.sherdog.com/fighter/Carlos-Mota-182629
/fighter-profile/J.P.%20Buys/146355/,J.P. Buys,http://www.sherdog.com/fighter/JP-Buys-197069
/fighter-profile/Muhammad%20Mokaev/165671/,Muhammad Mokaev,http://www.sherdog.com/fighter/Muhammad-Mokaev-236141
/fighter-profile/Jimmy%20Flick/61677/,Jimmy Flick,http://www.sherdog.com/fighter/Jimmy-Flick-60460
/fighter-profile/Colby%20Thicknesse/189957/,Colby Thicknesse,http://www.sherdog.com/fighter/Colby-Thicknesse-285257
/fighter-profile/Elijah%20Smith/241981/,Elijah Smith,http://www.sherdog.com/fighter/Elijah-Smith-385324
/fighter-profile/Jarred%20Brooks/135865/,Jarred Brooks,http://www.sherdog.com/fighter/Jarred-Brooks-174665
/fighter-profile/Sirwan%20Kakai/42239/,Sirwan Kakai,http://www.sherdog.com/fighter/Sirwan-Kakai-21446
/fighter-profile/Nolan%20Ticman/73635/,Nolan Ticman,http://www.sherdog.com/fighter/Nolan-Ticman-72084
/fighter-profile/Shohei%20Nose/190547/,Shohei Nose,http://www.sherdog.com/fighter/Shohei-Nose-287017
/fighter-profile/Alptekin%20Ozkilic/75587/,Alptekin Ozkilic,http://www.sherdog.com/fighter/Alptekin-Ozkilic-73826
/fighter-profile/Ali%20Bagautinov/83304/,Ali Bagautinov,http://www.sherdog.com/fighter/Ali-Bagautinov-81198
/fighter-profile/Phil%20Harris/14719/,Phil Harris,http://www.sherdog.com/fighter/Phil-Harris-8753
/fighter-profile/Jose%20Maria%20Tome/29786/,Jose Maria Tome,http://www.sherdog.com/fighter/Jose-Maria-Tome-37681
/fighter-profile/Yasuhiro%20Urushitani/1335/,Yasuhiro Urushitani,http://www.sherdog.com/fighter/Yasuhiro-Urushitani-1349
/fighter-profile/Louis%20Gaudinot/45128/,Louis Gaudinot,http://www.sherdog.com/fighter/Louis-Gaudinot-45230
/fighter-profile/Royston%20Wee/90212/,Royston Wee,http://www.sherdog.com/fighter/Royston-Wee-88793
/fighter-profile/Jianping%20Yang/6547/,Jianping Yang,http://www.sherdog.com/fighter/Jianping-Yang-26365
/fighter-profile/Filip%20Pejic/87768/,Filip Pejic,http://www.sherdog.com/fighter/Filip-Pejic-85664
/fighter-profile/Ray%20Borg/86890/,Ray Borg,http://www.sherdog.com/fighter/Ray-Borg-84752
/fighter-profile/Josh%20Sampo/68333/,Josh Sampo,http://www.sherdog.com/fighter/Josh-Sampo-66883
/fighter-profile/Richie%20Vaculik/42587/,Richie Vaculik,http://www.sherdog.com/fighter/Richie-Vaculik-21798
/fighter-profile/Cameron%20Smotherman/214937/,Cameron Smotherman,http://www.sherdog.com/fighter/Cameron-Smotherman-339497
/fighter-profile/Robert%20Lucarelli/32/,Robert Lucarelli,http://www.sherdog.com/fighter/Robert-Lucarelli-32
/fighter-profile/Ikuhisa%20Minowa/248/,Ikuhisa Minowa,http://www.sherdog.com/fighter/Ikuhisa-Minowa-250
/fighter-profile/Mateus%20Mendonca/214054/,Mateus Mendonca,http://www.sherdog.com/fighter/Mateus-Mendonca-336923
/fighter-profile/Jeff%20Molina/156875/,Jeff Molina,http://www.sherdog.com/fighter/Jeff-Molina-218069
/fighter-profile/Alberto%20Montes/175560/,Alberto Montes,http://www.sherdog.com/fighter/Alberto-Montes-257203
/fighter-profile/Bruno%20Mesquita/58274/,Bruno Mesquita,http://www.sherdog.com/fighter/Bruno-Mesquita-57480
/fighter-profile/Matheus%20Mattos/72382/,Matheus Mattos,http://www.sherdog.com/fighter/Matheus-Mattos-70757
/fighter-profile/Matheus%20Nicolau/70942/,Matheus Nicolau,http://www.sherdog.com/fighter/Matheus-Nicolau-69341
/fighter-profile/Peter%20Montibeller/103097/,Peter Montibeller,http://www.sherdog.com/fighter/Peter-Montibeller-114757
/fighter-profile/Jakub%20Wiklacz/133000/,Jakub Wiklacz,http://www.sherdog.com/fighter/Jakub-Wiklacz-169259
/fighter-profile/John%20Yannis/172170/,John Yannis,http://www.sherdog.com/fighter/John-Yannis-249443
/fighter-profile/Vinicius%20Salvador/137930/,Vinicius Salvador,http://www.sherdog.com/fighter/Vinicius-Salvador-179169
/fighter-profile/Victor%20Rodriguez/137332/,Victor Rodriguez,http://www.sherdog.com/fighter/Victor-Rodriguez-177975
/fighter-profile/Tom%20Duquesnoy/91983/,Tom Duquesnoy,http://www.sherdog.com/fighter/Tom-Duquesnoy-92239
/fighter-profile/Terrence%20Mitchell/43712/,Terrence Mitchell,http://www.sherdog.com/fighter/Terrence-Mitchell-43815
/fighter-profile/Steve%20Erceg/162133/,Steve Erceg,http://www.sherdog.com/fighter/Steve-Erceg-228813
/fighter-profile/Brandon%20Royval/86030/,Brandon Royval,http://www.sherdog.com/fighter/Brandon-Royval-83851
/fighter-profile/Rogerio%20Bontorin/114327/,Rogerio Bontorin,http://www.sherdog.com/fighter/Rogerio-Bontorin-132211
/fighter-profile/Jordan%20Espinosa/66254/,Jordan Espinosa,http://www.sherdog.com/fighter/Jordan-Espinosa-64942
/fighter-profile/Naoki%20Inoue/127472/,Naoki Inoue,http://www.sherdog.com/fighter/Naoki-Inoue-158487
/fighter-profile/Matt%20Rizzo/88331/,Matt Rizzo,http://www.sherdog.com/fighter/Matt-Rizzo-86252
/fighter-profile/Kyoji%20Horiguchi/65742/,Kyoji Horiguchi,http://www.sherdog.com/fighter/Kyoji-Horiguchi-64413
/fighter-profile/Christopher%20Mario%20Beal/54079/,Christopher Mario Beal,http://www.sherdog.com/fighter/Christopher-Mario-Beal-53369
/fighter-profile/Zhikui%20Yao/108837/,Zhikui Yao,http://www.sherdog.com/fighter/Zhikui-Yao-122383
/fighter-profile/Renato%20Monaco%20Tosato/90132/,Renato Monaco Tosato,http://www.sherdog.com/fighter/Renato-Monaco-Tosato-88579
/fighter-profile/Jesse%20Strader/98303/,Jesse Strader,http://www.sherdog.com/fighter/Jesse-Strader-105079
/fighter-profile/Marcos%20Vinicius%20Borges/52393/,Marcos Vinicius Borges,http://www.sherdog.com/fighter/Marcos-Vinicius-Borges-51728
/fighter-profile/Carson%20Beebe/47789/,Carson Beebe,http://www.sherdog.com/fighter/Carson-Beebe-47305
/fighter-profile/Zhawupasi%20Daermisi/237921/,Zhawupasi Daermisi,http://www.sherdog.com/fighter/Zhawupasi-Daermisi-382380
/fighter-profile/Yuji%20Ephoevi-Ga/257765/,Yuji Ephoevi-Ga,http://www.sherdog.com/fighter/Yuji-EphoeviGa-403678
/fighter-profile/Rodrigo%20Vera/143907/,Rodrigo Vera,http://www.sherdog.com/fighter/Rodrigo-Vera-191425
/fighter-profile/Tatsuya%20Ando/135758/,Tatsuya Ando,http://www.sherdog.com/fighter/Tatsuya-Ando-174625
/fighter-profile/Koyomi%20Matsushima/142421/,Koyomi Matsushima,http://www.sherdog.com/fighter/Koyomi-Matsushima-188675
/fighter-profile/Jack%20Becker/86690/,Jack Becker,http://www.sherdog.com/fighter/Jack-Becker-84392
/fighter-profile/Deni%20Daffa/245962/,Deni Daffa,http://www.sherdog.com/fighter/Deni-Daffa-392764
/fighter-profile/Sang%20Won%20Kim/175829/,Sang Won Kim,http://www.sherdog.com/fighter/Sang-Won-Kim-258415
/fighter-profile/Jiahefu%20Wuziazibieke/141384/,Jiahefu Wuziazibieke,http://www.sherdog.com/fighter/Jiahefu-Wuziazibieke-186687
/fighter-profile/Keisuke%20Sasu/161707/,Keisuke Sasu,http://www.sherdog.com/fighter/Keisuke-Sasu-228117
/fighter-profile/Won%20Bin%20Ki/131783/,Won Bin Ki,http://www.sherdog.com/fighter/Won-Bin-Ki-166783
/fighter-profile/Pawan%20Maan%20Singh/103732/,Pawan Maan Singh,http://www.sherdog.com/fighter/Pawan-Maan-Singh-116081
/fighter-profile/Jinensibieke%20Asikeerbai/164955/,Jinensibieke Asikeerbai,http://www.sherdog.com/fighter/Jinensibieke-Asikeerbai-233819
/fighter-profile/John%20Teixeira/44311/,John Teixeira,http://www.sherdog.com/fighter/John-Teixeira-44311
/fighter-profile/Ariel%20Sexton/43230/,Ariel Sexton,http://www.sherdog.com/fighter/Ariel-Sexton-22447
/fighter-profile/Tateki%20Matsuda/45386/,Tateki Matsuda,http://www.sherdog.com/fighter/Tateki-Matsuda-45607
/fighter-profile/Donny%20Walker/23426/,Donny Walker,http://www.sherdog.com/fighter/Donny-Walker-11486
/fighter-profile/Joseph%20Sandoval/65219/,Joseph Sandoval,http://www.sherdog.com/fighter/Joseph-Sandoval-63897
/fighter-profile/Tyler%20Toner/25449/,Tyler Toner,http://www.sherdog.com/fighter/Tyler-Toner-13539
/fighter-profile/Malcolm%20Wellmaker/185572/,Malcolm Wellmaker,http://www.sherdog.com/fighter/Malcolm-Wellmaker-277031
/fighter-profile/Steven%20Koslow/208668/,Steven Koslow,http://www.sherdog.com/fighter/Steven-Koslow-325213
/fighter-profile/Rinya%20Nakamura/241137/,Rinya Nakamura,http://www.sherdog.com/fighter/Rinya-Nakamura-386855
/fighter-profile/Magomed%20Bibulatov/119115/,Magomed Bibulatov,http://www.sherdog.com/fighter/Magomed-Bibulatov-141553
/fighter-profile/Ashkan%20Mokhtarian/120361/,Ashkan Mokhtarian,http://www.sherdog.com/fighter/Ashkan-Mokhtarian-144015
/fighter-profile/Willie%20Gates/32763/,Willie Gates,http://www.sherdog.com/fighter/Willie-Gates-40436
/fighter-profile/Ulysses%20Gomez/16562/,Ulysses Gomez,http://www.sherdog.com/fighter/Ulysses-Gomez-30396
/fighter-profile/Victor%20Altamirano/153965/,Victor Altamirano,http://www.sherdog.com/fighter/Victor-Altamirano-212269
/fighter-profile/Askar%20Askarov/122916/,Askar Askarov,http://www.sherdog.com/fighter/Askar-Askarov-149255
/fighter-profile/Mark%20De%20La%20Rosa/124200/,Mark De La Rosa,http://www.sherdog.com/fighter/Mark-De-La-Rosa-151745
/fighter-profile/Hiromasa%20Ougikubo/36733/,Hiromasa Ougikubo,http://www.sherdog.com/fighter/Hiromasa-Ougikubo-18883
/fighter-profile/Eric%20Shelton/88460/,Eric Shelton,http://www.sherdog.com/fighter/Eric-Shelton-86414
/fighter-profile/Charlie%20Alaniz/104957/,Charlie Alaniz,http://www.sherdog.com/fighter/Charlie-Alaniz-118713
/fighter-profile/Charalampos%20Grigoriou/165712/,Charalampos Grigoriou,http://www.sherdog.com/fighter/Charalampos-Grigoriou-236255
/fighter-profile/Jeferson%20Negrini/116949/,Jeferson Negrini,http://www.sherdog.com/fighter/Jeferson-Negrini-136989
/fighter-profile/Aleksandre%20Topuria/147754/,Aleksandre Topuria,http://www.sherdog.com/fighter/Aleksandre-Topuria-199421
/fighter-profile/Roldan%20Sangcha-an/97510/,Roldan Sangcha-an,http://www.sherdog.com/fighter/Roldan-Sangchaan-103497
/fighter-profile/Alibi%20Idiris/220027/,Alibi Idiris,http://www.sherdog.com/fighter/Alibi-Idiris-350069
/fighter-profile/Luis%20Gurule/243995/,Luis Gurule,http://www.sherdog.com/fighter/Luis-Gurule-390304
/fighter-profile/Ronaldo%20Rodriguez/180534/,Ronaldo Rodriguez,http://www.sherdog.com/fighter/Ronaldo-Rodriguez-266121
/fighter-profile/Asu%20Almabayev/157381/,Asu Almabayev,http://www.sherdog.com/fighter/Asu-Almabayev-219183
/fighter-profile/Zarrukh%20Adashev/111783/,Zarrukh Adashev,http://www.sherdog.com/fighter/Zarrukh-Adashev-126877
/fighter-profile/C.J.%20Vergara/73574/,C.J. Vergara,http://www.sherdog.com/fighter/CJ-Vergara-72117
/fighter-profile/Manel%20Kape/96327/,Manel Kape,http://www.sherdog.com/fighter/Manel-Kape-101189
/fighter-profile/Jerome%20Rivera/117867/,Jerome Rivera,http://www.sherdog.com/fighter/Jerome-Rivera-139017
/fighter-profile/Lee%20Sandmeier/59155/,Lee Sandmeier,http://www.sherdog.com/fighter/Lee-Sandmeier-58271
/fighter-profile/Darren%20Uyenoyama/10663/,Darren Uyenoyama,http://www.sherdog.com/fighter/Darren-Uyenoyama-4679
/fighter-profile/Antonio%20Banuelos/2560/,Antonio Banuelos,http://www.sherdog.com/fighter/Antonio-Banuelos-2580
/fighter-profile/Shannon%20Ross/67189/,Shannon Ross,http://www.sherdog.com/fighter/Shannon-Ross-65792
/fighter-profile/Zhalgas%20Zhumagulov/137080/,Zhalgas Zhumagulov,http://www.sherdog.com/fighter/Zhalgas-Zhumagulov-176945
/fighter-profile/Mike%20Wootten/67742/,Mike Wootten,http://www.sherdog.com/fighter/Mike-Wootten-66261
/fighter-profile/Caolan%20Loughran/175252/,Caolan Loughran,http://www.sherdog.com/fighter/Caolan-Loughran-250567
/fighter-profile/Mitch%20Raposo/186263/,Mitch Raposo,http://www.sherdog.com/fighter/Mitch-Raposo-278793
/fighter-profile/Vince%20Murdock/106636/,Vince Murdock,http://www.sherdog.com/fighter/Vince-Murdock-119961
/fighter-profile/Josh%20Rettinghouse/84619/,Josh Rettinghouse,http://www.sherdog.com/fighter/Josh-Rettinghouse-82431
/fighter-profile/Keremuaili%20Maimaitituoheti/161428/,Keremuaili Maimaitituoheti,http://www.sherdog.com/fighter/Keremuaili-Maimaitituoheti-227225
/fighter-profile/Cortavious%20Romious/151281/,Cortavious Romious,http://www.sherdog.com/fighter/Cortavious-Romious-206845
/fighter-profile/Rana%20Rudra%20Pratap%20Singh/197111/,Rana Rudra Pratap Singh,http://www.sherdog.com/fighter/Rana-Rudra-Pratap-Singh-300179
/fighter-profile/Geane%20Herrera/81384/,Geane Herrera,http://www.sherdog.com/fighter/Geane-Herrera-79290
/fighter-profile/Jenel%20Lausa/88225/,Jenel Lausa,http://www.sherdog.com/fighter/Jenel-Lausa-86123
/fighter-profile/Roberto%20Sanchez/85502/,Roberto Sanchez,http://www.sherdog.com/fighter/Roberto-Sanchez-83282
/fighter-profile/Shuya%20Kamikubo/136672/,Shuya Kamikubo,http://www.sherdog.com/fighter/Shuya-Kamikubo-176663
/fighter-profile/Amir%20Albazi/51999/,Amir Albazi,http://www.sherdog.com/fighter/Amir-Albazi-51365
/fighter-profile/Elias%20Garcia/72582/,Elias Garcia,http://www.sherdog.com/fighter/Elias-Garcia-71080
/fighter-profile/Shane%20Howell/38702/,Shane Howell,http://www.sherdog.com/fighter/Shane-Howell-20906
/fighter-profile/Felipe%20Bunes/116423/,Felipe Bunes,http://www.sherdog.com/fighter/Felipe-Bunes-135973
/fighter-profile/Hecher%20Sosa/165903/,Hecher Sosa,http://www.sherdog.com/fighter/Hecher-Sosa-236589
/fighter-profile/Hyun%20Sung%20Park/192259/,Hyun Sung Park,http://www.sherdog.com/fighter/Hyun-Sung-Park-289999
/fighter-profile/David%20Dvorak/68647/,David Dvorak,http://www.sherdog.com/fighter/David-Dvorak-67185
/fighter-profile/Gustavo%20Sedorio/92622/,Gustavo Sedorio,http://www.sherdog.com/fighter/Gustavo-Sedorio-93769
/fighter-profile/Azat%20Maksum/175605/,Azat Maksum,http://www.sherdog.com/fighter/Azat-Maksum-257699
/fighter-profile/Loneer%20Kavanagh/154434/,Loneer Kavanagh,http://www.sherdog.com/fighter/Loneer-Kavanagh-213249
/fighter-profile/Tatsuro%20Taira/193867/,Tatsuro Taira,http://www.sherdog.com/fighter/Tatsuro-Taira-293975
/fighter-profile/Casey%20Dyer/44019/,Casey Dyer,http://www.sherdog.com/fighter/Casey-Dyer-44045
/fighter-profile/Angga%20Yudhatrisnamers/95873/,Angga Yudhatrisnamers,http://www.sherdog.com/fighter/Angga-Yudhatrisnamers-100295
/fighter-profile/Yudi%20Cahyadi/124405/,Yudi Cahyadi,http://www.sherdog.com/fighter/Yudi-Cahyadi-152205
/fighter-profile/Masuto%20Kawana/241995/,Masuto Kawana,http://www.sherdog.com/fighter/Masuto-Kawana-387670
/fighter-profile/Yibugele/155005/,Yibugele,http://www.sherdog.com/fighter/Yibugele-214343
/fighter-profile/Rocky%20Lee/87045/,Rocky Lee,http://www.sherdog.com/fighter/Rocky-Lee-84854
/fighter-profile/Stewart%20Nicoll/191519/,Stewart Nicoll,http://www.sherdog.com/fighter/Stewart-Nicoll-289569
/fighter-profile/Alden%20Coria/149433/,Alden Coria,http://www.sherdog.com/fighter/Alden-Coria-203015
/fighter-profile/Clayton%20Carpenter/152926/,Clayton Carpenter,http://www.sherdog.com/fighter/Clayton-Carpenter-208467
/fighter-profile/Daniel%20Barez/115258/,Daniel Barez,http://www.sherdog.com/fighter/Daniel-Barez-133743
/fighter-profile/Terrance%20Saeteurn/205179/,Terrance Saeteurn,http://www.sherdog.com/fighter/Terrance-Saeteurn-317453
/fighter-profile/Carlos%20Hernandez/134216/,Carlos Hernandez,http://www.sherdog.com/fighter/Carlos-Hernandez-171603
/fighter-profile/Peter%20Danesoe/212333/,Peter Danesoe,http://www.sherdog.com/fighter/Peter-Danesoe-332659
/fighter-profile/Thanongsaklek%20Chuwattana/157636/,Thanongsaklek Chuwattana,http://www.sherdog.com/fighter/Thanongsaklek-Chuwattana-219625
/fighter-profile/Malcolm%20Gordon/102448/,Malcolm Gordon,http://www.sherdog.com/fighter/Malcolm-Gordon-113429
/fighter-profile/Carlos%20Candelario/94436/,Carlos Candelario,http://www.sherdog.com/fighter/Carlos-Candelario-97453
/fighter-profile/Ramazonbek%20Temirov/155594/,Ramazonbek Temirov,http://www.sherdog.com/fighter/Ramazonbek-Temirov-215649
/fighter-profile/Rafael%20Estevam/148436/,Rafael Estevam,http://www.sherdog.com/fighter/Rafael-Estevam-200851
/fighter-profile/Josias%20Musasa/270527/,Josias Musasa,http://www.sherdog.com/fighter/Josias-Musasa-416801
/fighter-profile/Jose%20Torres/134214/,Jose Torres,http://www.sherdog.com/fighter/Jose-Torres-171605
/fighter-profile/Carls%20John%20de%20Tomas/147245/,Carls John de Tomas,http://www.sherdog.com/fighter/Carls-John-de-Tomas-198787
/fighter-profile/Paul%20McVeigh/12895/,Paul McVeigh,http://www.sherdog.com/fighter/Paul-McVeigh-6923
/fighter-profile/Dave%20Galera/92684/,Dave Galera,http://www.sherdog.com/fighter/Dave-Galera-93863
/fighter-profile/Jesus%20Santos%20Aguilar/149839/,Jesus Santos Aguilar,http://www.sherdog.com/fighter/Jesus-Santos-Aguilar-203965
/fighter-profile/Daniel%20Lacerda/171568/,Daniel Lacerda,http://www.sherdog.com/fighter/Daniel-Lacerda-248591
/fighter-profile/Robert%20Montiel/175561/,Robert Montiel,http://www.sherdog.com/fighter/Robert-Montiel-257629
/fighter-profile/Leandro%20Higo/66492/,Leandro Higo,http://www.sherdog.com/fighter/Leandro-Higo-65185
/fighter-profile/Franklyn%20Souza%20Santos/101562/,Franklyn Souza Santos,http://www.sherdog.com/fighter/Franklyn-Souza-Santos-111559
/fighter-profile/Jose%20Marcos%20Lima%20Santiago%20Jr./30715/,Jose Marcos Lima Santiago Jr.,http://www.sherdog.com/fighter/Jose-Marcos-Lima-Santiago-Jr-38528
/fighter-profile/Mateus%20Martins%20Vasco/99805/,Mateus Martins Vasco,http://www.sherdog.com/fighter/Mateus-Martins-Vasco-108169
/fighter-profile/Jamie%20Siraj/67267/,Jamie Siraj,http://www.sherdog.com/fighter/Jamie-Siraj-65930
/fighter-profile/Wagner%20Campos/42983/,Wagner Campos,http://www.sherdog.com/fighter/Wagner-Campos-22197
/fighter-profile/Sebastian%20Szalay/205648/,Sebastian Szalay,http://www.sherdog.com/fighter/Sebastian-Szalay-317671
/fighter-profile/Tokitaka%20Nakanishi/230396/,Tokitaka Nakanishi,http://www.sherdog.com/fighter/Tokitaka-Nakanishi-373060
/fighter-profile/Yunfeng%20Li/208989/,Yunfeng Li,http://www.sherdog.com/fighter/Yunfeng-Li-326095
/fighter-profile/Ren%20Ozaki/251105/,Ren Ozaki,http://www.sherdog.com/fighter/Ren-Ozaki-398391
/fighter-profile/Eperaim%20Ginting/198345/,Eperaim Ginting,http://www.sherdog.com/fighter/Eperaim-Ginting-302541
/fighter-profile/Keiichiro%20Nakamura/257766/,Keiichiro Nakamura,http://www.sherdog.com/fighter/Keiichiro-Nakamura-403670
/fighter-profile/Dong%20Hyun%20Seo/185605/,Dong Hyun Seo,http://www.sherdog.com/fighter/Dong-Hyun-Seo-277097
/fighter-profile/Kouya%20Kanda/192549/,Kouya Kanda,http://www.sherdog.com/fighter/Kouya-Kanda-290771
/fighter-profile/Lajin%20Ba/175235/,Lajin Ba,http://www.sherdog.com/fighter/Lajin-Ba-256587
/fighter-profile/Tatsuya%20Saika/176057/,Tatsuya Saika,http://www.sherdog.com/fighter/Tatsuya-Saika-258823
/fighter-profile/Jinnosuke%20Kashimura/226246/,Jinnosuke Kashimura,http://www.sherdog.com/fighter/Jinnosuke-Kashimura-364821
/fighter-profile/Juan%20Diaz/188467/,Juan Diaz,http://www.sherdog.com/fighter/Juan-Diaz-283661
/fighter-profile/Ethyn%20Ewing/203047/,Ethyn Ewing,http://www.sherdog.com/fighter/Ethyn-Ewing-312049
/fighter-profile/Nathan%20Fletcher/186592/,Nathan Fletcher,http://www.sherdog.com/fighter/Nathan-Fletcher-275293
/fighter-profile/Carlos%20Vera/112244/,Carlos Vera,http://www.sherdog.com/fighter/Carlos-Vera-127691
/fighter-profile/Gugun%20Gusman/114761/,Gugun Gusman,http://www.sherdog.com/fighter/Gugun-Gusman-132799
/fighter-profile/Nkazimulo%20Zulu/114108/,Nkazimulo Zulu,http://www.sherdog.com/fighter/Nkazimulo-Zulu-131543
/fighter-profile/Ronaldo%20Candido%20de%20Oliveira/113047/,Ronaldo Candido de Oliveira,http://www.sherdog.com/fighter/Ronaldo-Candido-de-Oliveira-128351
/fighter-profile/Yoni%20Sherbatov/131846/,Yoni Sherbatov,http://www.sherdog.com/fighter/Yoni-Sherbatov-166839
/fighter-profile/Denys%20Bondar/151064/,Denys Bondar,http://www.sherdog.com/fighter/Denys-Bondar-206399
/fighter-profile/Francisco%20Figueiredo/71080/,Francisco Figueiredo,http://www.sherdog.com/fighter/Francisco-Figueiredo-69484
/fighter-profile/Emil%20Hartsner/93042/,Emil Hartsner,http://www.sherdog.com/fighter/Emil-Hartsner-94575
/fighter-profile/Dustin%20Lampros/183731/,Dustin Lampros,http://www.sherdog.com/fighter/Dustin-Lampros-272621
/fighter-profile/Seung%20Guk%20Choi/190244/,Seung Guk Choi,http://www.sherdog.com/fighter/Seung-Guk-Choi-286125
/fighter-profile/Jeremia%20Siregar/186538/,Jeremia Siregar,http://www.sherdog.com/fighter/Jeremia-Siregar-279135
/fighter-profile/Juancamilo%20Ronderos/161268/,Juancamilo Ronderos,http://www.sherdog.com/fighter/Juancamilo-Ronderos-227427
/fighter-profile/Lucas%20Rocha/177745/,Lucas Rocha,http://www.sherdog.com/fighter/Lucas-Rocha-255729
/fighter-profile/Imanol%20Rodriguez/272702/,Imanol Rodriguez,http://www.sherdog.com/fighter/Imanol-Rodriguez-418935
/fighter-profile/Rangbo%20Sulang/241565/,Rangbo Sulang,http://www.sherdog.com/fighter/Rangbo-Sulang-387333
/fighter-profile/Sim%20Kai%20Xiong/141183/,Sim Kai Xiong,http://www.sherdog.com/fighter/Sim-Kai-Xiong-185977
/fighter-profile/Yuma%20Horiuchi/116890/,Yuma Horiuchi,http://www.sherdog.com/fighter/Yuma-Horiuchi-136859
/fighter-profile/Niushiyue%20Ji/178250/,Niushiyue Ji,http://www.sherdog.com/fighter/Niushiyue-Ji-257563
/fighter-profile/Mark%20Climaco/160788/,Mark Climaco,http://www.sherdog.com/fighter/Mark-Climaco-226573
/fighter-profile/Ronal%20Siahaan/222606/,Ronal Siahaan,http://www.sherdog.com/fighter/Ronal-Siahaan-356923
/fighter-profile/Maycon%20Silvan/98256/,Maycon Silvan,http://www.sherdog.com/fighter/Maycon-Silvan-104951
/fighter-profile/Kyu%20Sung%20Kim/134003/,Kyu Sung Kim,http://www.sherdog.com/fighter/Kyu-Sung-Kim-171131
/fighter-profile/Zygimantas%20Ramaska/173054/,Zygimantas Ramaska,http://www.sherdog.com/fighter/Zygimantas-Ramaska-251447
/fighter-profile/Jaime%20Alvarez/118435/,Jaime Alvarez,http://www.sherdog.com/fighter/Jaime-Alvarez-139887
/fighter-profile/Igor%20Severino/206834/,Igor Severino,http://www.sherdog.com/fighter/Igor-Severino-321087
/fighter-profile/Sumit%20Kumar/217009/,Sumit Kumar,http://www.sherdog.com/fighter/Sumit-Kumar-344165
/fighter-profile/Jilunzhou%20Qiu/176882/,Jilunzhou Qiu,http://www.sherdog.com/fighter/Jilunzhou-Qiu-257571
/fighter-profile/Rama%20Supandhi/204359/,Rama Supandhi,http://www.sherdog.com/fighter/Rama-Supandhi-315439
/fighter-profile/Jin%20Aoi/131992/,Jin Aoi,http://www.sherdog.com/fighter/Jin-Aoi-167105
/fighter-profile/Kaito%20Oda/264545/,Kaito Oda,http://www.sherdog.com/fighter/Kaito-Oda-411079
/fighter-profile/Dong%20Hun%20Choi/245606/,Dong Hun Choi,http://www.sherdog.com/fighter/Dong-Hun-Choi-390131
/fighter-profile/Billy%20Pasulatan/189049/,Billy Pasulatan,http://www.sherdog.com/fighter/Billy-Pasulatan-283189
/fighter-profile/Jung%20Hyun%20Lee/192267/,Jung Hyun Lee,http://www.sherdog.com/fighter/Jung-Hyun-Lee-289981
/fighter-profile/Shuai%20Yin/173741/,Shuai Yin,http://www.sherdog.com/fighter/Shuai-Yin-251777
/fighter-profile/Agulali/237936/,Agulali,http://www.sherdog.com/fighter/Agulali-382520
/fighter-profile/Wallen%20del%20Rosario/136522/,Wallen del Rosario,http://www.sherdog.com/fighter/Wallen-del-Rosario-176211
/fighter-profile/Gezhen%20Re/269376/,Gezhen Re,http://www.sherdog.com/fighter/Gezhen-Re-415807
/fighter-profile/Van%20Y%20Nghiem/293978/,Van Y Nghiem,http://www.sherdog.com/fighter/Van-Y-Nghiem-438266
/fighter-profile/Qinghe%20Zhang/237925/,Qinghe Zhang,http://www.sherdog.com/fighter/Qinghe-Zhang-382525
/fighter-profile/Kierandip%20Singh%20Sahota/129124/,Kierandip Singh Sahota,http://www.sherdog.com/fighter/Kierandip-Singh-Sahota-161451
/fighter-profile/Angad%20Bisht/184855/,Angad Bisht,http://www.sherdog.com/fighter/Angad-Bisht-274657
/fighter-profile/Aaron%20Tau/162142/,Aaron Tau,http://www.sherdog.com/fighter/Aaron-Tau-228831
/fighter-profile/Kai%20Yoshida/275283/,Kai Yoshida,http://www.sherdog.com/fighter/Kai-Yoshida-422176
/fighter-profile/Rui%20Imura/226248/,Rui Imura,http://www.sherdog.com/fighter/Rui-Imura-364819
/fighter-profile/Ruel%20Panales/244950/,Ruel Panales,http://www.sherdog.com/fighter/Ruel-Panales-391414
/fighter-profile/John%20Dave%20Almanza/213842/,John Dave Almanza,http://www.sherdog.com/fighter/John-Dave-Almanza-334483
/fighter-profile/Rio%20Tirto/207753/,Rio Tirto,http://www.sherdog.com/fighter/Rio-Tirto-323351
/fighter-profile/A.J.%20Cunningham/161593/,A.J. Cunningham,http://www.sherdog.com/fighter/AJ-Cunningham-228033
/fighter-profile/A.J.%20Fletcher/189457/,A.J. Fletcher,http://www.sherdog.com/fighter/AJ-Fletcher-284309
/fighter-profile/Alan%20Baudot/117886/,Alan Baudot,http://www.sherdog.com/fighter/Alan-Baudot-138183
/fighter-profile/Aleksandar%20Rakic/88896/,Aleksandar Rakic,http://www.sherdog.com/fighter/Aleksandar-Rakic-86829
/fighter-profile/Alex%20Nicholson/108160/,Alex Nicholson,http://www.sherdog.com/fighter/Alex-Nicholson-121077
/fighter-profile/Alex%20Perez/24370/,Alex Perez,http://www.sherdog.com/fighter/Alex-Perez-12443
/fighter-profile/Andre%20Lima/148599/,Andre Lima,http://www.sherdog.com/fighter/Andre-Lima-201199
/fighter-profile/Anthony%20Hernandez/88873/,Anthony Hernandez,http://www.sherdog.com/fighter/Anthony-Hernandez-86783
/fighter-profile/Anthony%20Ivy/130182/,Anthony Ivy,http://www.sherdog.com/fighter/Anthony-Ivy-143479
/fighter-profile/Axel%20Sola/181777/,Axel Sola,http://www.sherdog.com/fighter/Axel-Sola-269167
/fighter-profile/Billy%20Goff/188030/,Billy Goff,http://www.sherdog.com/fighter/Billy-Goff-282365
/fighter-profile/Billy%20Quarantillo/69641/,Billy Quarantillo,http://www.sherdog.com/fighter/Billy-Quarantillo-68076
/fighter-profile/Bogdan%20Grad/127739/,Bogdan Grad,http://www.sherdog.com/fighter/Bogdan-Grad-156707
/fighter-profile/Borislav%20Nikolic/162338/,Borislav Nikolic,http://www.sherdog.com/fighter/Borislav-Nikolic-229283
/fighter-profile/Brandon%20Jenkins/136906/,Brandon Jenkins,http://www.sherdog.com/fighter/Brandon-Jenkins-177205
/fighter-profile/Brandon%20Moreno/82307/,Brandon Moreno,http://www.sherdog.com/fighter/Brandon-Moreno-80173
/fighter-profile/Bruno%20Lopes/120356/,Bruno Lopes,http://www.sherdog.com/fighter/Bruno-Lopes-144007
/fighter-profile/Bryan%20Battle/172192/,Bryan Battle,http://www.sherdog.com/fighter/Bryan-Battle-249825
/fighter-profile/Ce%20Liu/279897/,Ce Liu,http://www.sherdog.com/fighter/Ce-Liu-426225
/fighter-profile/Chang%20Min%20Yoon/206842/,Chang Min Yoon,http://www.sherdog.com/fighter/Chang-Min-Yoon-321345
/fighter-profile/Charles%20Johnson/176321/,Charles Johnson,http://www.sherdog.com/fighter/Charles-Johnson-254715
/fighter-profile/Chidi%20Njokuani/5945/,Chidi Njokuani,http://www.sherdog.com/fighter/Chidi-Njokuani-25761
/fighter-profile/Chris%20Padilla/110581/,Chris Padilla,http://www.sherdog.com/fighter/Chris-Padilla-124527
/fighter-profile/Curtis%20Blaydes/134803/,Curtis Blaydes,http://www.sherdog.com/fighter/Curtis-Blaydes-172939
/fighter-profile/Dagiisuren%20Chagnaadorj/271664/,Dagiisuren Chagnaadorj,http://www.sherdog.com/fighter/Dagiisuren-Chagnaadorj-417981
/fighter-profile/Dakota%20Bush/149729/,Dakota Bush,http://www.sherdog.com/fighter/Dakota-Bush-203711
/fighter-profile/Dan%20Hooker/45026/,Dan Hooker,http://www.sherdog.com/fighter/Dan-Hooker-45122
/fighter-profile/Dan%20Ige/116900/,Dan Ige,http://www.sherdog.com/fighter/Dan-Ige-136499
/fighter-profile/Daniel%20Frunza/157677/,Daniel Frunza,http://www.sherdog.com/fighter/Daniel-Frunza-219965
/fighter-profile/Daniel%20Marcos/150410/,Daniel Marcos,http://www.sherdog.com/fighter/Daniel-Marcos-205313
/fighter-profile/Daniel%20Rodriguez/121383/,Daniel Rodriguez,http://www.sherdog.com/fighter/Daniel-Rodriguez-145945
/fighter-profile/Daniil%20Donchenko/222782/,Daniil Donchenko,http://www.sherdog.com/fighter/Daniil-Donchenko-357199
/fighter-profile/Darko%20Stosic/99540/,Darko Stosic,http://www.sherdog.com/fighter/Darko-Stosic-107757
/fighter-profile/Darren%20Elkins/42880/,Darren Elkins,http://www.sherdog.com/fighter/Darren-Elkins-22094
/fighter-profile/Darrius%20Flowers/143790/,Darrius Flowers,http://www.sherdog.com/fighter/Darrius-Flowers-191363
/fighter-profile/David%20Martinez/159878/,David Martinez,http://www.sherdog.com/fighter/David-Martinez-221351
/fighter-profile/David%20Zawada/74514/,David Zawada,http://www.sherdog.com/fighter/David-Zawada-72910
/fighter-profile/Dennis%20Buzukja/190266/,Dennis Buzukja,http://www.sherdog.com/fighter/Dennis-Buzukja-286225
/fighter-profile/Diego%20Ferreira/6540/,Diego Ferreira,http://www.sherdog.com/fighter/Diego-Ferreira-26358
/fighter-profile/Diyar%20Nurgozhay/184408/,Diyar Nurgozhay,http://www.sherdog.com/fighter/Diyar-Nurgozhay-274275
/fighter-profile/Djorden%20Santos/130572/,Djorden Santos,http://www.sherdog.com/fighter/Djorden-Santos-164321
/fighter-profile/Donte%20Johnson/278471/,Donte Johnson,http://www.sherdog.com/fighter/Donte-Johnson-414279
/fighter-profile/Drakkar%20Klose/86732/,Drakkar Klose,http://www.sherdog.com/fighter/Drakkar-Klose-84568
/fighter-profile/Dusko%20Todorovic/151824/,Dusko Todorovic,http://www.sherdog.com/fighter/Dusko-Todorovic-207339
/fighter-profile/Dustin%20Stoltzfus/102618/,Dustin Stoltzfus,http://www.sherdog.com/fighter/Dustin-Stoltzfus-113779
/fighter-profile/Dylan%20Budka/235431/,Dylan Budka,http://www.sherdog.com/fighter/Dylan-Budka-377018
/fighter-profile/Edgar%20Chairez/169660/,Edgar Chairez,http://www.sherdog.com/fighter/Edgar-Chairez-244721
/fighter-profile/Ednaldo%20Oliveira/26875/,Ednaldo Oliveira,http://www.sherdog.com/fighter/Ednaldo-Oliveira-14972
/fighter-profile/Edson%20Barboza/49254/,Edson Barboza,http://www.sherdog.com/fighter/Edson-Barboza-46259
/fighter-profile/Eduardo%20Henrique/147812/,Eduardo Henrique,http://www.sherdog.com/fighter/Eduardo-Henrique-199575
/fighter-profile/Enrique%20Barzola/113002/,Enrique Barzola,http://www.sherdog.com/fighter/Enrique-Barzola-129351
/fighter-profile/Eo%20Jin%20Park/245617/,Eo Jin Park,http://www.sherdog.com/fighter/Eo-Jin-Park-390120
/fighter-profile/Eric%20McConico/151290/,Eric McConico,http://www.sherdog.com/fighter/Eric-McConico-206921
/fighter-profile/Esteban%20Ribovics/155187/,Esteban Ribovics,http://www.sherdog.com/fighter/Esteban-Ribovics-214867
/fighter-profile/Fares%20Ziam/140379/,Fares Ziam,http://www.sherdog.com/fighter/Fares-Ziam-184241
/fighter-profile/Felipe%20Lima/150646/,Felipe Lima,http://www.sherdog.com/fighter/Felipe-Lima-205627
/fighter-profile/Felipe%20dos%20Santos/208248/,Felipe dos Santos,http://www.sherdog.com/fighter/Felipe-dos-Santos-324589
/fighter-profile/Francesco%20Nuzzi/160018/,Francesco Nuzzi,http://www.sherdog.com/fighter/Francesco-Nuzzi-224863
/fighter-profile/Francimar%20Barroso/26606/,Francimar Barroso,http://www.sherdog.com/fighter/Francimar-Barroso-14702
/fighter-profile/Gauge%20Young/208713/,Gauge Young,http://www.sherdog.com/fighter/Gauge-Young-325407
/fighter-profile/Gianni%20Vazquez/142425/,Gianni Vazquez,http://www.sherdog.com/fighter/Gianni-Vazquez-188217
/fighter-profile/Gilbert%20Urbina/132141/,Gilbert Urbina,http://www.sherdog.com/fighter/Gilbert-Urbina-167419
/fighter-profile/Glaico%20Franca/104614/,Glaico Franca,http://www.sherdog.com/fighter/Glaico-Franca-117927
/fighter-profile/Gregory%20Rodrigues/136842/,Gregory Rodrigues,http://www.sherdog.com/fighter/Gregory-Rodrigues-176275
/fighter-profile/Guilherme%20Pat/270953/,Guilherme Pat,http://www.sherdog.com/fighter/Guilherme-Pat-416559
/fighter-profile/Guto%20Inocente/35650/,Guto Inocente,http://www.sherdog.com/fighter/Guto-Inocente-17786
/fighter-profile/Hacran%20Dias/37610/,Hacran Dias,http://www.sherdog.com/fighter/Hacran-Dias-19789
/fighter-profile/Hector%20Santiago/305873/,Hector Santiago,http://www.sherdog.com/fighter/Hector-Santiago-453620
/fighter-profile/Henrique%20da%20Silva/136143/,Henrique da Silva,http://www.sherdog.com/fighter/Henrique-da-Silva-175493
/fighter-profile/Ian%20Garry/181716/,Ian Garry,http://www.sherdog.com/fighter/Ian-Garry-268923
/fighter-profile/Ignacio%20Bahamondes/160434/,Ignacio Bahamondes,http://www.sherdog.com/fighter/Ignacio-Bahamondes-221417
/fighter-profile/Ihor%20Potieria/142435/,Ihor Potieria,http://www.sherdog.com/fighter/Ihor-Potieria-188721
/fighter-profile/Islam%20Makhachev/78816/,Islam Makhachev,http://www.sherdog.com/fighter/Islam-Makhachev-76836
/fighter-profile/Ivan%20Erslan/148142/,Ivan Erslan,http://www.sherdog.com/fighter/Ivan-Erslan-198413
/fighter-profile/Jack%20Jenkins/161617/,Jack Jenkins,http://www.sherdog.com/fighter/Jack-Jenkins-228039
/fighter-profile/Jackson%20Mcvey/219248/,Jackson Mcvey,http://www.sherdog.com/fighter/Jackson-Mcvey-349347
/fighter-profile/Jailton%20Almeida/103055/,Jailton Almeida,http://www.sherdog.com/fighter/Jailton-Almeida-114657
/fighter-profile/Jalin%20Turner/127368/,Jalin Turner,http://www.sherdog.com/fighter/Jalin-Turner-158269
/fighter-profile/Jamall%20Emmers/86336/,Jamall Emmers,http://www.sherdog.com/fighter/Jamall-Emmers-84139
/fighter-profile/Jan%20Blachowicz/6004/,Jan Blachowicz,http://www.sherdog.com/fighter/Jan-Blachowicz-25821
/fighter-profile/Javid%20Basharat/159068/,Javid Basharat,http://www.sherdog.com/fighter/Javid-Basharat-222651
/fighter-profile/Jean%20Silva/167652/,Jean Silva,http://www.sherdog.com/fighter/Jean-Silva-239947
/fighter-profile/Jeremiah%20Wells/82286/,Jeremiah Wells,http://www.sherdog.com/fighter/Jeremiah-Wells-80157
/fighter-profile/Jieleyisi%20Baergeng/189754/,Jieleyisi Baergeng,http://www.sherdog.com/fighter/Jieleyisi-Baergeng-284119
/fighter-profile/Joel%20Alvarez/143278/,Joel Alvarez,http://www.sherdog.com/fighter/Joel-Alvarez-190201
/fighter-profile/Johnny%20Munoz%20Jr./145632/,Johnny Munoz Jr.,http://www.sherdog.com/fighter/Johnny-Munoz-Jr-195507
/fighter-profile/Jose%20Delgado/200966/,Jose Delgado,http://www.sherdog.com/fighter/Jose-Delgado-307733
/fighter-profile/Jose%20Luiz/251083/,Jose Luiz,http://www.sherdog.com/fighter/Jose-Luiz-398299
/fighter-profile/Jose%20Medina/173249/,Jose Medina,http://www.sherdog.com/fighter/Jose-Medina-251871
/fighter-profile/Joseph%20Morales/109350/,Joseph Morales,http://www.sherdog.com/fighter/Joseph-Morales-123553
/fighter-profile/Josh%20Fremd/129536/,Josh Fremd,http://www.sherdog.com/fighter/Josh-Fremd-162285
/fighter-profile/Josh%20Hill/54352/,Josh Hill,http://www.sherdog.com/fighter/Josh-Hill-53662
/fighter-profile/Kai%20Asakura/160822/,Kai Asakura,http://www.sherdog.com/fighter/Kai-Asakura-226035
/fighter-profile/Kai%20Lu/156530/,Kai Lu,http://www.sherdog.com/fighter/Kai-Lu-217317
/fighter-profile/Kaiwen%20Li/139972/,Kaiwen Li,http://www.sherdog.com/fighter/Kaiwen-Li-183217
/fighter-profile/Kaue%20Fernandes/196522/,Kaue Fernandes,http://www.sherdog.com/fighter/Kaue-Fernandes-297051
/fighter-profile/Kennedy%20Nzechukwu/155817/,Kennedy Nzechukwu,http://www.sherdog.com/fighter/Kennedy-Nzechukwu-212289
/fighter-profile/Kevin%20Borjas/179772/,Kevin Borjas,http://www.sherdog.com/fighter/Kevin-Borjas-245493
/fighter-profile/Khadis%20Ibragimov/180107/,Khadis Ibragimov,http://www.sherdog.com/fighter/Khadis-Ibragimov-265067
/fighter-profile/Kurtis%20Campbell/198507/,Kurtis Campbell,http://www.sherdog.com/fighter/Kurtis-Campbell-302831
/fighter-profile/Kuya%20Ito/110659/,Kuya Ito,http://www.sherdog.com/fighter/Kuya-Ito-124673
/fighter-profile/Kyle%20Prepolec/82738/,Kyle Prepolec,http://www.sherdog.com/fighter/Kyle-Prepolec-80613
/fighter-profile/Lawrence%20Lui/209441/,Lawrence Lui,http://www.sherdog.com/fighter/Lawrence-Lui-327003
/fighter-profile/Lerryan%20Douglas/79140/,Lerryan Douglas,http://www.sherdog.com/fighter/Lerryan-Douglas-77125
/fighter-profile/Levi%20Rodrigues/241021/,Levi Rodrigues,http://www.sherdog.com/fighter/Levi-Rodrigues-386559
/fighter-profile/Long%20Xiao/164316/,Long Xiao,http://www.sherdog.com/fighter/Long-Xiao-233007
/fighter-profile/Losene%20Keita/190722/,Losene Keita,http://www.sherdog.com/fighter/Losene-Keita-287481
/fighter-profile/Louie%20Sutherland/222907/,Louie Sutherland,http://www.sherdog.com/fighter/Louie-Sutherland-357627
/fighter-profile/Lucas%20Fernando/161454/,Lucas Fernando,http://www.sherdog.com/fighter/Lucas-Fernando-227719
/fighter-profile/Ludovit%20Klein/139941/,Ludovit Klein,http://www.sherdog.com/fighter/Ludovit-Klein-183159
/fighter-profile/Luis%20Henrique/12582/,Luis Henrique,http://www.sherdog.com/fighter/Luis-Henrique-6608
/fighter-profile/Luis%20Pena/135773/,Luis Pena,http://www.sherdog.com/fighter/Luis-Pena-174693
/fighter-profile/Mads%20Burnell/87018/,Mads Burnell,http://www.sherdog.com/fighter/Mads-Burnell-84910
/fighter-profile/Maheshate%20Hayisaer/214096/,Maheshate Hayisaer,http://www.sherdog.com/fighter/Maheshate-Hayisaer-336819
/fighter-profile/Maimaitijiang%20Yilizhati/276246/,Maimaitijiang Yilizhati,http://www.sherdog.com/fighter/Maimaitijiang-Yilizhati-422867
/fighter-profile/Makhmud%20Muradov/100625/,Makhmud Muradov,http://www.sherdog.com/fighter/Makhmud-Muradov-109565
/fighter-profile/Manoel%20Sousa/207275/,Manoel Sousa,http://www.sherdog.com/fighter/Manoel-Sousa-319559
/fighter-profile/Mansur%20Abdul-Malik/266306/,Mansur Abdul-Malik,http://www.sherdog.com/fighter/Mansur-AbdulMalik-393926
/fighter-profile/Marcin%20Tybura/89017/,Marcin Tybura,http://www.sherdog.com/fighter/Marcin-Tybura-86928
/fighter-profile/Marcio%20Barbosa/169814/,Marcio Barbosa,http://www.sherdog.com/fighter/Marcio-Barbosa-245029
/fighter-profile/Mario%20Pinto/202329/,Mario Pinto,http://www.sherdog.com/fighter/Mario-Pinto-310173
/fighter-profile/Mark%20Vologdin/202091/,Mark Vologdin,http://www.sherdog.com/fighter/Mark-Vologdin-309575
/fighter-profile/Marlon%20Moraes/17093/,Marlon Moraes,http://www.sherdog.com/fighter/Marlon-Moraes-30936
/fighter-profile/Marquel%20Mederos/198938/,Marquel Mederos,http://www.sherdog.com/fighter/Marquel-Mederos-302655
/fighter-profile/Marwan%20Rahiki/285513/,Marwan Rahiki,http://www.sherdog.com/fighter/Marwan-Rahiki-430352
/fighter-profile/Mason%20Jones/178892/,Mason Jones,http://www.sherdog.com/fighter/Mason-Jones-256311
/fighter-profile/Mateusz%20Gamrot/91147/,Mateusz Gamrot,http://www.sherdog.com/fighter/Mateusz-Gamrot-90605
/fighter-profile/Mateusz%20Rebecki/121653/,Mateusz Rebecki,http://www.sherdog.com/fighter/Mateusz-Rebecki-146417
/fighter-profile/Michael%20Graves/66290/,Michael Graves,http://www.sherdog.com/fighter/Michael-Graves-64989
/fighter-profile/Michael%20Oliveira/253591/,Michael Oliveira,http://www.sherdog.com/fighter/Michael-Oliveira-400985
/fighter-profile/Michael%20Page/91794/,Michael Page,http://www.sherdog.com/fighter/Michael-Page-91937
/fighter-profile/Mike%20Perry/136344/,Mike Perry,http://www.sherdog.com/fighter/Mike-Perry-176179
/fighter-profile/Miles%20Johns/134710/,Miles Johns,http://www.sherdog.com/fighter/Miles-Johns-172691
/fighter-profile/Modestas%20Bukauskas/124397/,Modestas Bukauskas,http://www.sherdog.com/fighter/Modestas-Bukauskas-152163
/fighter-profile/Morgan%20Charriere/141260/,Morgan Charriere,http://www.sherdog.com/fighter/Morgan-Charriere-186243
/fighter-profile/Mridul%20Saikia/182818/,Mridul Saikia,http://www.sherdog.com/fighter/Mridul-Saikia-271195
/fighter-profile/Muhammadjon%20Naimov/161906/,Muhammadjon Naimov,http://www.sherdog.com/fighter/Muhammadjon-Naimov-228381
/fighter-profile/Muslim%20Salikhov/113393/,Muslim Salikhov,http://www.sherdog.com/fighter/Muslim-Salikhov-129929
/fighter-profile/Myktybek%20Orolbai/205354/,Myktybek Orolbai,http://www.sherdog.com/fighter/Myktybek-Orolbai-316759
/fighter-profile/Namsrai%20Batbayar/256447/,Namsrai Batbayar,http://www.sherdog.com/fighter/Namsrai-Batbayar-403618
/fighter-profile/Nasrat%20Haqparast/108908/,Nasrat Haqparast,http://www.sherdog.com/fighter/Nasrat-Haqparast-122581
/fighter-profile/Nathaniel%20Wood/84581/,Nathaniel Wood,http://www.sherdog.com/fighter/Nathaniel-Wood-82395
/fighter-profile/Navajo%20Stirling/267425/,Navajo Stirling,http://www.sherdog.com/fighter/Navajo-Stirling-413272
/fighter-profile/Neil%20Magny/70874/,Neil Magny,http://www.sherdog.com/fighter/Neil-Magny-69166
/fighter-profile/Nursulton%20Ruziboev/136158/,Nursulton Ruziboev,http://www.sherdog.com/fighter/Nursulton-Ruziboev-175547
/fighter-profile/Oban%20Elliott/171081/,Oban Elliott,http://www.sherdog.com/fighter/Oban-Elliott-247601
/fighter-profile/Oumar%20Sy/202353/,Oumar Sy,http://www.sherdog.com/fighter/Oumar-Sy-310239
/fighter-profile/Patrick%20Mix/128857/,Patrick Mix,http://www.sherdog.com/fighter/Patrick-Mix-161007
/fighter-profile/Pavel%20Andrusca/239705/,Pavel Andrusca,http://www.sherdog.com/fighter/Pavel-Andrusca-384442
/fighter-profile/Punahele%20Soriano/162742/,Punahele Soriano,http://www.sherdog.com/fighter/Punahele-Soriano-230239
/fighter-profile/Qileng%20Aori/161807/,Qileng Aori,http://www.sherdog.com/fighter/Qileng-Aori-222519
/fighter-profile/Quillan%20Salkilld/197493/,Quillan Salkilld,http://www.sherdog.com/fighter/Quillan-Salkilld-300317
/fighter-profile/Rafa%20Garcia/141216/,Rafa Garcia,http://www.sherdog.com/fighter/Rafa-Garcia-186049
/fighter-profile/Rafael%20Alves/93985/,Rafael Alves,http://www.sherdog.com/fighter/Rafael-Alves-96651
/fighter-profile/Rafael%20Tobias/256157/,Rafael Tobias,http://www.sherdog.com/fighter/Rafael-Tobias-403663
/fighter-profile/Ramiz%20Brahimaj/137675/,Ramiz Brahimaj,http://www.sherdog.com/fighter/Ramiz-Brahimaj-178855
/fighter-profile/Rei%20Tsuruya/235763/,Rei Tsuruya,http://www.sherdog.com/fighter/Rei-Tsuruya-380465
/fighter-profile/Reinier%20de%20Ridder/115332/,Reinier de Ridder,http://www.sherdog.com/fighter/Reinier-de-Ridder-133677
/fighter-profile/Richie%20Miranda/187138/,Richie Miranda,http://www.sherdog.com/fighter/Richie-Miranda-280549
/fighter-profile/Robert%20Valentin/168215/,Robert Valentin,http://www.sherdog.com/fighter/Robert-Valentin-241133
/fighter-profile/Roman%20Dolidze/167861/,Roman Dolidze,http://www.sherdog.com/fighter/Roman-Dolidze-240323
/fighter-profile/Ryan%20Kuse/111283/,Ryan Kuse,http://www.sherdog.com/fighter/Ryan-Kuse-126039
/fighter-profile/Ryan%20Spann/69660/,Ryan Spann,http://www.sherdog.com/fighter/Ryan-Spann-68057
/fighter-profile/Salahdine%20Parnasse/134481/,Salahdine Parnasse,http://www.sherdog.com/fighter/Salahdine-Parnasse-172169
/fighter-profile/Sean%20Woodson/165393/,Sean Woodson,http://www.sherdog.com/fighter/Sean-Woodson-235563
/fighter-profile/Serghei%20Spivac/137889/,Serghei Spivac,http://www.sherdog.com/fighter/Serghei-Spivac-179095
/fighter-profile/Shamil%20Gaziev/212443/,Shamil Gaziev,http://www.sherdog.com/fighter/Shamil-Gaziev-313721
/fighter-profile/Stanley%20Dorsainvil/255627/,Stanley Dorsainvil,http://www.sherdog.com/fighter/Stanley-Dorsainvil-371512
/fighter-profile/Steven%20Asplund/262576/,Steven Asplund,http://www.sherdog.com/fighter/Steven-Asplund-407940
/fighter-profile/Su%20Mudaerji/161961/,Su Mudaerji,http://www.sherdog.com/fighter/Su-Mudaerji-228263
/fighter-profile/Tafon%20Nchukwi/187681/,Tafon Nchukwi,http://www.sherdog.com/fighter/Tafon-Nchukwi-282049
/fighter-profile/Thiago%20Santos/90836/,Thiago Santos,http://www.sherdog.com/fighter/Thiago-Santos-90021
/fighter-profile/Thomas%20Gantt/281627/,Thomas Gantt,http://www.sherdog.com/fighter/Thomas-Gantt-428202
/fighter-profile/Tim%20Elliott/49560/,Tim Elliott,http://www.sherdog.com/fighter/Tim-Elliott-49213
/fighter-profile/Tofiq%20Musayev/121133/,Tofiq Musayev,http://www.sherdog.com/fighter/Tofiq-Musayev-145311
/fighter-profile/Tommy%20McMillen/162343/,Tommy McMillen,http://www.sherdog.com/fighter/Tommy-McMillen-229309
/fighter-profile/Tresean%20Gore/191666/,Tresean Gore,http://www.sherdog.com/fighter/Tresean-Gore-289719
/fighter-profile/Treston%20Vines/152532/,Treston Vines,http://www.sherdog.com/fighter/Treston-Vines-209133
/fighter-profile/Trevor%20Peek/187312/,Trevor Peek,http://www.sherdog.com/fighter/Trevor-Peek-280187
/fighter-profile/Trey%20Waters/206112/,Trey Waters,http://www.sherdog.com/fighter/Trey-Waters-319103
/fighter-profile/Ty%20Cole%20Miller/224289/,Ty Cole Miller,http://www.sherdog.com/fighter/Ty-Cole-Miller-360875
/fighter-profile/Umar%20Nurmagomedov/168206/,Umar Nurmagomedov,http://www.sherdog.com/fighter/Umar-Nurmagomedov-240893
/fighter-profile/Uros%20Medic/183725/,Uros Medic,http://www.sherdog.com/fighter/Uros-Medic-272505
/fighter-profile/Valentine%20Woodburn/204471/,Valentine Woodburn,http://www.sherdog.com/fighter/Valentine-Woodburn-315963
/fighter-profile/Vicente%20Luque/67795/,Vicente Luque,http://www.sherdog.com/fighter/Vicente-Luque-66474
/fighter-profile/Vitor%20Petrino/174902/,Vitor Petrino,http://www.sherdog.com/fighter/Vitor-Petrino-255313
/fighter-profile/Vlastislav%20Cepo/211103/,Vlastislav Cepo,http://www.sherdog.com/fighter/Vlastislav-Cepo-330615
/fighter-profile/Waldo%20Cortes-Acosta/144408/,Waldo Cortes-Acosta,http://www.sherdog.com/fighter/Waldo-CortesAcosta-190909
/fighter-profile/Wataru%20Yamauchi/242938/,Wataru Yamauchi,http://www.sherdog.com/fighter/Wataru-Yamauchi-388617
/fighter-profile/Wesley%20Schultz/214812/,Wesley Schultz,http://www.sherdog.com/fighter/Wesley-Schultz-338469
/fighter-profile/Westin%20Wilson/100991/,Westin Wilson,http://www.sherdog.com/fighter/Westin-Wilson-110361
/fighter-profile/Yadier%20Del%20Valle/193588/,Yadier Del Valle,http://www.sherdog.com/fighter/Yadier-Del-Valle-293141
/fighter-profile/Yadong%20Song/97671/,Yadong Song,http://www.sherdog.com/fighter/Yadong-Song-103807
/fighter-profile/Young%20Jae%20Song/126233/,Young Jae Song,http://www.sherdog.com/fighter/Young-Jae-Song-155665
/fighter-profile/Yousri%20Belgaroui/235752/,Yousri Belgaroui,http://www.sherdog.com/fighter/Yousri-Belgaroui-380449
/fighter-profile/Zhu%20Rong/164952/,Zhu Rong,http://www.sherdog.com/fighter/Zhu-Rong-233823
